<modelglue>
	<controllers>
		<controller name="associationsecondcontroller" type="mvcamericalearns.controller.associationsecondcontroller">
			<message-listener message="getString" function="getString" />
			<!-- Create Context -->
			<message-listener message="deleteAssociationContentBlock" function="deleteAssociationContentBlock" />
			 <message-listener message="updatecontentblock" function="updatecontentblock" />
			 <message-listener message="getsaveContentBlockDetails" function="getsaveContentBlockDetails" />
			<message-listener message="checkContentsaveBlockForPanelandSubpanel" function="checkContentsaveBlockForPanelandSubpanel" />
			<message-listener message="contentSaveBlock" function="contentSaveBlock" />
			<!-- <message-listener message="getPanelDefault" function="getPanelDefault" /> -->
			<message-listener message="getAllPanelDetails" function="getAllPanelDetails" />
			<message-listener message="getAllSubPanelDetails" function="getAllSubPanelDetails" />
			<!-- Create Context End -->
			<!-- ASSNS-81 - Lucky: Code Start -->			
			<message-listener message="getPreviousPanelDetails" function="getPreviousPanelDetails" />
			<message-listener message="getPreviousPanelDetailsAjax" function="getPreviousPanelDetailsAjax" />
			<message-listener message="getAssociationDetails" function="getAssociationDetails" />
			<message-listener message="getIdentifierImportOption" function="getIdentifierImportOption" /><!--BG-194-->
			<message-listener message="getAssociationPanelDetails" function="getAssociationPanelDetails" />
			<message-listener message="getAssociationSubPanelDetails" function="getAssociationSubPanelDetails" />
			<message-listener message="getAssociationPanelDetailById" function="getAssociationPanelDetailById" />
			<message-listener message="getAssociationSubPanelDetailById" function="getAssociationSubPanelDetailById" />
			<message-listener message="getAssociationAttributesInUse" function="getAssociationAttributesInUse" />	
			<message-listener message="getStaffrollidforlockimage" function="getStaffrollidforlockimage" /><!--MV-1366-->
			<message-listener message="getAssociationAttributesNotinUse" function="getAssociationAttributesNotinUse" />	
			<message-listener message="saveassociationpanel" function="saveassociationpanel" />
			<message-listener message="saveassociationsubpanel" function="saveassociationsubpanel" />
			<message-listener message="deleteassociationpanel" function="deleteassociationpanel" />
			<message-listener message="deleteassociationsubpanel" function="deleteassociationsubpanel" />
			<message-listener message="cloneassociationpanel" function="cloneassociationpanel" />	
			<message-listener message="cloneassociationsubpanel" function="cloneassociationsubpanel" />
			<!-- Start: Export Code -->
			<message-listener message="getAssociationIdentifierSettings" function="getAssociationIdentifierSettings" />
			<message-listener message="getAssociationAttributesForExport" function="getAssociationAttributesForExport" />
			<message-listener message="getAttributeOperatorsforExport" function="getAttributeOperatorsforExport" />
			<message-listener message="getAssociationIdentifierAttributeValues" function="getAssociationIdentifierAttributeValues" />
			<message-listener message="getAssociationIdentifierAttributeValuesFilter" function="getAssociationIdentifierAttributeValuesFilter" /><!-- ASSNS-656 -->
			<message-listener message="getAssociationAssignedtoOptionValues" function="getAssociationAssignedtoOptionValues" />
			<message-listener message="getAssociationAttributeOptionValues" function="getAssociationAttributeOptionValues" />
			<message-listener message="checkIdentifiersSavedReport" function="checkIdentifiersSavedReport" />
			<message-listener message="getIdentifiersSavedReport" function="getIdentifiersSavedReport" />
			<message-listener message="saveIdentifiersReport" function="saveIdentifiersReport" />
			<message-listener message="getIdentifierReportDetails" function="getIdentifierReportDetails" />
			<message-listener message="deleteidentifierreport" function="deleteidentifierreport" />
			<message-listener message="renameidentifierreport" function="renameidentifierreport" />
			<message-listener message="getIdentifierReportAllDetails" function="getIdentifierReportAllDetails" />											
			<!-- End: Export Code -->
			<!-- Start: Import Code -->
			<message-listener message="getAssociationAttributesForImport" function="getAssociationAttributesForImport" />
			<message-listener message="saveIdentifiersTemplate" function="saveIdentifiersTemplate" />
			<message-listener message="checkIdentifierSavedTemplates" function="checkIdentifierSavedTemplates" />
			<message-listener message="getIdentifierSavedTemplates" function="getIdentifierSavedTemplates" />	
			<message-listener message="getIdentifierTemplateDetail" function="getIdentifierTemplateDetail" />	
			<message-listener message="deleteidentifiertemplate" function="deleteidentifiertemplate" />	
			<message-listener message="renameIdentifierTemplate" function="renameIdentifierTemplate" />
			<message-listener message="getIdentifierTemplateAttributes" function="getIdentifierTemplateAttributes" />
			<message-listener message="generateidentifiersexceltemplate" function="generateidentifiersexceltemplate" />		
			<message-listener message="downloadselectedidentifiertemplate" function="downloadselectedidentifiertemplate" />	
			<message-listener message="downloadattributevaluesexcelwitherrors" function="downloadattributevaluesexcelwitherrors" />	
			<message-listener message="getDuplicateVolunteerNamesdata" function="getDuplicateVolunteerNamesdata" />					
			<!-- End: Import Code -->
			<!-- Start: ASSNS-562 - Copy Dashboard Layout -->
			<message-listener message="getType3Associations" function="getType3Associations" />
			<message-listener message="copyassociationdashboardprocess" function="copyassociationdashboardprocess" />				
			<!-- End: ASSNS-562 - Copy Dashboard Layout -->
			<!-- ASSNS-81 - Lucky: Code End -->

			<!-- ASSNS-81 - YEOU: Code Start -->
			<message-listener message="updatePanelSortOrders" function="updatePanelSortOrders" />
			<message-listener message="updateSubPanelSortOrders" function="updateSubPanelSortOrders" />			
			<message-listener message="SyncSortOrders" function="SyncSortOrders" />
			<message-listener message="updateAssociationLayoutForBoth" function="updateAssociationLayoutForBoth" />			
			<message-listener message="updateAttributePositions" function="updateAttributePositions" />
			<message-listener message="getAttributeValueToEdit" function="getAttributeValueToEdit" />
			<message-listener message="updateattributevaluebyattributeid" function="updateattributevaluebyattributeid"/>
			<!-- ASSNS-81 - YEOU: Code End -->
			
			<!-- ASSNS-81 - Ritu: Code Start -->
			<message-listener message="getAssociationPanelDetailsforCreateAttribute" function="getAssociationPanelDetailsforCreateAttribute" />
			<message-listener message="getAssociationSubPanelDetailsforCreateAttribute" function="getAssociationSubPanelDetailsforCreateAttribute" />
			<message-listener message="createtype3attributeprocesspopup" function="createtype3attributeprocesspopup" />
			<message-listener message="validatetype3attributeprocesspopup" function="validatetype3attributeprocesspopup" />
			<!-- Manage Attributes -->
			<message-listener message="getAssociationListDetails" function="getAssociationListDetails" />
			<message-listener message="getAssociationAttributeDetails" function="getAssociationAttributeDetails" />
			<message-listener message="addAssociationAttribute" function="addAssociationAttribute" />
			<message-listener message="getAttributeListDetails" function="getAttributeListDetails" />
			<message-listener message="getSurveyDataForAttributeInStruct" function="getSurveyDataForAttributeInStruct" />
			<message-listener message="getAttributeNameForAssociationList" function="getAttributeNameForAssociationList" />
			<!-- Manage Attributes -->
			<!-- Edit Attribute -->
			<message-listener message="getpanelDetailsforEditAttribute" function="getpanelDetailsforEditAttribute" />
			<!-- Edit Attribute -->
			<!-- Delete Attribute -->
			<message-listener message="showdeleteAttributeMessage" function="showdeleteAttributeMessage" />
			<!-- Delete Attribute -->
			<message-listener message="editAttributeVal" function="editAttributeVal" />
			<!-- Identifier Dashboard -->
			<message-listener message="getPanelIdentifierAttributeInfo" function="getPanelIdentifierAttributeInfo" />
			<message-listener message="getPanelIdentifierDetails" function="getPanelIdentifierDetails" />
			<message-listener message="getAssociationItemAttributespanelwise" function="getAssociationItemAttributespanelwise" />
			<message-listener message="setAssociationItemAttributespanelwise" function="setAssociationItemAttributespanelwise" /><message-listener message="archiveIdentifier" function="archiveIdentifier" />
			<message-listener message="deleteIdentifier" function="deleteIdentifier" />
			<message-listener message="restoreIdentifier" function="restoreIdentifier" />
			<message-listener message="getAssociationPanelDetailsPanelWise" function="getAssociationPanelDetailsPanelWise" />
			<message-listener message="getAssociationSubPanelDetailsSubPanelWise" function="getAssociationSubPanelDetailsSubPanelWise" />
			<message-listener message="getAllAssociationAttributesInUsePanelSubPanelWise" function="getAllAssociationAttributesInUsePanelSubPanelWise" />
			<message-listener message="getassociationassigmentdataPanelWise" function="getassociationassigmentdataPanelWise" />
			<message-listener message="getType3AssociationItemPanelWise" function="getType3AssociationItemPanelWise" />
			<message-listener message="signInSlooceByIdentifier" function="signInSlooceByIdentifier" />
			<!-- Identifier Dashboard -->
			<!-- ASSNS-81 - Ritu: Code End -->
			<!-- ASSNS-81 Milli Code Start -->
			<message-listener message="getAllAssociationAttributesInUse" function="getAllAssociationAttributesInUse" />
			<message-listener message="checkifsurveydataexist" function="checkifsurveydataexist" />
			<!-- ASSNS-81 Milli Code End -->
			<!-- ASSNS-537 -->
			<message-listener message="checkIsLayoutForBoth" function="checkIsLayoutForBoth" />
			<!-- ASSNS-537 -->
			<!-- Import Attributes Deepak Code -->
			<message-listener message="mapUploadedAttributes" function="mapUploadedAttributes" />			
			<message-listener message="mapIdnAttrpreview" function="mapIdnAttrpreview" />		
			<message-listener message="clearSessionsCreatedForIdnImport" function="clearSessionsCreatedForIdnImport" />	
			<message-listener message="insertOrUpdateImportedIdentifiers" function="insertOrUpdateImportedIdentifiers" />
			<message-listener message="checkForDuplicateIdentifiers" function="checkForDuplicateIdentifiers" />
			<message-listener message="deleteweekoldIdentifierImportfiles" function="deleteweekoldIdentifierImportfiles" />
			<!-- Import Attributes Deepak Code End -->
			<!-- Import Identifer -->
			<message-listener message="validateImportedIdentifierExcel" function="validateImportedIdentifierExcel" />
			<message-listener message="getUploadedExcelData" function="getUploadedExcelData" />
			<!-- Import Identifer -->
			<!-- ASSNS - 562 -->
			<message-listener message="checkvalidationforcopydashboardlayout" function="checkvalidationforcopydashboardlayout" />
			<message-listener message="ispopupcheckvalidationforcopylayout" function="ispopupcheckvalidationforcopylayout" />
			<!-- ASSNS - 562 -->
			<!-- BG -6 -->
			<message-listener message="getAssociationAttributeDetailsWithOutAssociation" function="getAssociationAttributeDetailsWithOutAssociation" />
			<!-- BG -6 -->
			<!-- Start: BG-1 -->
			<message-listener message="getIdentifierVolunteerAssignment" function="getIdentifierVolunteerAssignment" />	
			<message-listener message="getVolunteerAssignedtoIdentifier" function="getVolunteerAssignedtoIdentifier" />					
			<!-- Start: BG-1 -->
			<!-- Start: Lucky ASSNS-635 -->
			<message-listener message="getAssociationQuantitativeAttributes" function="getAssociationQuantitativeAttributes" />
			<!-- End: Lucky ASSNS-635 -->			
			<message-listener message="getAssociationMaxFilesAttached" function="getAssociationMaxFilesAttached" /><!-- ASSNS-527 -->
			<message-listener message="checkduplicateidentifiernameforprofilepage" function="checkduplicateidentifiernameforprofilepage" /><!-- BG-99 -->
			<message-listener message="checkDeleteIdentifierExist" function="checkDeleteIdentifierExist" />
			<message-listener message="geteachprogram" function="geteachprogram" /><!-- BG-252 -->
			<message-listener message="getAllIdentifires" function="getAllIdentifires" /><!-- BG-252 -->
			<message-listener message="identifireMergeAndDelete" function="identifireMergeAndDelete" /><!-- BG-252 -->
			<message-listener message="UpdateFieldName" function="UpdateFieldName" /><!--BG-244-SC-->
			<message-listener message="importEnableSmsPopUpForIdentifier" function="importEnableSmsPopUpForIdentifier" />
			<message-listener message="signInImportIdentifier" function="signInImportIdentifier" />
			<message-listener message="getrolelistforstaffaccess" function="getrolelistforstaffaccess" />
			<message-listener message="getRequiredValForType3" function="getRequiredValForType3" /><!--MV-1580:MN-->
			
			<!-- Start: BG-475 Export Optimization -->
			<message-listener message="getAssociationIdentifierSelectedAttributeValues" function="getAssociationIdentifierSelectedAttributeValues" />
			<!-- End: BG-475 Export Optimization -->
                        <!-- dhreeti:BG-577 start -->
			<message-listener message="checkDriverfieldinAssociation" function="checkDriverfieldinAssociation" />
			<message-listener message="getAllSitesForProgram" function="getAllSitesForProgram" />
			<message-listener message="getSelectedSiteAttribute" function="getSelectedSiteAttribute" />
			<message-listener message="getDriverSiteFieldinthisAssociation" function="getDriverSiteFieldinthisAssociation" />
			<message-listener message="getSitesAssignedtoAttribute" function="getSitesAssignedtoAttribute" />
			<message-listener message="getSitesAssignedToAttributeInAssociation" function="getSitesAssignedToAttributeInAssociation" />
			<message-listener message="getSitesAssignedTostaff" function="getSitesAssignedTostaff" />			
			<message-listener message="getSitesAssignedToUser" function="getSitesAssignedToUser" />			
			<message-listener message="getSiteAssignedDetails" function="getSiteAssignedDetails" /> 
			<!-- dhreeti:BG-577  end -->
		</controller>
	</controllers>
	<event-handlers>
		<!-- ASSNS-81 - Lucky: Code Start -->
		<event-handler name="association.dashboardmanager">
			<broadcasts>
				<message name="checkLogin">
					<argument name="role" value="manager,submanager" />	
					<argument name="section" value="440" /> 				
				</message>
				<message name="getUser" />
				<message name="getAssociationDetails" />
				<message name="getAssociationPanelDetailsforCreateAttribute">
					<argument name="associationid" value="0" />
				</message>
				<message name="getAssociationSubPanelDetailsforCreateAttribute">
					<argument name="associationid" value="0" />
				</message>
			</broadcasts>
			<results>
				<result name="NotLoggedIn" do="user.login" redirect="true" />
				<result name="NotAuthorized" do="user.notauthorized" redirect="true" />
				<result do="view.templateSecond" />
			</results>
			<views>
				<include name="body" template="associationsecond/dashboardmanager.cfm" />
			</views>
		</event-handler>
		<event-handler name="association.createassociationpanelwindow">
			<broadcasts>
				<message name="checkLogin">
					<argument name="role" value="manager,submanager" />
				</message>
				<message name="getUser" />
				<message name="getAssociationPanelDetails"/>
				<message name="getAssociationPanelDetailById"/>
			</broadcasts>
			<results>
				<result name="NotLoggedIn" do="user.login" redirect="true" />
				<result name="NotAuthorized" do="user.notauthorized" redirect="true" />
			</results>
			<views>
				<include name="body" template="associationsecond/createassociationpanel.cfm" />
			</views>
		</event-handler>
		<event-handler name="association.saveassociationpanel">
			<broadcasts>
				<message name="checkLogin">
					<argument name="role" value="manager,submanager" />
				</message>
				<message name="saveassociationpanel" />
			</broadcasts>
			<results>
				<result name="NotLoggedIn" do="user.login" redirect="true" />
				<result name="NotAuthorized" do="user.notauthorized" redirect="true" />				
			</results>
			<views></views>
		</event-handler>
		<event-handler name="association.createassociationsubpanelwindow">
			<broadcasts>
				<message name="checkLogin">
					<argument name="role" value="manager,submanager" />
				</message>
				<message name="getUser" />
				<message name="getAssociationPanelDetails"/>
				<message name="getAssociationSubPanelDetails"/>
				<message name="getAssociationSubPanelDetailById"/>
			</broadcasts>
			<results>
				<result name="NotLoggedIn" do="user.login" redirect="true" />
				<result name="NotAuthorized" do="user.notauthorized" redirect="true" />
			</results>
			<views>
				<include name="body" template="associationsecond/createassociationsubpanel.cfm" />
			</views>
		</event-handler>
		<event-handler name="association.saveassociationsubpanel">
			<broadcasts>
				<message name="checkLogin">
					<argument name="role" value="manager,submanager" />
				</message>
				<message name="saveassociationsubpanel" />
			</broadcasts>
			<results>
				<result name="NotLoggedIn" do="user.login" redirect="true" />
				<result name="NotAuthorized" do="user.notauthorized" redirect="true" />				
			</results>
			<views></views>
		</event-handler>
		<event-handler name="association.loadassoiationlayout">
			<broadcasts>
				<message name="checkLogin">
					<argument name="role" value="manager,submanager" />
				</message>
				<message name="getUser" />
				<message name="getAssociationPanelDetails" />
				<message name="getAssociationSubPanelDetails" />
				<message name="getAssociationAttributesInUse" />
				<message name="getAssociationAttributesNotinUse" />	
				<!--Added : SC-->
				<message name="getPreviousPanelDetails" />	
				<!--Added : SC-->	
				<!-- BG-324 Create Content Block -->
				<message name="getsaveContentBlockDetails" />	
				<message name="getStaffrollidforlockimage" />
				<!--BG-324 Create Content Block -->
			</broadcasts>
			<results>
				<result name="NotLoggedIn" do="user.login" redirect="true" />
				<result name="NotAuthorized" do="user.notauthorized" redirect="true" />
			</results>
			<views>
				<include name="body" template="associationsecond/associationlayout.cfm" />
			</views>
		</event-handler>
		<event-handler name="association.deleteassociationpanelwindow">
			<broadcasts>
				<message name="checkLogin">
					<argument name="role" value="manager,submanager" />
				</message>
				<message name="getUser" />
				<message name="getAssociationPanelDetailById"/>
				<message name="getAssociationAttributesInUse" />
			</broadcasts>
			<results>
				<result name="NotLoggedIn" do="user.login" redirect="true" />
				<result name="NotAuthorized" do="user.notauthorized" redirect="true" />
			</results>
			<views>
				<include name="body" template="associationsecond/deleteassociationpanelpopup.cfm" />
			</views>
		</event-handler>
		<event-handler name="association.deleteassociationpanel">
			<broadcasts>
				<message name="checkLogin">
					<argument name="role" value="manager,submanager" />
				</message>
				<message name="deleteassociationpanel" />
			</broadcasts>
			<results>
				<result name="NotLoggedIn" do="user.login" redirect="true" />
				<result name="NotAuthorized" do="user.notauthorized" redirect="true" />				
			</results>
			<views></views>
		</event-handler>
		<event-handler name="association.deleteassociationsubpanelwindow">
			<broadcasts>
				<message name="checkLogin">
					<argument name="role" value="manager,submanager" />
				</message>
				<message name="getUser" />
				<message name="getAssociationSubPanelDetailById"/>
				<message name="getAssociationAttributesInUse" />
			</broadcasts>
			<results>
				<result name="NotLoggedIn" do="user.login" redirect="true" />
				<result name="NotAuthorized" do="user.notauthorized" redirect="true" />
			</results>
			<views>
				<include name="body" template="associationsecond/deleteassociationsubpanelpopup.cfm" />
			</views>
		</event-handler>
		<event-handler name="association.deleteassociationsubpanel">
			<broadcasts>
				<message name="checkLogin">
					<argument name="role" value="manager,submanager" />
				</message>
				<message name="deleteassociationsubpanel" />
			</broadcasts>
			<results>
				<result name="NotLoggedIn" do="user.login" redirect="true" />
				<result name="NotAuthorized" do="user.notauthorized" redirect="true" />				
			</results>
			<views></views>
		</event-handler>
		<event-handler name="association.cloneassociationpanelwindow">
			<broadcasts>
				<message name="checkLogin">
					<argument name="role" value="manager,submanager" />
				</message>
				<message name="getUser" />
				<message name="getAssociationPanelDetails" />
				<message name="getAssociationSubPanelDetails" />				
				<message name="getAssociationPanelDetailById"/>				
			</broadcasts>
			<results>
				<result name="NotLoggedIn" do="user.login" redirect="true" />
				<result name="NotAuthorized" do="user.notauthorized" redirect="true" />
			</results>
			<views>
				<include name="body" template="associationsecond/cloneassociationpanel.cfm" />
			</views>
		</event-handler>
		<event-handler name="association.cloneassociationpanel">
			<broadcasts>
				<message name="checkLogin">
					<argument name="role" value="manager,submanager" />
				</message>
				<message name="cloneassociationpanel" />
			</broadcasts>
			<results>
				<result name="NotLoggedIn" do="user.login" redirect="true" />
				<result name="NotAuthorized" do="user.notauthorized" redirect="true" />				
			</results>
			<views></views>
		</event-handler>
		<event-handler name="association.cloneassociationsubpanelwindow">
			<broadcasts>
				<message name="checkLogin">
					<argument name="role" value="manager,submanager" />
				</message>
				<message name="getUser" />
				<message name="getAssociationPanelDetails" />
				<message name="getAssociationSubPanelDetails" />
				<message name="getAssociationSubPanelDetailById"/>
			</broadcasts>
			<results>
				<result name="NotLoggedIn" do="user.login" redirect="true" />
				<result name="NotAuthorized" do="user.notauthorized" redirect="true" />
			</results>
			<views>
				<include name="body" template="associationsecond/cloneassociationsubpanel.cfm" />
			</views>
		</event-handler>
		<event-handler name="association.importEnableSmsPopUpForIdentifier">
		  <broadcasts>
	            <message name="importEnableSmsPopUpForIdentifier" />
	          </broadcasts>
	          <views>
	            <include name="body" template="associationsecond/import/importEnableSmsPopUpForIdentifier.cfm" />
	          </views>
	        </event-handler>
			<event-handler name="association.signInImportIdentifier">
			  <broadcasts>
	            <message name="signInImportIdentifier" />
	          </broadcasts>
	        </event-handler>
		<event-handler name="association.cloneassociationsubpanel">
			<broadcasts>
				<message name="checkLogin">
					<argument name="role" value="manager,submanager" />
				</message>
				<message name="cloneassociationsubpanel" />
			</broadcasts>
			<results>
				<result name="NotLoggedIn" do="user.login" redirect="true" />
				<result name="NotAuthorized" do="user.notauthorized" redirect="true" />				
			</results>
			<views></views>
		</event-handler>
		<!-- Start: Export Code -->
		<event-handler name="association.exportassociationidentifiers">
			<broadcasts>
				<message name="checkLogin">
					<argument name="role" value="manager,submanager" />
					<argument name="section" value="436" />
				</message>							
				<message name="getUser" />
				<message name="getAssociationIdentifierSettings" />			
				<message name="getAssociationPanelDetails" />
				<message name="getAssociationSubPanelDetails" />
				<message name="getAssociationAttributesForExport" />
				<message name="getAttributeOperatorsforExport" />
				<message name="checkIdentifiersSavedReport" />									
			</broadcasts> 
			<results>
				<result name="NotLoggedIn" do="user.login" redirect="true" />
				<result name="NotAuthorized" do="user.notauthorized" redirect="true" />				
				<result do="view.templateSecond" />
			</results>
			<views>				
				<include name="body" template="associationsecond/export/exportassociationidentifiers.cfm" />
			</views>
		</event-handler>
		
		<event-handler name="association.associationidentifierattributevalues">
			<broadcasts>
				<message name="checkLogin">
					<argument name="role" value="manager,submanager" />
				</message>
				<message name="getAssociationIdentifierAttributeValues" />
			</broadcasts>
			<results>
				<result name="NotLoggedIn" do="user.login" redirect="true" />
				<result name="NotAuthorized" do="user.notauthorized" redirect="true" />				
			</results>
			<views></views>
		</event-handler>

		<!-- ASSNS-656 Starts -->
		<event-handler name="association.associationidentifierattributevaluesfilter">
			<broadcasts>
				<message name="checkLogin">
					<argument name="role" value="manager,submanager" />
				</message>
				<message name="getAssociationIdentifierAttributeValuesFilter" />
			</broadcasts>
			<results>
				<result name="NotLoggedIn" do="user.login" redirect="true" />
				<result name="NotAuthorized" do="user.notauthorized" redirect="true" />				
			</results>
			<views></views>
		</event-handler>
		<!-- ASSNS-656 Finish -->

		<event-handler name="association.attributevaluesfilterwindow">
			<broadcasts>
				<message name="checkLogin">
					<argument name="role" value="manager,submanager" />
				</message>
				<message name="getUser" />
				<message name="getAssociationAssignedtoOptionValues" />
				<message name="getAssociationAttributeOptionValues" />
				<!-- Start: Lucky ASSNS-635 -->	
				<message name="getAssociationQuantitativeAttributes" />	
				<!-- End: Lucky ASSNS-635 -->			
			</broadcasts>
			<results>
				<result name="NotLoggedIn" do="user.login" redirect="true" />
				<result name="NotAuthorized" do="user.notauthorized" redirect="true" />
			</results>
			<views>
				<include name="body" template="associationsecond/export/attributefilteroptionspopup.cfm" />
			</views>
		</event-handler>
		<event-handler name="association.saveidentifiersreport">
			<broadcasts>
				<message name="checkLogin">
					<argument name="role" value="manager,submanager" />
				</message>
				<message name="getUser" />
				<message name="saveIdentifiersReport" />				
			</broadcasts>
			<results>
				<result name="NotLoggedIn" do="user.login" redirect="true" />
				<result name="NotAuthorized" do="user.notauthorized" redirect="true" />
			</results>			
		</event-handler>
		<event-handler name="association.loadidentifierssavedreports">
			<broadcasts>
				<message name="checkLogin">
					<argument name="role" value="manager,submanager" />
				</message>
				<message name="getUser" />
				<message name="getIdentifiersSavedReport" />				
			</broadcasts>
			<results>
				<result name="NotLoggedIn" do="user.login" redirect="true" />
				<result name="NotAuthorized" do="user.notauthorized" redirect="true" />
			</results>			
		</event-handler>
		<event-handler name="association.deletereportwindow">
			<broadcasts>
				<message name="checkLogin">
					<argument name="role" value="manager,submanager" />
				</message>
				<message name="getUser" />
				<message name="getIdentifierReportDetails" />				
			</broadcasts>
			<results>
				<result name="NotLoggedIn" do="user.login" redirect="true" />
				<result name="NotAuthorized" do="user.notauthorized" redirect="true" />
			</results>
			<views>
				<include name="body" template="associationsecond/export/deletereportpopup.cfm" />
			</views>
		</event-handler>
		<event-handler name="association.deleteidentifierreport">
			<broadcasts>
				<message name="checkLogin">
					<argument name="role" value="manager,submanager" />
				</message>
				<message name="deleteidentifierreport" />
			</broadcasts>
			<results>
				<result name="NotLoggedIn" do="user.login" redirect="true" />
				<result name="NotAuthorized" do="user.notauthorized" redirect="true" />				
			</results>
			<views></views>
		</event-handler>
		<event-handler name="association.renamereportwindow">
			<broadcasts>
				<message name="checkLogin">
					<argument name="role" value="manager,submanager" />
				</message>
				<message name="getUser" />
				<message name="getIdentifierReportDetails" />				
			</broadcasts>
			<results>
				<result name="NotLoggedIn" do="user.login" redirect="true" />
				<result name="NotAuthorized" do="user.notauthorized" redirect="true" />
			</results>
			<views>
				<include name="body" template="associationsecond/export/renamereportpopup.cfm" />
			</views>
		</event-handler>
		<event-handler name="association.renameidentifierreport">
			<broadcasts>
				<message name="checkLogin">
					<argument name="role" value="manager,submanager" />
				</message>
				<message name="renameidentifierreport" />
			</broadcasts>
			<results>
				<result name="NotLoggedIn" do="user.login" redirect="true" />
				<result name="NotAuthorized" do="user.notauthorized" redirect="true" />				
			</results>
			<views></views>
		</event-handler>
		<event-handler name="association.getidentifierreportalldetails">
			<broadcasts>
				<message name="checkLogin">
					<argument name="role" value="manager,submanager" />
				</message>
				<message name="getIdentifierReportAllDetails" />
			</broadcasts>
			<results>
				<result name="NotLoggedIn" do="user.login" redirect="true" />
				<result name="NotAuthorized" do="user.notauthorized" redirect="true" />				
			</results>
			<views></views>
		</event-handler>				
		
		<!-- End: Export Code -->
		<!-- ASSNS-81 - Lucky: Code End -->

		<!-- ASSNS-81 - YEOU: Code Start -->

		<event-handler name="association.updatePanelSortOrders">
			<broadcasts>
				<message name="checkLogin">
					<argument name="role" value="manager,submanager" />
				</message>
				<message name="updatePanelSortOrders" />
			</broadcasts>
			<results>
				<result name="NotLoggedIn" do="user.login" redirect="true" />
				<result name="NotAuthorized" do="user.notauthorized" redirect="true" />
			</results>
			<views/>
		</event-handler>

		<event-handler name="association.updateSubPanelSortOrders">
			<broadcasts>
				<message name="checkLogin">
					<argument name="role" value="manager,submanager" />
				</message>
				<message name="updateSubPanelSortOrders" />
			</broadcasts>
			<results>
				<result name="NotLoggedIn" do="user.login" redirect="true" />
				<result name="NotAuthorized" do="user.notauthorized" redirect="true" />
			</results>
			<views/>
		</event-handler>
		
		<event-handler name="association.SyncSortOrders">
			<broadcasts>
				<message name="checkLogin">
					<argument name="role" value="manager,submanager" />
				</message>
				<message name="SyncSortOrders" />
			</broadcasts>
			<results>
				<result name="NotLoggedIn" do="user.login" redirect="true" />
				<result name="NotAuthorized" do="user.notauthorized" redirect="true" />
			</results>
			<views/>
		</event-handler>
		
		<event-handler name="association.updateAssociationLayoutForBoth">
			<broadcasts>
				<message name="checkLogin">
					<argument name="role" value="manager,submanager" />
				</message>
				<message name="updateAssociationLayoutForBoth" />
			</broadcasts>
			<results>
				<result name="NotLoggedIn" do="user.login" redirect="true" />
				<result name="NotAuthorized" do="user.notauthorized" redirect="true" />
			</results>
			<views/>
		</event-handler>

		<event-handler name="association.updateAttributePositions">
			<broadcasts>
				<message name="checkLogin">
					<argument name="role" value="manager,submanager" />
				</message>
				<message name="updateAttributePositions" />
			</broadcasts>
			<results>
				<result name="NotLoggedIn" do="user.login" redirect="true" />
				<result name="NotAuthorized" do="user.notauthorized" redirect="true" />
			</results>
			<views/>
		</event-handler>
		<!--Added : SC-->
			<event-handler name="association.updatePreviousPanelDetails">
			<broadcasts>
				<message name="checkLogin">
					<argument name="role" value="manager,submanager" />
				</message>
					<message name="getPreviousPanelDetailsAjax" />
			</broadcasts>
			<results>
				<result name="NotLoggedIn" do="user.login" redirect="true" />
				<result name="NotAuthorized" do="user.notauthorized" redirect="true" />
			</results>
			<views/>
		</event-handler>
		<!--Added : SC-->
		<event-handler name="association.showeditattributevaluebyattributeidpopup">
			<broadcasts>
				<message name="checkLogin">
					<argument name="role" value="manager,submanager" />
				</message>
				<message name="getAttributeValueToEdit" />
				<message name="getRequiredValForType3" /><!--MV-1580:MN-->
				<message name="getSitesAssignedTostaff" /><!--BG-577 -->
			</broadcasts>
			<results>
				<result name="NotLoggedIn" do="user.login" redirect="true" />
				<result name="NotAuthorized" do="user.notauthorized" redirect="true" />
			</results>
			<views>
				<include name="body" template="associationsecond/export/showeditattributevaluebyattributeidpopup.cfm" />
			</views>
		</event-handler>

		<event-handler name="association.updateattributevaluebyattributeid">
			<broadcasts>
				<message name="checkLogin">
					<argument name="role" value="manager,submanager" />
				</message>
				<message name="uploadAssociationFiles" /><!-- ASSNS-527 -->
				<message name="updateattributevaluebyattributeid" />
			</broadcasts>
			<results>
				<result name="NotLoggedIn" do="user.login" redirect="true" />
				<result name="NotAuthorized" do="user.notauthorized" redirect="true" />
			</results>
			<views/>
		</event-handler>

		<!-- ASSNS-81 - YEOU: Code End -->
		
		<!-- ASSNS-81 - Ritu -->
		<event-handler name="association.createtype3attributepopup">
			<broadcasts>
				<message name="checkLogin">
					<argument name="role" value="manager,submanager" />
				</message>
				<message name="getAssociationsForTypeThreeAttribute">
                    <argument name="activeonly" value="true" />
                </message>
				<!-- ASSNS-81 - RITU -->
				<message name="getAssociationPanelDetailsforCreateAttribute">
					<argument name="associationid" value="0" />
				</message>
				<message name="getAssociationSubPanelDetailsforCreateAttribute">
					<argument name="associationid" value="0" />
				</message>
				<!-- ASSNS-81 - RITU -->
				<!-- Start: CPORT-32 -->
				<message name="getAssociationIdentifierSettings" />
				<!-- End: CPORT-32 -->
				<message name="getrolelistforstaffaccess" /><!-- MV-1366 -->
				<message name="getAllSitesForProgram"/><!-- dhreeti: BG-577 -->
				<message name="getSelectedSiteAttribute"/><!-- dhreeti: BG-577 -->
				<message name="getDriverSiteFieldinthisAssociation"/><!-- BG-577 -->
			</broadcasts> 
			<results>
				<result name="NotLoggedIn" do="user.login" redirect="true" />
				<result name="NotAuthorized" do="user.notauthorized" redirect="true" /> 
			</results>
			<views>
				<include name="body" template="associationsecond/createtype3attributepopup.cfm" />
			</views>
		</event-handler>
		
		<event-handler name="association.validatetype3attributeprocesspopup">
			<broadcasts>
				<message name="checkLogin">
					<argument name="role" value="manager,submanager" />
				</message>
				<message name="validatetype3attributeprocesspopup" />				
			</broadcasts> 
			<results>
				<result name="NotLoggedIn" do="user.login" redirect="true" />
				<result name="NotAuthorized" do="user.notauthorized" redirect="true" />				
			</results>
			<views>
			<include name="body" template="associationsecond/checktype3attributename.cfm" />
		   </views>
		</event-handler>
		
		<event-handler name="association.createtype3attributeprocesspopup">
			<broadcasts>
				<message name="checkLogin">
					<argument name="role" value="manager,submanager" />
				</message>
				<message name="createtype3attributeprocesspopup" />				
			</broadcasts> 
			<results>
				<result name="NotLoggedIn" do="user.login" redirect="true" />
				<result name="NotAuthorized" do="user.notauthorized" redirect="true" />				
			</results>
		</event-handler>
		
		<event-handler name="association.manageattribute">
		   <broadcasts>
			<message name="checkLogin">
			 <argument name="role" value="manager,submanager" />
			 <argument name="section" value="437" />
			</message>
			<message name="getAssociationPanelDetailsforCreateAttribute">
					<argument name="associationid" value="0" />
			</message>
			<message name="getAssociationSubPanelDetailsforCreateAttribute">
				<argument name="associationid" value="0" />
			</message>
		   </broadcasts> 
		   <results>
			<result name="NotLoggedIn" do="user.login" redirect="true" />
			<result name="NotAuthorized" do="user.notauthorized" redirect="true" /> 
			<result do="view.templateSecond" />    
		   </results>   
		   <views>
			<include name="body" template="associationsecond/manageattribute.cfm" />
		   </views>
		</event-handler>
		
		<event-handler name="association.manageattributelist">
		   <broadcasts>
			<message name="checkLogin">
			 <argument name="role" value="manager,submanager" />
			</message>
			<message name="getAssociationListDetails" />
			<message name="getAssociationAttributeDetails" />
			<message name="getSurveyDataForAttributeInStruct" />
			<message name="getStaffrollidforlockimage" /><!--DS::MV-1606-->
		   </broadcasts> 
		   <results>
			<!--<result name="NotLoggedIn" do="user.login" redirect="true" />
			<result name="NotAuthorized" do="user.notauthorized" redirect="true" />  -->  
		   </results>   
		   <views>
			<include name="body" template="associationsecond/attributeslist.cfm" />
		   </views>
		</event-handler>
		
		<event-handler name="association.editattributelist">
			<broadcasts>
				<message name="checkLogin">
					<argument name="role" value="manager,submanager" />
				</message>
				<message name="getAssociationListDetails" />
				<message name="getAssociationAttributeDetailsWithOutAssociation" />
				<message name="getAttributeNameForAssociationList" />
			</broadcasts> 
			<results>
				<result name="NotLoggedIn" do="user.login" redirect="true" />
				<result name="NotAuthorized" do="user.notauthorized" redirect="true" />				
			</results>			
			<views>
				<include name="body" template="associationsecond/associationlist.cfm" />
			</views>
		</event-handler>
		
		<event-handler name="association.addAssociationAttribute">
			<broadcasts>
				<message name="checkLogin">
					<argument name="role" value="manager,submanager" />
				</message>
				<message name="addAssociationAttribute" />				
			</broadcasts> 
			<results>
				<result name="NotLoggedIn" do="user.login" redirect="true" />
				<result name="NotAuthorized" do="user.notauthorized" redirect="true" />
			</results>
		</event-handler>
		<!-- Edit Attribute -->
		<event-handler name="association.edittype3attributepopup">
			<broadcasts>
				<message name="checkLogin">
					<argument name="role" value="manager,submanager" />
				</message>
				<message name="getAssociationsForTypeThreeAttribute">
                    <argument name="activeonly" value="true" />
                </message>
				<message name="getattributeProgram"/>
				<message name="getattributedetails"/>
				<message name="getattributeassociations"/>
				<message name="getattributequalitativeoptions"/>
				<message name="getattributeresult"/>
				<message name="getassociationitemattributevalue"/>
				<message name="getmaxassociationitemattributevaluelength"/>
				<message name="getpanelDetailsforEditAttribute"/>
				<!--<message name="getAllSurveys"/>-->
				<message name="getAssociationPanelDetailsforCreateAttribute">
					<argument name="associationid" value="0" />
				</message>
				<message name="getAssociationSubPanelDetailsforCreateAttribute">
					<argument name="associationid" value="0" />
				</message>
				<message name="getAssociationMaxFilesAttached"/><!-- ASSNS-527 -->
				<!-- Start: CPORT-32 -->
				<message name="getAssociationIdentifierSettings" />
				<!-- End: CPORT-32 -->
				<message name="getrolelistforstaffaccess" /><!-- MV-1366 -->
				<message name="getAllSitesForProgram"/><!-- BG-577 -->
				<message name="getSitesAssignedtoAttribute"/><!-- BG-577 -->
				<message name="getSelectedSiteAttribute"/><!-- BG-577 -->
				<message name="getDriverSiteFieldinthisAssociation"/><!-- BG-577 -->
			</broadcasts> 
			<results>
				<result name="NotLoggedIn" do="user.login" redirect="true" />
				<result name="NotAuthorized" do="user.notauthorized" redirect="true" />
				<!--<result do="view.template" />-->
			</results>
			<views>
				<include name="body" template="associationsecond/edittype3attributepopup.cfm" />
			</views>
		</event-handler>

		<!-- BG-577:Start Akashagrawal -->
		<event-handler name="association.getSiteAssignedDetails">
			<broadcasts>
				<message name="checkLogin">
					<argument name="role" value="manager,volunteer,submanager" />
				</message>
				<message name="getSiteAssignedDetails" />
			</broadcasts> 
			<results>
				<result name="NotLoggedIn" do="user.login" redirect="true" />
				<result name="NotAuthorized" do="user.notauthorized" redirect="true" />					
			</results>			
			<views/>
		</event-handler>
		<!-- BG-577 End -->
		<!-- Edit Attribute -->
		<event-handler name="association.otherattributelist">
			<broadcasts>
				<message name="checkLogin">
					<argument name="role" value="manager,volunteer,submanager" />
				</message>
				<!--<message name="getCheckedAttributes"/>-->
				<message name="getAttributeListDetails" />
				<!--<message name="getAssociationAttributeDetails" />-->
			</broadcasts> 
			<results>
				<result name="NotLoggedIn" do="user.login" redirect="true" />
				<result name="NotAuthorized" do="user.notauthorized" redirect="true" />				
			</results>			
			<views>
				<include name="body" template="associationsecond/editattributesvalue.cfm" />
			</views>
		</event-handler>
		
		<event-handler name="association.editotherattributevalue">
			<broadcasts>
				<message name="checkLogin">
					<argument name="role" value="manager,volunteer,submanager" />
				</message>
				<message name="editAttributeVal" />
			</broadcasts> 
			<results>
				<result name="NotLoggedIn" do="user.login" redirect="true" />
				<result name="NotAuthorized" do="user.notauthorized" redirect="true" />				
			</results>			
		</event-handler>
		
		<event-handler name="association.ConfimationPopup">
			<views>
				<include name="body" template="associationsecond/confirmationpopupcontent.cfm" />
			</views>		
		</event-handler>
		
		<event-handler name="association.allSurveys">
			<broadcasts>
				<message name="checkLogin">
					<argument name="role" value="manager,volunteer,submanager" />
				</message>
				<message name="getAllSurveys"/>
				<message name="getattributeProgram"/>
				<message name="getattributedetails"/>
			
			</broadcasts> 
			<results>
				<result name="NotLoggedIn" do="user.login" redirect="true" />
				<result name="NotAuthorized" do="user.notauthorized" redirect="true" />				
			</results>	
			<views>
				<include name="body" template="associationsecond/customize.cfm" />
			</views>		
		</event-handler>
		
		<!--  Panel Dashboard Settings for Edit Attribute -->
		<event-handler name="association.editAttributePanelDashboard">
			<broadcasts>
				<message name="checkLogin">
					<argument name="role" value="manager,volunteer,submanager" />
				</message>
				<message name="getAssociationsForTypeThreeAttribute">
                    <argument name="activeonly" value="true" />
                </message>
				<message name="getattributedetails"/>
				<message name="getattributeassociations"/>
				<message name="getpanelDetailsforEditAttribute"/>
			</broadcasts> 
			<results>
				<result name="NotLoggedIn" do="user.login" redirect="true" />
				<result name="NotAuthorized" do="user.notauthorized" redirect="true" />				
			</results>	
			<views>
				<include name="body" template="associationsecond/editAttributePanelDashboard.cfm" />
			</views>		
		</event-handler>
		<!--Panel Dashboard Settings for Edit Attribute -->
		
		<event-handler name="association.edittype3attributeprocesspopup">
			<broadcasts>
				<message name="checkLogin">
					<argument name="role" value="manager,submanager" />					
				</message>
				<message name="createtype3attributeprocesspopup" />				
			</broadcasts> 
			<results>
				<result name="NotLoggedIn" do="user.login" redirect="true" />
				<result name="NotAuthorized" do="user.notauthorized" redirect="true" />				
			</results>
		</event-handler>
		
		<event-handler name="association.deleteAttributeMessage">
			<broadcasts>
				<message name="checkLogin">
					<argument name="role" value="manager,submanager" />
					<argument name="section" value="437" />
				</message>
				<message name="showdeleteAttributeMessage" />				
			</broadcasts> 
			<results>
				<result name="NotLoggedIn" do="user.login" redirect="true" />
				<result name="NotAuthorized" do="user.notauthorized" redirect="true" />				
			</results>
			<views>
				<include name="body" template="associationsecond/showDeleteAttributeMessage.cfm" />
			</views>
		</event-handler>
		<!-- Identifier Dashboard -->
		<event-handler name="association.editidentifierPanel">
			<broadcasts>
				<message name="checkLogin">
					<argument name="role" value="manager,submanager,volunteer" />
				</message>
				<message name="getUserList">
					<argument name="requireenrolled" value="false" />
				</message>
				<message name="getPanelIdentifierAttributeInfo" />
				<message name="getPanelIdentifierDetails" />
				<message name="getAssociationItemSettings" />

				<message name="getAssociationPanelDetailsPanelWise" />
				<message name="getAssociationSubPanelDetailsSubPanelWise" />
				<message name="getAllAssociationAttributesInUsePanelSubPanelWise" />
				<message name="getassociationassigmentdataPanelWise" />
				<message name="getType3AssociationItemPanelWise" /><!-- ASSNS-527 func updated -->
				<message name="getAssociationFileAttachments" /><!-- ASSNS-527 -->
				<message name="getRequiredValForType3" /><!--MV-1580:MN-->
				<message name="getSitesAssignedToAttributeInAssociation" /><!--BG-577 -->
				<message name="getSitesAssignedTostaff" /><!--BG-577 -->
				<message name="getSitesAssignedToUser" /><!--BG-577 -->				
			</broadcasts> 
			<results>
				<result name="NotLoggedIn" do="user.login" redirect="true" />
				<result name="NotAuthorized" do="user.notauthorized" redirect="true" />				
			</results>
			<views>
				<include name="body" template="associationsecond/editidentifierpanel.cfm" />
			</views>
		</event-handler>
		
		<event-handler name="association.saveassociationitempanelwise">
			<broadcasts>
				<message name="checkLogin">
					<!-- ATTR-19 Vishnu -->
					<argument name="role" value="manager,submanager,volunteer" />
				</message>
				<message name="checkAccess"/><!--MS-137-->
				<message name="getUserList">
					<argument name="requireenrolled" value="false" />
				</message>
				<message name="checkduplicateidentifiernameforprofilepage" /><!-- BG-99 -->
				<message name="lookupmobilenumber" /><!-- cp-14 lookup -->
				<message name="uploadAssociationFiles" /><!-- ASSNS-527 -->
				<message name="getAssociationItemAttributespanelwise" />
				<message name="setAssociationItemAttributespanelwise" />
			</broadcasts> 
			<results>
				<result name="NotLoggedIn" do="user.login" redirect="true" />
				<result name="NotAuthorized" do="user.notauthorized" redirect="true" />	
				<result name="goodtodashboard" do="dashboard.view_missioncontrol" redirect="true" append="associationitemid,associationid,openedPanels"/>
				<!--<result name="good" do="association.editassociation" redirect="true" append="associationid,viewattributes,sortBy,sortOrder,showVolunteer"/>
				<result name="bad" do="association.editassociation" redirect="true" append="associationid,viewattributes,sortBy,sortOrder,showVolunteer"/>
				<result name="duplicate" do="association.editassociation" redirect="true" append="associationid,viewattributes,sortBy,sortOrder,showVolunteer" />-->
				<!-- ATTR-19 Vishnu -->
				<!--result name="goodtodashboard" do="dashboard.view_missioncontrol" redirect="true" append="associationitemid,associationid"/>
				<result name="badtodashboard" do="dashboard.view_missioncontrol" redirect="true" append="associationitemid,associationid"/>
				<result name="duplicatetodashboard" do="dashboard.view_missioncontrol" redirect="true" append="associationitemid,associationid" />-->
			</results>
			<views/>
		</event-handler>
		
		<event-handler name="association.archiveIdentifier">
			<broadcasts>
				<message name="checkLogin">
					<argument name="role" value="manager,submanager" />
				</message>
				<message name="archiveIdentifier" />
				<message name="getAssociationItemSurveyData" />
				<message name="getassociationassigmentdata" />
				<message name="getAssociationHistoryAssignment" /><!-- BG-1 -->
				<message name="getAssociationIdentifierSettings" /><!-- BG-578: dhreeti changes -->
			</broadcasts> 
			<results>
				<result name="NotLoggedIn" do="user.login" redirect="true" />
				<result name="NotAuthorized" do="user.notauthorized" redirect="true" />		
			</results>
			<views>
				<include name="body" template="associationsecond/ArchiveRestoreIdentifier.cfm" />
			</views>
		</event-handler>
		
		<event-handler name="association.deleteIdentifier">
			<broadcasts>
				<message name="checkLogin">
					<argument name="role" value="manager,submanager" />
				</message>
				<message name="deleteIdentifier" />
			</broadcasts> 
			<results>
				<result name="NotLoggedIn" do="user.login" redirect="true" />
				<result name="NotAuthorized" do="user.notauthorized" redirect="true" />	
				<result name="gotoAssociationList" do="association.editbeneficiary" redirect="true" append="associationid"/>
		
			</results>	
		</event-handler>
		
		<event-handler name="association.CheckDeleteIdentifierExist">
			<broadcasts>
				<message name="checkLogin">
					<argument name="role" value="manager,submanager" />
				</message>
				<message name="checkDeleteIdentifierExist" />
			</broadcasts> 
		<results>
			<result name="NotLoggedIn" do="user.login" redirect="true" />
			<result name="NotAuthorized" do="user.notauthorized" redirect="true" />	
			
		</results>
		</event-handler>
		
		<event-handler name="association.restoreIdentifier">
			<broadcasts>
				<message name="checkLogin">
					<argument name="role" value="manager,submanager" />
				</message>
				<message name="restoreIdentifier" />
				<message name="getAssociationItemSurveyData" />
				<message name="getassociationassigmentdata" />
			</broadcasts> 
			<results>
				<result name="NotLoggedIn" do="user.login" redirect="true" />
				<result name="NotAuthorized" do="user.notauthorized" redirect="true" />		
			</results>
			<views>
				<include name="body" template="associationsecond/ArchiveRestoreIdentifier.cfm" />
			</views>
		</event-handler>
		<!-- Identifier Dashboard -->
		
		<event-handler name="association.createAttributePanelDashboard">
			<broadcasts>
				<message name="checkLogin">
					<argument name="role" value="manager,submanager" />
				</message>
				<message name="getAssociationPanelDetailsforCreateAttribute">
					<argument name="associationid" value="0" />
				</message>
				<message name="getAssociationSubPanelDetailsforCreateAttribute">
					<argument name="associationid" value="0" />
				</message>
				<message name="checkIsLayoutForBoth">
					<argument name="associationid" value="0" />
				</message>
			</broadcasts> 
			<results>
				<result name="NotLoggedIn" do="user.login" redirect="true" />
				<result name="NotAuthorized" do="user.notauthorized" redirect="true" />		
			</results>
			<views>
				<include name="body" template="associationsecond/createAttributePanelDashboard.cfm" />
			</views>
		</event-handler>
		<!-- ASSNS-81 - Ritu -->
		<!-- ASSNS-81 Milli Code Start -->
		
		<event-handler name="association.checkifsurveydataexist">
			<broadcasts>
				<message name="checkLogin">
					<argument name="role" value="manager,submanager" />
				</message>
				<message name="checkifsurveydataexist" />
			</broadcasts> 
			<results>
				<result name="NotLoggedIn" do="user.login" redirect="true" />
				<result name="NotAuthorized" do="user.notauthorized" redirect="true" />		
			</results>
			
		</event-handler>
		<!-- ASSNS-81 Milli Code End -->
		<!--ASSNS-559-->
		<event-handler name="association.overwritewindow">
			<broadcasts>
				<message name="checkLogin">
					<argument name="role" value="manager,submanager" />
				</message>
			</broadcasts> 
			<results>
				<result name="NotLoggedIn" do="user.login" redirect="true" />
				<result name="NotAuthorized" do="user.notauthorized" redirect="true" />		
			</results>
			<views>
				<include name="body" template="associationsecond/export/overwrite_popup.cfm" />
			</views>
		</event-handler>
		
		<!-- Lucky : Start Import Code -->
		<event-handler name="association.importassociationidentifiers">
			<broadcasts>
				<message name="checkLogin">
					<argument name="role" value="manager,submanager" />
					<argument name="section" value="435" />
				</message>
				<message name="getUser" />
				<message name="clearSessionsCreatedForIdnImport" />
				<message name="getAssociationIdentifierSettings" />			
				<message name="getAssociationPanelDetails" />
				<message name="getAssociationSubPanelDetails" />
				<message name="getAssociationAttributesForImport" />
				<message name="checkIdentifierSavedTemplates" />												
			</broadcasts> 
			<results>
				<result name="NotLoggedIn" do="user.login" redirect="true" />
				<result name="NotAuthorized" do="user.notauthorized" redirect="true" />				
				<result do="view.templateSecond" />
			</results>
			<views>				
				<include name="body" template="associationsecond/import/importassociationidentifiers.cfm" />
			</views>
		</event-handler>
		
		<event-handler name="association.saveidentifierstemplate">
			<broadcasts>
				<message name="checkLogin">
					<argument name="role" value="manager,submanager" />
				</message>
				<message name="getUser" />
				<message name="saveIdentifiersTemplate" />				
			</broadcasts>
			<results>
				<result name="NotLoggedIn" do="user.login" redirect="true" />
				<result name="NotAuthorized" do="user.notauthorized" redirect="true" />
			</results>			
		</event-handler>
		
		<event-handler name="association.loadidentifierssavedtemplates">
			<broadcasts>
				<message name="checkLogin">
					<argument name="role" value="manager,submanager" />
					<argument name="section" value="435" />
				</message>							
				<message name="getUser" />
				<message name="getIdentifierSavedTemplates" />												
			</broadcasts> 
			<results>
				<result name="NotLoggedIn" do="user.login" redirect="true" />
				<result name="NotAuthorized" do="user.notauthorized" redirect="true" />								
			</results>			
		</event-handler>
		
		<event-handler name="association.deletetemplatewindow">
			<broadcasts>
				<message name="checkLogin">
					<argument name="role" value="manager,submanager" />
					<argument name="section" value="435" />
				</message>							
				<message name="getUser" />
				<message name="getIdentifierTemplateDetail" />
			</broadcasts> 
			<results>
				<result name="NotLoggedIn" do="user.login" redirect="true" />
				<result name="NotAuthorized" do="user.notauthorized" redirect="true" />
			</results>
			<views>				
				<include name="body" template="associationsecond/import/deletetemplatepopup.cfm" />
			</views>
		</event-handler>
		
		<event-handler name="association.deleteidentifiertemplate">
			<broadcasts>
				<message name="checkLogin">
					<argument name="role" value="manager,submanager" />
					<argument name="section" value="435" />
				</message>							
				<message name="getUser" />
				<message name="deleteIdentifierTemplate" />
			</broadcasts> 
			<results>
				<result name="NotLoggedIn" do="user.login" redirect="true" />
				<result name="NotAuthorized" do="user.notauthorized" redirect="true" />
			</results>
			<views></views>
		</event-handler>
		
		<event-handler name="association.renametemplatewindow">
			<broadcasts>
				<message name="checkLogin">
					<argument name="role" value="manager,submanager" />
					<argument name="section" value="435" />
				</message>							
				<message name="getUser" />
				<message name="getIdentifierTemplateDetail" />
			</broadcasts> 
			<results>
				<result name="NotLoggedIn" do="user.login" redirect="true" />
				<result name="NotAuthorized" do="user.notauthorized" redirect="true" />
			</results>
			<views>				
				<include name="body" template="associationsecond/import/renametemplatepopup.cfm" />
			</views>
		</event-handler>
		
		<event-handler name="association.renameidentifiertemplate">
			<broadcasts>
				<message name="checkLogin">
					<argument name="role" value="manager,submanager" />
					<argument name="section" value="435" />
				</message>							
				<message name="getUser" />
				<message name="renameIdentifierTemplate" />
			</broadcasts> 
			<results>
				<result name="NotLoggedIn" do="user.login" redirect="true" />
				<result name="NotAuthorized" do="user.notauthorized" redirect="true" />
			</results>
			<views></views>
		</event-handler>
		
		<event-handler name="association.loadidentifiertemplateattributes">
			<broadcasts>
				<message name="checkLogin">
					<argument name="role" value="manager,submanager" />
					<argument name="section" value="435" />
				</message>							
				<message name="getUser" />
				<message name="getIdentifierTemplateAttributes" />
			</broadcasts> 
			<results>
				<result name="NotLoggedIn" do="user.login" redirect="true" />
				<result name="NotAuthorized" do="user.notauthorized" redirect="true" />
			</results>
			<views></views>
		</event-handler>
		
		<event-handler name="association.generateidentifierexceltemplate">
			<broadcasts>
				<message name="checkLogin">
					<argument name="role" value="manager,submanager" />
					<argument name="section" value="435" />
				</message>							
				<message name="getUser" />
				<message name="generateidentifiersexceltemplate" />
			</broadcasts> 
			<results>
				<result name="NotLoggedIn" do="user.login" redirect="true" />
				<result name="NotAuthorized" do="user.notauthorized" redirect="true" />
			</results>
			<views></views>
		</event-handler>
		
		<event-handler name="association.downloadselectedidentifiertemplate">
	          <broadcasts>
	            <message name="checkLogin">
	              <argument name="role" value="manager" />              
	            </message>
	            <message name="getUser"/>
	            <message name="downloadselectedidentifiertemplate" />
	          </broadcasts>
	        </event-handler>				
		
		<event-handler name="association.downloadselectedidentifiertemplatepage">
	          <broadcasts>
	            <message name="checkLogin">
	              <argument name="role" value="manager,submanager" />              
	            </message>
	          </broadcasts>
	          <views>
	            <include name="body" template="associationsecond/import/downloadidentifiertemplate.cfm" />
	          </views>
	     </event-handler>
		 
		<event-handler name="association.identifierimportpreview">
			<broadcasts>
			<message name="checkLogin">
				<argument name="role" value="manager,submanager" />
			</message>
				<message name="validateImportedIdentifierExcel" />
			</broadcasts>
			<results>
				<result name="NotLoggedIn" do="user.login" redirect="true" />
				<result name="NotAuthorized" do="user.notauthorized" redirect="true"/>
				<result name="Good" do="association.getUploadedExcelData" redirect="true" append="associationid"/>
				<result name="Redirect" do="association.importassociationidentifiers" redirect="true" append="associationid"/>
				<result do="view.templateSecond"/>
				<!--<result name="Bad" do="association.identifierimportvalidationfailed" redirect="true" append="associationid"/> -->
			</results>  
			<views>
				<include name="body" template="associationsecond/import/attributevalueserror.cfm" />
			</views>       
		</event-handler>
		
		<event-handler name="association.identifierimportvalidationfailed">
			<broadcasts>
			 	<!--<message name="clearSessionsCreatedForIdnImport" />-->
			</broadcasts>
			<results>
				<result do="view.templateSecond" />
			</results>
			<views>
				<include name="body" template="associationsecond/import/attributevalueserror.cfm" />
			</views>
		</event-handler>
		
		<event-handler name="association.downloadattributevaluesexcelwitherrors">
			<broadcasts>
				<message name="checkLogin">
					<argument name="role" value="manager,submanager" />				
				</message>
				<message name="downloadattributevaluesexcelwitherrors" />
			</broadcasts>
			<results>
				<result name="NotLoggedIn" do="user.login" redirect="true" />
				<result name="NotAuthorized" do="user.notauthorized" redirect="true" />
			</results>
		</event-handler>
						
		<!-- Lucky : End Import Code -->

		<!-- Deepak : Start Import mapping Code -->
		<event-handler name="association.mapattributes">
			<broadcasts>
				<message name="checkLogin">
					<argument name="role" value="manager,submanager" />
					<argument name="section" value="435" />
				</message>							
				<message name="getUser" />
				 <!-- <message name="clearSessionsCreatedForIdnImport" /> -->
				<message name="getAssociationIdentifierSettings" />			
				<message name="getAssociationPanelDetails" />
				<message name="getAssociationSubPanelDetails" />
				<message name="getAssociationAttributesForImport" />												
				<message name="mapUploadedAttributes"/>
				<message name="getAssociationDetails"/><!--MCR-174-->
				<message name="getIdentifierImportOption"/><!--BG-194-->
			</broadcasts> 
			<results>
				<result name="NotLoggedIn" do="user.login" redirect="true" />
				<result name="NotAuthorized" do="user.notauthorized" redirect="true" />
				<result name="Redirect" do="association.importassociationidentifiers" redirect="true" append="associationid"/>
				<result do="view.templateSecond" />
			</results>
			<views>				
				<include name="body" template="associationsecond/import/attributesmapping.cfm" />
			</views>
		</event-handler>

		<event-handler name="association.cancelwindow">
			<broadcasts>
				<message name="checkLogin">
					<argument name="role" value="manager,submanager" />
					<argument name="section" value="435" />
				</message>
			</broadcasts>
			<results>
				<result name="NotLoggedIn" do="user.login" redirect="true" />
				<result name="NotAuthorized" do="user.notauthorized" redirect="true" />				
			</results>
			<views>
				<include name="body" template="associationsecond/import/cancel_popup.cfm" />
			</views>
		</event-handler>

		<event-handler name="association.showAttributespreviewwindow">
          <broadcasts>
            <message name="checkLogin">
              	<argument name="role" value="manager,submanager" />
				<argument name="section" value="435" />
            </message>
          </broadcasts>
          <views>
		  		<include name="body" template="associationsecond/import/attributes_error_popup.cfm" />
          </views>
        </event-handler>

	<!-- Start  for showing excel data on preview -->
	<event-handler name="association.getUploadedExcelData">
		<broadcasts>
			<message name="checkLogin">
				<argument name="role" value="manager,submanager" />
				<argument name="section" value="435" />
			</message>
			<message name="getUploadedExcelData" />
			<message name="getAssociationDetails"/><!--MCR-174-->
		</broadcasts>
		<results>
			<result name="NotLoggedIn" do="user.login" redirect="true" />
			<result name="NotAuthorized" do="user.notauthorized" redirect="true" />	
			<result name="Redirect" do="association.importassociationidentifiers" redirect="true" append="associationid"/>
			<result do="view.templateSecond" />
		</results>
		<views>
			<include name="body" template="associationsecond/import/preview_exceldata.cfm" />
		</views>
	</event-handler>
	
	<event-handler name="association.updateidentifiersvolunteerassignment">	
		<broadcasts>
			<message name="checkLogin">
				<argument name="role" value="manager,submanager" />
				<argument name="section" value="435" />
			</message>
			<message name="getDuplicateVolunteerNamesdata" />
		</broadcasts>		
		<results>
			<result name="Redirect" do="association.importassociationidentifiers" redirect="true" append="associationid"/>
			<result do="view.templateSecond" />
		</results>
		<views>
			<include name="body" template="associationsecond/import/updateduplicatememberassignment.cfm" />
		</views>
	</event-handler>
	<!-- End  -->
	<event-handler name="association.previewMappedAttribute">
		<broadcasts>
		<message name="checkLogin">
			<argument name="role" value="manager,submanager" />
			<argument name="section" value="435" />
		</message>
		<message name="mapIdnAttrpreview"/>
		</broadcasts>
		<results>
			<result name="NotLoggedIn" do="user.login" redirect="true" />
			<result name="NotAuthorized" do="user.notauthorized" redirect="true" />
			<result name="Redirect" do="association.importassociationidentifiers" redirect="true" append="associationid"/>			
			<!--result do="view.templateSecond" /-->
		</results>
	</event-handler>

	<event-handler name="association.insertupdateidentifierfromimportedexcel">
          <broadcasts>
            <message name="checkLogin">
              <argument name="role" value="manager,submanager" />
            </message>		
			<message name="getDuplicateVolunteerNamesdata" />
			<message name="insertOrUpdateImportedIdentifiers" />           
          </broadcasts>
          <results>
            <result name="NotLoggedIn" do="user.login" redirect="true" />
            <result name="NotAuthorized" do="user.notauthorized" redirect="true" />
            <result name="Redirect" do="association.importassociationidentifiers" redirect="true" append="associationid"/>
			<result name="DuplicateMemberNames" do="association.updateidentifiersvolunteerassignment" redirect="true" append="associationid"/>
			<result do="view.templateSecond" />
          </results>
          <views>
            <include name="body" template="associationsecond/import/importedIdentifiers_confirmation.cfm" />
          </views>
        </event-handler>

		<event-handler name="association.importIdentifiers">
          <broadcasts>
            <message name="checkLogin">
              <argument name="role" value="manager,submanager" />
            </message>			
            <message name="checkForDuplicateIdentifiers" />			
          </broadcasts>
          <results>
            <result name="NotLoggedIn" do="user.login" redirect="true" />
            <result name="NotAuthorized" do="user.notauthorized" redirect="true" />
            <result name="Redirect" do="association.importassociationidentifiers" redirect="true" append="associationid"/>
			<result name="DuplicateMemberNames" do="association.updateidentifiersvolunteerassignment" redirect="true" append="associationid"/>
			<result name="NoDuplicates" do="association.insertupdateidentifierfromimportedexcel" redirect="true" />										
			<result name="ProceedWithDuplicates" do="association.insertupdateidentifierfromimportedexcel" redirect="true" /><!--BG-194+-->										
			<result do="view.templateSecond" />
          </results>
          <views>
            <!-- <include name="body" template="associationsecond/import/duplicate_identifiers.cfm" /> Commented For BG-194+ -->
          </views>
        </event-handler>

	<event-handler name="association.deleteweekoldIdentifierImportfiles">
		<broadcasts>
			<message name="deleteweekoldIdentifierImportfiles" />
		</broadcasts>
		<results/>
		<views/>
        </event-handler>
	<!-- Deepak : End Import mapping Code -->
	
	<!-- Start: Lucky - Added for ASSNS-562 - Copy Dashboard Layout-->
	<event-handler name="association.copyassociationdashboardlayout">
		<broadcasts>
			<message name="checkLogin">
				<argument name="role" value="manager,submanager" />
			</message>			
			<message name="getAssociationIdentifierSettings" />
			<message name="getType3Associations" />
			<message name="getAssociationPanelDetails" />
			<message name="getAssociationSubPanelDetails" />						
			<message name="getAssociationAttributesInUse" />				
			<message name="getsaveContentBlockDetails" />	<!--BG-350-->										
		</broadcasts> 
		<results>
			<result name="NotLoggedIn" do="user.login" redirect="true" />
			<result name="NotAuthorized" do="user.notauthorized" redirect="true" /> 
		</results>	
		<views>
			<include name="body" template="associationsecond/copyassociationdashboardlayout.cfm" />
		</views>	
	</event-handler>
	
	<event-handler name="association.copyassociationdashboardprocess">
		<broadcasts>
			<message name="checkLogin">
				<argument name="role" value="manager,submanager" />
			</message>			
			<message name="copyassociationdashboardprocess" />															
		</broadcasts> 
		<results>
			<result name="NotLoggedIn" do="user.login" redirect="true" />
			<result name="NotAuthorized" do="user.notauthorized" redirect="true" /> 
		</results>			
	</event-handler>		
	<!-- End: Lucky - Added for ASSNS-562 - Copy Dashboard Layout-->
	<!-- Ritu - ASSNS-562 -->
	<event-handler name="association.checkvalidationforcopylayout">
		<broadcasts>
			<message name="checkLogin">
				<argument name="role" value="manager,submanager" />
			</message>			
			<message name="checkvalidationforcopydashboardlayout" />												
		</broadcasts> 
		<results>
			<result name="NotLoggedIn" do="user.login" redirect="true" />
			<result name="NotAuthorized" do="user.notauthorized" redirect="true" /> 
		</results>	
		<views>
			<include name="body" template="associationsecond/copyDashboardLayoutValidation.cfm" />
		</views>
	</event-handler>
	
	<event-handler name="association.ispopupcheckvalidationforcopylayout">
		<broadcasts>
			<message name="checkLogin">
				<argument name="role" value="manager,submanager" />
			</message>			
			<message name="checkvalidationforcopydashboardlayout" />												
		</broadcasts> 
		<results>
			<result name="NotLoggedIn" do="user.login" redirect="true" />
			<result name="NotAuthorized" do="user.notauthorized" redirect="true" /> 
		</results>	
		<views>
			<include name="body" template="associationsecond/ispopupcopyDashboardLayoutValidation.cfm" />
		</views>
	</event-handler>
	<!-- Ritu - ASSNS-562 -->
	
	<!-- Start: BG-1 -->
	<event-handler name="association.checkIdentifierVolunteerAssignment">
		<broadcasts>
			<message name="checkLogin">
				<argument name="role" value="manager,submanager" />
			</message>					
			<message name="getIdentifierVolunteerAssignment" />
		</broadcasts> 
		<results>
			<result name="NotLoggedIn" do="user.login" redirect="true" />
			<result name="NotAuthorized" do="user.notauthorized" redirect="true" />		
		</results>		
	</event-handler>
	
	<event-handler name="association.archiveidentifierconfirmation">
		<broadcasts>
			<message name="checkLogin">
				<argument name="role" value="manager,submanager" />
			</message>					
			<message name="getVolunteerAssignedtoIdentifier" />
		</broadcasts> 
		<results>
			<result name="NotLoggedIn" do="user.login" redirect="true" />
			<result name="NotAuthorized" do="user.notauthorized" redirect="true" />		
		</results>
		<views>
			<include name="body" template="associationsecond/archiveidentifiervolunteerassignedpopup.cfm" />
		</views>		
	</event-handler>
	<event-handler name="association.archiveidentifierconfirmationlist">
		<broadcasts>
			<message name="checkLogin">
				<argument name="role" value="manager,submanager" />
			</message>					
			<message name="getAssociationIdentifierSettings" />
			<message name="getVolunteerAssignedtoIdentifier" />
		</broadcasts> 
		<results>
			<result name="NotLoggedIn" do="user.login" redirect="true" />
			<result name="NotAuthorized" do="user.notauthorized" redirect="true" />		
		</results>
		<views>
			<include name="body" template="associationsecond/archiveidensVolunteerassignedlistpopup.cfm" />
		</views>		
	</event-handler>
	<!-- Start: BG-1 -->
	
	<!-- ASSNS-527 Start -->
	<event-handler name="association.filedownload">
		<broadcasts>
			<message name="checkLogin">
				<argument name="role" value="manager,submanager,volunteer" />
			</message>
		</broadcasts>	
		<results>
			<result name="NotLoggedIn" do="user.login" redirect="true" />
			<result name="NotAuthorized" do="user.notauthorized" redirect="true" />
		</results>	
		<views>
			<include name="body" template="association/asso_download.cfm" /><!--Ubuntu-->
		</views>			
	</event-handler>
	<!-- ASSNS-527 end -->
	<!-- cp-14 lookup -->
	<event-handler name="association.lookupmobilenumber">
		<broadcasts>
			<message name="checkLogin">
				<argument name="role" value="manager,submanager,volunteer" />
			</message>
		</broadcasts>	
		<results>
			<result name="NotLoggedIn" do="user.login" redirect="true" />
			<result name="NotAuthorized" do="user.notauthorized" redirect="true" />
		</results>	
		<views>
			<include name="body" template="associationsecond/checkmobilelookup.cfm" />
		</views>			
	</event-handler>
	<!-- cp-14 lookup -->
	<!-- MV-764:START -->
	<event-handler name="dashboard.ajaxAttributePanelView">
		<broadcasts>
			<message name="checkLogin">
				<argument name="role" value="manager,submanager,volunteer" />
			</message>
			<message name="getIdentifierAssociation" />
			<message name="getIdentifierAttributes" />
			<message name="identifiersurveyvolunteers" />
			<message name="getassociationassigmentdata" />
			<!-- <message name="getAllSurveys"/> -->
			<!-- Lucky : Added new functions for ASSNS-81 -->
			<message name="getUser" />
			<message name="getAssociationPanelDetailById" /><!-- <message name="getAssociationPanelDetails" /> -->
			<message name="getAssociationSubPanelDetails" /><!-- <message name="getAssociationSubPanelDetailById" /> -->
			<message name="getAssociationAttributesInUse" /><!-- ASSNS-527 function updated -->
			<!-- Ritu Identifier Dashboard ASSNS-81 -->
			<message name="getAssociationItemSurveyData" />
			<!-- ASSNS-286 -->
			<message name="getAssociationHistoryAssignment" />
			<!-- ASSNS-286 -->
			<!-- Ritu Identifier Dashboard ASSNS-81 -->
			<!-- Lucky : End for ASSNS-81 -->
			<message name="getAssociationFileAttachments" /><!-- ASSNS-527 -->
			<message name="getsaveContentBlockDetails" /><!--Bg-324-->	
			<message name="getAssociationIdentifierSettings" /><!-- BG-578: dhreeti changes -->
			<message name="GetSiteAssignedtoIdentifier" /><!-- BG-577 -->
		</broadcasts> 
		<results>
			<result name="NotLoggedIn" do="user.login" redirect="true" />
			<result name="NotAuthorized" do="user.notauthorized" redirect="true" />				
		</results>
		<views>
			<include name="body" template="associationsecond/ajaxAttributePanelView.cfm" />
		</views>
	</event-handler>
	<!-- MV-764:END -->
	<!-- START : BG-252-->
	<event-handler name="associationsecond.allprogram">
			<broadcasts>
				<message name="geteachprogram"/>
			</broadcasts> 
			<views>
				<include name="body" template="associationsecond/idntifiremerge.cfm" />
			</views>		
	</event-handler>

	<event-handler name="associationsecond.allidentifiers">
			<broadcasts>
				<message name="getAllIdentifires"/>
			</broadcasts> 
			<views>
				<include name="body" template="associationsecond/idntifiremerge.cfm" />
			</views>		
	</event-handler>
	<event-handler name="associationsecond.updateanddelete">
			<broadcasts>
				<message name="identifireMergeAndDelete"/>
			</broadcasts> 
			<views>
				<include name="body" template="associationsecond/idntifiremerge.cfm" />
			</views>		
	</event-handler>
	<!-- END : BG-252 -->

	<!--BG-244-SC:Start-->
		<event-handler name="association.updateFieldName">
			<broadcasts>
				<message name="checkLogin">
					<argument name="role" value="manager,submanager" />
			 		<argument name="section" value="437" />
				</message>			
			</broadcasts> 
			<results>		
				<result name="NotLoggedIn" do="user.login" redirect="true" />
				<result name="NotAuthorized" do="user.accessdeniedwindow" redirect="true" />	
			</results>
			<views>
				<include name="body" template="associationsecond/updateFieldName.cfm" />
			</views>
		</event-handler>
		<event-handler name="association.updateDragFieldPosition">
			<broadcasts>
				<message name="checkLogin">
					<argument name="role" value="manager,submanager" />
			 		<argument name="section" value="437" />
				</message>
				<message name="UpdateFieldName" />				
			</broadcasts> 
			<results>
			<result name="NotLoggedIn" do="user.login" redirect="true" />
			<result name="NotAuthorized" do="user.accessdeniedwindow" redirect="true" />				
			</results>
		</event-handler>
		<!--BG-244-SC:Stops-->

		<!--BG-324 Content Block -->

		<event-handler name="associationsecond.createContentBlockWindow">
			<broadcasts>
				<message name="checkLogin">
					<argument name="role" value="manager,submanager" />
			 		<!-- <argument name="section" value="437" /> -->
				</message>
				<message name="getUser" /> 
				<message name="getAllPanelDetails" /> 
				<message name="getAllSubPanelDetails" />	
				<message name="getsaveContentBlockDetails" />	
			</broadcasts> 
			<results>
				<result name="NotLoggedIn" do="user.login" redirect="true" />
				<result name="NotAuthorized" do="user.notauthorized" redirect="true" />		
			</results>
			<views>
				<include name="body" template="associationsecond/createContentBlock.cfm" />
			</views>
		</event-handler>

		<event-handler name="associationsecond.contentSaveblock">
			<broadcasts>
				<message name="checkLogin">
					<argument name="role" value="manager,submanager" />
			 		<!-- <argument name="section" value="437" /> -->
				</message> 
				<message name="contentSaveBlock" />
			</broadcasts> 	
			<results>
				<result name="NotLoggedIn" do="user.login" redirect="true" />
				<result name="NotAuthorized" do="user.notauthorized" redirect="true" />		
				 <result do="association.dashboardmanager" redirect="true" append="associationid"/>	 
			</results>
		</event-handler>

		 <event-handler name="associationsecond.checkContentsaveBlockForPanelandSubpanel">
			<broadcasts>
				<message name="checkLogin">
					<argument name="role" value="manager,submanager" />
			 		<!-- <argument name="section" value="437" /> -->
				</message>
				<message name="checkContentsaveBlockForPanelandSubpanel"/>
			</broadcasts> 
			<results>
				<result name="NotLoggedIn" do="user.login" redirect="true" />
				<result name="NotAuthorized" do="user.notauthorized" redirect="true" />		
			</results>
			<views />
		</event-handler> 

		<event-handler name="associationsecond.updatecontentblock">
			<broadcasts>
				<message name="checkLogin">
					<argument name="role" value="manager,submanager" />
			 		<!-- <argument name="section" value="437" />					 -->
				</message> 
				<message name="updatecontentblock" />
			</broadcasts> 	
			<results>
				<result name="NotLoggedIn" do="user.login" redirect="true" />
				<result name="NotAuthorized" do="user.notauthorized" redirect="true" />		
				<result do="association.dashboardmanager" redirect="true" append="associationid"/>		
			</results>
		</event-handler>

		<event-handler name="associationsecond.deleteContentAssociationBlockWindow">
			<broadcasts>
				<message name="checkLogin">
					<argument name="role" value="manager,submanager" />
			 		<!-- <argument name="section" value="437" /> -->
				</message> 
			</broadcasts> 	
			<results>
				<result name="NotLoggedIn" do="user.login" redirect="true" />
				<result name="NotAuthorized" do="user.notauthorized" redirect="true" />	
			</results>
			<views>
				<include name="body" template="associationsecond/deleteContentAssociationBlockWindow.cfm" />
			</views>
		</event-handler>

		<event-handler name="associationsecond.deleteAssociationcontentblock">
			<broadcasts>
				<message name="checkLogin">
					<argument name="role" value="manager,submanager" />
			 		<!-- <argument name="section" value="437" /> -->
				</message> 
				<message name="deleteAssociationContentBlock" />
			</broadcasts> 	
			<results>
				<result name="NotLoggedIn" do="user.login" redirect="true" />
				<result name="NotAuthorized" do="user.notauthorized" redirect="true" />	
				<result do="association.dashboardmanager" redirect="true" append="associationid"/>	
			</results>
		</event-handler>
	<!--BG-324 Content Block End-->
	
	<!-- Start: BG-475 Export Optimization -->
	<event-handler name="association.getAssociationIdentifierSelectedAttributeValues">	
		<broadcasts>
			<message name="checkLogin">
				<argument name="role" value="manager,submanager" />					
			</message>
			<message name="getAssociationIdentifierSelectedAttributeValues"/>
		</broadcasts>		
	</event-handler>
	<!-- End: BG-475 Export Optimization -->

	<!-- Start: BG-577 -->
	<event-handler name="association.checkDriverfieldinAssociation">	
		<broadcasts>
			<message name="checkLogin">
				<argument name="role" value="manager,submanager" />					
			</message>
			<message name="checkDriverfieldinAssociation"/>
		</broadcasts>		
	</event-handler>
	<!-- End: BG-577 -->
	</event-handlers>
</modelglue>
