<beans>
  <!-- This is your Model-Glue configuration -->
	<bean id="modelGlueConfiguration" class="ModelGlue.unity.framework.ModelGlueConfiguration">
    <!-- Be sure to change reload to false when you go to production! -->
    <property name="reload"><value>false</value></property>
	<!-- Rescaffold is overridden by reload - if reload is false, rescaffold's setting doesn't matter -->
    <property name="rescaffold"><value>true</value></property>
    <!-- Be sure to change debug to false when you go to production! -->
    <property name="debug"><value>false</value></property>
    <property name="defaultEvent"><value>page.index</value></property>
    <property name="viewMappings"><value>/mvcamericalearns/views</value></property>
    <property name="generatedViewMapping"><value>/mvcamericalearns/views/generated</value></property>
    <property name="configurationPath"><value>/mvcamericalearns/config/ModelGlue.xml</value></property>
    <property name="scaffoldPath"><value>/mvcamericalearns/config/scaffolds/Scaffolds.xml</value></property>
    <property name="statePrecedence"><value>form</value></property>

	<!-- todo, change -->
    <property name="reloadKey"><value>init</value></property>
    <property name="reloadPassword"><value>true</value></property>

    <property name="eventValue"><value>event</value></property>
    <property name="defaultTemplate"><value>index.cfm</value></property>
    <property name="defaultExceptionHandler"><value>exception</value></property>
    <property name="defaultCacheTimeout"><value>5</value></property>
    <property name="defaultScaffolds"><value>list,edit,view,commit,delete</value></property>
  </bean>

	<bean id="config" class="ModelGlue.Bean.CommonBeans.SimpleConfig">
		<property name="config">
			<map>
				<entry key="dsn">
				<value>mesdbmvc</value>
				</entry>
				<entry key="mapping">
				<value>mvcamericalearns</value>
				</entry>
				<entry key="password">
				<value>smtpPassword</value>
				</entry>
				<entry key="sendemail">
					<value>true</value>
				</entry>
				<entry key="logemail">
					<value>true</value>
				</entry>
				<entry key="log">
					<value>mvcamericalearns</value>
				</entry>
				<entry key="techsupportemail">
					<value>arosys.test@gmail.com</value>
				</entry>
				<entry key="adminemail">
					<value>admin@americalearns.net</value>
				</entry>
				<entry key="supportemail">
					<value>arosys.test@gmail.com</value>
				</entry>		
				<entry key="configtype"><value>STAGING</value></entry>	
				<entry key="solrHost">
					<value>localhost:8080</value><!--Server Migration-->
				</entry>
				<entry key="solrPort">
					<value>8080</value>
				</entry>			
				<entry key="solrPath">
					<value>/staging_solr</value>
				</entry>	
				<entry key="environmentType">
					<value>production</value>
				</entry>												
			</map>
		</property>
	</bean>

	<bean id="answerDAO" class="mvcamericalearns.model.dao.answerdao">
		<constructor-arg name="config"><ref bean="config" /></constructor-arg>
	</bean>

	<bean id="answerGateway" class="mvcamericalearns.model.gateway.answergateway">
		<constructor-arg name="config"><ref bean="config" /></constructor-arg>
	</bean>

	<bean id="associationdao" class="mvcamericalearns.model.dao.associationdao">
		<constructor-arg name="config"><ref bean="config" /></constructor-arg>
	</bean>

	<bean id="associationGateway" class="mvcamericalearns.model.gateway.associationgateway">
		<constructor-arg name="config"><ref bean="config" /></constructor-arg>
	</bean>

	<bean id="associationService" class="mvcamericalearns.model.service.associationservice">
		<constructor-arg name="associationdao"><ref bean="associationdao" /></constructor-arg>
		<constructor-arg name="associationgateway"><ref bean="associationgateway" /></constructor-arg>
	</bean>

	<bean id="compilationDAO" class="mvcamericalearns.model.dao.compilationdao">
		<constructor-arg name="config"><ref bean="config" /></constructor-arg>
	</bean>
 
	<bean id="contentGateway" class="mvcamericalearns.model.gateway.contentgateway">
		<constructor-arg name="config"><ref bean="config" /></constructor-arg>
	</bean>

	<bean id="contentService" class="mvcamericalearns.model.service.contentservice">
		<constructor-arg name="contentgateway"><ref bean="contentgateway" /></constructor-arg>
		<constructor-arg name="faqdao"><ref bean="faqdao" /></constructor-arg>
		<constructor-arg name="usergateway"><ref bean="usergateway" /></constructor-arg>
	</bean>

	<bean id="faqDAO" class="mvcamericalearns.model.dao.faqdao">
		<constructor-arg name="config"><ref bean="config" /></constructor-arg>
	</bean>

	<bean id="headingDAO" class="mvcamericalearns.model.dao.headingdao">
		<constructor-arg name="config"><ref bean="config" /></constructor-arg>
	</bean>
 
	<bean id="headingGateway" class="mvcamericalearns.model.gateway.headinggateway">
		<constructor-arg name="config"><ref bean="config" /></constructor-arg>
	</bean>

	<bean id="resourcebundle" class="mvcamericalearns.model.resourcebundle">
		<constructor-arg name="localefolder"><value>/mvcamericalearns/includes/rb/</value></constructor-arg>
	</bean>

	<bean id="programDAO" class="mvcamericalearns.model.dao.programdao">
		<constructor-arg name="config"><ref bean="config" /></constructor-arg>
	</bean>
 
	<bean id="programGateway" class="mvcamericalearns.model.gateway.programgateway">
		<constructor-arg name="config"><ref bean="config" /></constructor-arg>
	</bean>

	<bean id="programService" class="mvcamericalearns.model.service.programservice">
		<constructor-arg name="programgateway"><ref bean="programgateway" /></constructor-arg>
		<constructor-arg name="programdao"><ref bean="programdao" /></constructor-arg>
	</bean>

	<bean id="questionDAO" class="mvcamericalearns.model.dao.questiondao">
		<constructor-arg name="config"><ref bean="config" /></constructor-arg>
	</bean>

	<bean id="solrService" class="mvcamericalearns.model.service.solrservice">
		<constructor-arg name="strategyService"><ref bean="strategyService" /></constructor-arg>
		<constructor-arg name="topicService"><ref bean="topicService" /></constructor-arg>
		<constructor-arg name="programService"><ref bean="programService" /></constructor-arg>
		<constructor-arg name="userService"><ref bean="userService" /></constructor-arg>
		<constructor-arg name="config"><ref bean="config" /></constructor-arg>
		<constructor-arg name="noisegateway"><ref bean="noisegateway" /></constructor-arg>
	</bean>
	
	<bean id="noisegateway" class="mvcamericalearns.model.gateway.noisegateway">
		<constructor-arg name="config"><ref bean="config" /></constructor-arg>
	</bean>
	
	<bean id="strategyDAO" class="mvcamericalearns.model.dao.strategydao">
		<constructor-arg name="config"><ref bean="config" /></constructor-arg>
	</bean>
 
	<bean id="strategyGateway" class="mvcamericalearns.model.gateway.strategygateway">
		<constructor-arg name="config"><ref bean="config" /></constructor-arg>
	</bean>

	<bean id="strategyService" class="mvcamericalearns.model.service.strategyservice">
		<constructor-arg name="strategygateway"><ref bean="strategygateway" /></constructor-arg>
		<constructor-arg name="strategydao"><ref bean="strategydao" /></constructor-arg>
	</bean>

	<bean id="surveyDAO" class="mvcamericalearns.model.dao.surveydao">
		<constructor-arg name="config"><ref bean="config" /></constructor-arg>
	</bean>
 
	<bean id="surveyGateway" class="mvcamericalearns.model.gateway.surveygateway">
		<constructor-arg name="config"><ref bean="config" /></constructor-arg>
	</bean>

	<bean id="surveygatewaysecond" class="mvcamericalearns.model.gateway.surveygatewaysecond">
		<constructor-arg name="config"><ref bean="config" /></constructor-arg>
	</bean>
	<bean id="surveygatewaythird" class="mvcamericalearns.model.gateway.surveygatewaythird">
		<constructor-arg name="config"><ref bean="config" /></constructor-arg>
	</bean>

	<bean id="surveyService" class="mvcamericalearns.model.service.surveyservice">
		<constructor-arg name="surveygateway"><ref bean="surveygateway" /></constructor-arg>
		<constructor-arg name="surveydao"><ref bean="surveydao" /></constructor-arg>
		<constructor-arg name="questiondao"><ref bean="questiondao" /></constructor-arg>
		<constructor-arg name="answergateway"><ref bean="answergateway" /></constructor-arg>
		<constructor-arg name="answerdao"><ref bean="answerdao" /></constructor-arg>
		<constructor-arg name="compilationdao"><ref bean="compilationdao" /></constructor-arg>
		<constructor-arg name="surveygatewaysecond"><ref bean="surveygatewaysecond" /></constructor-arg>
		<constructor-arg name="surveygatewaythird"><ref bean="surveygatewaythird" /></constructor-arg>
	</bean>

	<bean id="timesheetdao" class="mvcamericalearns.model.dao.timesheetdao">
		<constructor-arg name="config"><ref bean="config" /></constructor-arg>
	</bean>

	<bean id="timesheetGateway" class="mvcamericalearns.model.gateway.timesheetgateway">
		<constructor-arg name="config"><ref bean="config" /></constructor-arg>
	</bean>

	<bean id="timesheetService" class="mvcamericalearns.model.service.timesheetservice">
		<constructor-arg name="timesheetdao"><ref bean="timesheetdao" /></constructor-arg>
		<constructor-arg name="timesheetgateway"><ref bean="timesheetgateway" /></constructor-arg>
	</bean>
	
	<bean id="topicDAO" class="mvcamericalearns.model.dao.topicdao">
		<constructor-arg name="config"><ref bean="config" /></constructor-arg>
	</bean>
 
	<bean id="topicGateway" class="mvcamericalearns.model.gateway.topicgateway">
		<constructor-arg name="config"><ref bean="config" /></constructor-arg>
	</bean>

	<bean id="topicService" class="mvcamericalearns.model.service.topicservice">
		<constructor-arg name="topicgateway"><ref bean="topicgateway" /></constructor-arg>
		<constructor-arg name="topicdao"><ref bean="topicdao" /></constructor-arg>
		<constructor-arg name="headinggateway"><ref bean="headinggateway" /></constructor-arg>
		<constructor-arg name="headingdao"><ref bean="headingdao" /></constructor-arg>
	</bean>

	<bean id="umbrellaDAO" class="mvcamericalearns.model.dao.umbrelladao">
		<constructor-arg name="config"><ref bean="config" /></constructor-arg>
	</bean>

	<bean id="umbrellaGateway" class="mvcamericalearns.model.gateway.umbrellagateway">
		<constructor-arg name="config"><ref bean="config" /></constructor-arg>
	</bean>

	<bean id="umbrellaService" class="mvcamericalearns.model.service.umbrellaservice">
		<constructor-arg name="umbrellagateway"><ref bean="umbrellagateway" /></constructor-arg>
		<constructor-arg name="umbrelladao"><ref bean="umbrelladao" /></constructor-arg>
	</bean>

	<bean id="userDAO" class="mvcamericalearns.model.dao.userdao">
		<constructor-arg name="config"><ref bean="config" /></constructor-arg>
	</bean>

	<bean id="userGateway" class="mvcamericalearns.model.gateway.usergateway">
		<constructor-arg name="config"><ref bean="config" /></constructor-arg>
	</bean>
	<!-- MV-1867(S):Start -->
	<bean id="usersecondgateway" class="mvcamericalearns.model.gateway.usersecondgateway">
		<constructor-arg name="config"><ref bean="config" /></constructor-arg>
	</bean>
	<!-- MV-1867(S):Stops -->
	<bean id="userService" class="mvcamericalearns.model.service.userservice">
		<constructor-arg name="usergateway"><ref bean="usergateway" /></constructor-arg>
		<constructor-arg name="usersecondgateway"><ref bean="usersecondgateway" /></constructor-arg><!--1867(S)-->
		<constructor-arg name="userdao"><ref bean="userdao" /></constructor-arg>
		<constructor-arg name="programdao"><ref bean="programdao" /></constructor-arg>
		<constructor-arg name="umbrelladao"><ref bean="umbrelladao" /></constructor-arg>
	</bean>

	<bean id="questionService" class="mvcamericalearns.model.service.questionservice">
		<constructor-arg name="questiongateway"><ref bean="questiongateway" /></constructor-arg>
		<constructor-arg name="answerdao"><ref bean="answerdao" /></constructor-arg>
		<constructor-arg name="questiondao"><ref bean="questiondao" /></constructor-arg>
		<constructor-arg name="compilationdao"><ref bean="compilationdao" /></constructor-arg>
	</bean>

	<bean id="questiongateway" class="mvcamericalearns.model.gateway.questiongateway">
		<constructor-arg name="config"><ref bean="config" /></constructor-arg>
	</bean>


	<bean id="util" class="mvcamericalearns.model.util">
		<constructor-arg name="config"><ref bean="config" /></constructor-arg>
	</bean>
	
	<bean id="util2" class="mvcamericalearns.model.util2">
		<constructor-arg name="config"><ref bean="config" /></constructor-arg>
	</bean>
	
	<!-- Yeou : ASSNS-81 : START -->
	<bean id="associationSecondGateway" class="mvcamericalearns.model.gateway.associationsecondgateway">
			<constructor-arg name="config"><ref bean="config" /></constructor-arg>
	</bean>

	<bean id="associationSecondService" class="mvcamericalearns.model.service.associationsecondservice">		
		<constructor-arg name="associationsecondgateway"><ref bean="associationsecondgateway" /></constructor-arg>
	</bean>
	<!-- Yeou : ASSNS-81 : END -->

	<!-- ASSNTYPE-3-Beneficiary: Start -->
	<bean id="beneficiaryService" class="mvcamericalearns.model.service.beneficiaryservice">
		<constructor-arg name="beneficiarydao"><ref bean="beneficiarydao" /></constructor-arg>
		<constructor-arg name="beneficiarygateway"><ref bean="beneficiarygateway" /></constructor-arg>
	</bean>

	<bean id="beneficiaryGateway" class="mvcamericalearns.model.gateway.beneficiarygateway">
			<constructor-arg name="config"><ref bean="config" /></constructor-arg>
	</bean>

	<bean id="beneficiarydao" class="mvcamericalearns.model.dao.beneficiarydao">
		<constructor-arg name="config"><ref bean="config" /></constructor-arg>
	</bean>
	<!-- ASSNTYPE-3-Beneficiary: End -->
	
	<!-- Start: New Survey Export -->
	<bean id="surveyExportService" class="mvcamericalearns.model.service.surveyexportservice">		
		<constructor-arg name="surveyexportgateway"><ref bean="surveyexportgateway" /></constructor-arg>
		<constructor-arg name="associationsecondgateway"><ref bean="associationsecondgateway" /></constructor-arg>
	</bean>
	
	<bean id="surveyExportGateway" class="mvcamericalearns.model.gateway.surveyexportgateway">
		<constructor-arg name="config"><ref bean="config" /></constructor-arg>
	</bean>
	<!-- End: New Survey Export -->

	<bean id="financialdao" class="mvcamericalearns.model.dao.financialdao">
		<constructor-arg name="config"><ref bean="config" /></constructor-arg>
	</bean>

	<bean id="financialGateway" class="mvcamericalearns.model.gateway.financialgateway">
		<constructor-arg name="config"><ref bean="config" /></constructor-arg>
	</bean>

	<bean id="financialGatewaySecond" class="mvcamericalearns.model.gateway.financialgatewaysecond">
		<constructor-arg name="config"><ref bean="config" /></constructor-arg>
	</bean>

	<bean id="financialService" class="mvcamericalearns.model.service.financialservice">
		<constructor-arg name="financialdao"><ref bean="financialdao" /></constructor-arg>
		<constructor-arg name="financialgateway"><ref bean="financialgateway" /></constructor-arg>
		<constructor-arg name="financialgatewaysecond"><ref bean="financialgatewaysecond" /></constructor-arg>
	</bean>
	<!--MS-147:Start-->
	<bean id="staffGateway" class="mvcamericalearns.model.gateway.staffgateway">
		<constructor-arg name="config"><ref bean="config" /></constructor-arg>
	</bean>
	<bean id="staffService" class="mvcamericalearns.model.service.staffservice">
		<constructor-arg name="staffgateway"><ref bean="staffgateway" /></constructor-arg>
		<constructor-arg name="userdao"><ref bean="userdao" /></constructor-arg>
		<constructor-arg name="programdao"><ref bean="programdao" /></constructor-arg>
		<constructor-arg name="umbrelladao"><ref bean="umbrelladao" /></constructor-arg>
	</bean>
	<!--MS-147:Start-->
	<!-- Sitemanage-2 : Start -->
	<bean id="siteGateway" class="mvcamericalearns.model.gateway.sitegateway">
		<constructor-arg name="config"><ref bean="config" /></constructor-arg>
	</bean>
	<bean id="siteService" class="mvcamericalearns.model.service.siteservice">
		<constructor-arg name="sitegateway"><ref bean="sitegateway" /></constructor-arg>
		<constructor-arg name="userdao"><ref bean="userdao" /></constructor-arg>
		<constructor-arg name="programdao"><ref bean="programdao" /></constructor-arg>
		<constructor-arg name="umbrelladao"><ref bean="umbrelladao" /></constructor-arg>
	</bean>
	<!-- Sitemanage-2 : Start -->

	<!-- Email Logs Start -->
	<bean id="emailgateway" class="mvcamericalearns.model.gateway.emailgateway">
		<constructor-arg name="config"><ref bean="config" /></constructor-arg>
	</bean>

	<bean id="emailService" class="mvcamericalearns.model.service.emailservice">
		<constructor-arg name="emailgateway"><ref bean="emailgateway" /></constructor-arg>
	</bean>
	<!-- Email Logs Stop -->
</beans>