<modelglue>

	<controllers>
		<controller name="contentcontroller" type="mvcamericalearns.controller.contentcontroller">
			<message-listener message="faqUpdate" function="faqUpdate" />
			<message-listener message="generateEmailList" function="generateEmailList" />
			<message-listener message="getDynamicFaq" function="getDynamicFaq" />			
			<message-listener message="getFaq" function="getFaq" />
			<message-listener message="getFaqPages" function="getFaqPages" />
			<message-listener message="sendEmail" function="sendEmail" />
			<message-listener message="getAssociationListtypeonetwo" function="getAssociationListtypeonetwo" />		
			<message-listener message="getSitelist" function="getSitelist" />
			<message-listener message="getUsers" function="getUsers" />				
			<message-listener message="getAllVolunteers" function="getAllVolunteers" /><!-- Added for CP-16 -->			
			<!-- Start: Added for ADMINFUNCT-34 :email template -->	
			<message-listener message="getEmailFieldAliasDataFunction" function="getEmailFieldAliasDataFunction" />
			<message-listener message="getProgram_Email_Template" function="getProgram_Email_Template" />			
			<message-listener message="customizeEmailPreviewWindow" function="customizeEmailPreviewWindow"/>
			<message-listener message="updateEmailTemplate" function="updateEmailTemplate"/>			
			<!-- End: Added for ADMINFUNCT-34:email template  -->
			<!-- Start: CP-14 -->
			<message-listener message="validateEmailPhonebeforeSend" function="validateEmailPhonebeforeSend" />
			<message-listener message="getAssociationIdentifierEnrollSettings" function="getAssociationIdentifierEnrollSettings" />
			<!-- End: CP-14 -->	
			<message-listener message="getDefaultEmailContent" function="getDefaultEmailContent" /><!-- CP-19 -->	
		    <message-listener message="getSubmanagerActiveSites" function="getSubmanagerActiveSites" /> <!--CP-4-->
		    <message-listener message="getcommunicationportaluserstatusforsurvey" function="getcommunicationportaluserstatusforsurvey" /> <!--CP-4-->
		    <message-listener message="getIdentifiersDetailsInCommunication" function="getIdentifiersDetailsInCommunication" />
		    <message-listener message="getIdentifiersFieldDetails" function="getIdentifiersFieldDetails" />
		    <message-listener message="getVolunteersBySites" function="getVolunteersBySites" />
		    <message-listener message="getStaffSiteUser" function="getStaffSiteUser" />
		    <message-listener message="getSurveyIdByDatesforCommunication" function="getSurveyIdByDatesforCommunication" />
		    <message-listener message="sloocemobilesubscriptions" function="sloocemobilesubscriptions" />
		    <message-listener message="getDataForTextToMobileDevice" function="getDataForTextToMobileDevice" /><!--MV-1100-->
			<message-listener message="getRemSMSCount" function="getRemSMSCount" />
			<message-listener message="getManagerInfoForCP" function="getManagerInfoForCP" /><!--MS-248-->

			<message-listener message="downloadCPPDF" function="downloadCPPDF" /><!--CPORT-98-->
			<message-listener message="getCPDownloadPermissionStatus" function="getCPDownloadPermissionStatus" /><!--CPORT-156-->
			<message-listener message="getAmericaLearnsEmailSMSMasterDetails" function="getAmericaLearnsEmailSMSMasterDetails" /><!--CPORT-98-->
			<message-listener message="deletionCPEmailAttachmentFile" function="deletionCPEmailAttachmentFile" /><!--CPORT-98 Scheduler Function Call-->
			<message-listener message="schedulerAmericaLearnsEmailSMSMasterBackup" function="schedulerAmericaLearnsEmailSMSMasterBackup" /><!--CPORT-98 Scheduler Function Call-->
			<message-listener message="getEmailbitInfoForCP" function="getEmailbitInfoForCP" /><!--DS::CPORT-100-->
			<message-listener message="checkMailSchedular" function="checkMailSchedular" /><!--Check mail in half hour-->
		</controller>
		
		<!-- Start: CP-14 -->
		<controller name="contentassociationsecondcontroller" type="mvcamericalearns.controller.associationsecondcontroller">				
			<message-listener message="getAssociationItemstypethree" function="getAssociationItemstypethree" />
			<message-listener message="getAssociationsItemAttributes" function="getAssociationsItemAttributes" />	
			<message-listener message="getAttributeValBasedAssociationsItems" function="getAttributeValBasedAssociationsItems" />
			<message-listener message="getAssociationItemVolunteerList" function="getAssociationItemVolunteerList" />
			<message-listener message="getAssociationsItemsBasedVolunteer" function="getAssociationsItemsBasedVolunteer" />	<message-listener message="getAssociationItemstypethreewithVolunteer" function="getAssociationItemstypethreewithVolunteer" />
			<message-listener message="getAssociationItemstypethreewithValues" function="getAssociationItemstypethreewithValues" />	
			<message-listener message="getType3AssociationWithIdentifier" function="getType3AssociationWithIdentifier" />			
		</controller>
		<!-- End: CP-14 -->
	</controllers>
  
	<event-handlers>

		<event-handler name="content.downloademaillist">
			<broadcasts>
				<message name="checkLogin">
					<argument name="role" value="administrator,suadmin" />
				</message>
			</broadcasts> 
			<results>
				<result name="NotLoggedIn" do="user.login" redirect="true" />
				<result name="NotAuthorized" do="user.notauthorized" redirect="true" />
			</results>
			<views>
				<include name="body" template="content/downloademaillist.cfm" />
			</views>
		</event-handler>

		<event-handler name="content.emaillist">
			<broadcasts>
				<message name="checkLogin">
					<argument name="role" value="administrator,suadmin" />
					<argument name="section" value="214" />															
					<argument name="nosection" value="suadmin" />
				</message>
				<message name="getPrograms">
					<argument name="superumbrellafilter" value="true" />
				</message>
			</broadcasts> 
			<results>
				<result name="NotLoggedIn" do="user.login" redirect="true" />
				<result name="NotAuthorized" do="user.notauthorized" redirect="true" />
				<result do="view.template" />
			</results>
			<views>
				<include name="body" template="content/emaillist.cfm" >
					<value name="checkIconManageQuestions" value="1"/>	
				</include>
			</views>
		 </event-handler>

		<event-handler name="content.emaillistaction">
			<broadcasts>
				<message name="checkLogin">
					<argument name="role" value="administrator,suadmin" />
				</message>
				<message name="getPrograms">
					<argument name="superumbrellafilter" value="true" />
				</message>				
				<message name="generateEmailList" />
			</broadcasts> 
			<results>
				<result name="NotLoggedIn" do="user.login" redirect="true" />
				<result name="NotAuthorized" do="user.notauthorized" redirect="true" />
				<result do="content.emaillist" redirect="true" />
			</results>
			<views />
		 </event-handler>
		 <event-handler name="content.sloocemobilesubscriptions">
			<broadcasts>				
				<message name="sloocemobilesubscriptions" />
			</broadcasts> 
			<views />
		 </event-handler>
		<event-handler name="content.faq">
			<broadcasts>
				<message name="getDynamicFaq" />
			</broadcasts> 
			<results>
				<result do="view.template" />			
			</results>
			<views>
				<include name="body" template="content/faq.cfm" />
			</views>
		 </event-handler>
		 

		<event-handler name="content.faqedit">
			<broadcasts>
				<message name="checkLogin">
					<argument name="role" value="administrator" />
					<argument name="section" value="213" />										
				</message>
				<message name="getFaq" />
			</broadcasts> 
			<results>
				<result name="NotLoggedIn" do="user.login" redirect="true" />
				<result name="NotAuthorized" do="user.notauthorized" redirect="true" />
				<result do="view.template" />
			</results>
			<views>
				<include name="body" template="content/faqedit.cfm" />
			</views>
		</event-handler>

		<event-handler name="content.faqupdate">
			<broadcasts>
				<message name="checkLogin">
					<argument name="role" value="administrator" />
					<argument name="section" value="213" />										
				</message>
				<message name="faqUpdate" />
			</broadcasts> 
			<results>
				<result name="NotLoggedIn" do="user.login" redirect="true" />
				<result name="NotAuthorized" do="user.notauthorized" redirect="true" />
				<result name="Bad" do="content.faqedit" redirect="true" append="scope,category" />
				<result name="Good" do="content.faqedit" redirect="true" append="scope,category" />
				<result name="Done" do="content.managefaqs" redirect="true" append="scope" />				
			</results>
			<views />
		</event-handler>
		<event-handler name="content.getSurveyIdByDatesforCommunication">
			<broadcasts>
				<message name="getSurveyIdByDatesforCommunication" />
			</broadcasts>
			<results>
				<result name="NotLoggedIn" do="user.login" redirect="true" />
				<result name="NotAuthorized" do="user.notauthorized" redirect="true" />
			</results>
			<views/>
		</event-handler>
		<event-handler name="content.getVolunteersBySites">
			<broadcasts>
				<message name="getVolunteersBySites" />
			</broadcasts>
			<results>
				<result name="NotLoggedIn" do="user.login" redirect="true" />
				<result name="NotAuthorized" do="user.notauthorized" redirect="true" />
			</results>
			<views/>
		</event-handler>
		<event-handler name="content.getIdentifiersDetailsInCommunication">
			<broadcasts>
				<message name="getIdentifiersDetailsInCommunication" />
			</broadcasts>
			<results>
				<result name="NotLoggedIn" do="user.login" redirect="true" />
				<result name="NotAuthorized" do="user.notauthorized" redirect="true" />
			</results>
			<views/>
		</event-handler>
		 <event-handler name="content.mailform">
			<broadcasts>
				<message name="checkLogin">
					<argument name="role" value="suadmin,manager,umbrella" />
					<argument name="section" value="11,424,453,458" />					
				</message>
				<message name="getSubmanagerActiveSites" /><!--CP-4-->
				<message name="getAllVolunteers" /><!--CP-4-->
				<message name="getUsersForMail">
				</message>
				<message name="getLatestSurvey" />
				<message name="getAllLicenseData" />
				<!--events for dates selectbox-->
				<message name="getPrograms" />
				<message name="handleProgramSelection" />
				<message name="getSurveysByProgramsVolunteers"/>
				<!--/events for dates selectbox-->
				<message name="getAssociationListtypeonetwo"/>
				<!-- Start: CP-14 -->
				<message name="getAssociationIdentifierEnrollSettings" />
				<message name="getType3AssociationWithIdentifier" />
				<message name="getAssociationItemstypethree" />
				<message name="getEmailbitInfoForCP" /> <!-- DS::CPORT-100 -->
				<!-- End: CP-14 -->
			</broadcasts> 
			<results>
				<result name="NotLoggedIn" do="user.login" redirect="true" />
				<result name="NotAuthorized" do="user.notauthorized" redirect="true" />
				<!--ADMINFUNCT-34:email template-->
				<result name="showCustomize" do="content.customizemessaging" redirect="true" />
				<!--ADMINFUNCT-34:email template-->
				<result do="view.template" />
			</results>
			<views>
				<include name="body" template="content/mailform.cfm" />
			</views>
		</event-handler>
		
		<event-handler name="content.getRemSmsCount">
			<broadcasts>
				<message name="checkLogin" />
				<message name="getRemSMSCount" />
				<!-- End: CP-14 -->
			</broadcasts> 
			<results />
			<views />
		</event-handler>

		<event-handler name="content.managefaqs">
			<broadcasts>
				<message name="checkLogin">
					<argument name="role" value="administrator" />
					<argument name="section" value="213" />					
				</message>
				<message name="getFaqPages" />
			</broadcasts> 
			<results>
				<result name="NotLoggedIn" do="user.login" redirect="true" />
				<result name="NotAuthorized" do="user.notauthorized" redirect="true" />
				<result do="view.template" />
			</results>
			<views>
				<include name="body" template="content/managefaqs.cfm" />
			</views>
		 </event-handler>
		 

		<event-handler name="content.programabout">
			<broadcasts>
				<message name="checkLogin">
					<argument name="role" value="manager" />
					<argument name="section" value="9" />					
				</message>
				<message name="getProgramAbout" />
			</broadcasts> 
			<results>
				<result name="NotLoggedIn" do="user.login" redirect="true" />
				<result name="NotAuthorized" do="user.notauthorized" redirect="true" />
				<result do="view.template" />
			</results>
			<views>
				<include name="body" template="content/programabout.cfm" />
			</views>
		 </event-handler>

		<event-handler name="content.programaboutupdate">
			<broadcasts>
				<message name="checkLogin">
					<argument name="role" value="manager" />
					<argument name="section" value="9" />					
				</message>
				<message name="updateProgramAbout" />
			</broadcasts> 
			<results>
				<result name="NotLoggedIn" do="user.login" redirect="true" />
				<result name="NotAuthorized" do="user.notauthorized" redirect="true" />
				<result do="content.programabout" />
			</results>
			<views />
		 </event-handler>

		<event-handler name="content.programnews">
			<broadcasts>
				<message name="checkLogin">
					<argument name="role" value="suadmin,manager,umbrella" />
					<argument name="section" value="9" />					
				</message>
				<message name="getMyProgram" />
			</broadcasts> 
			<results>
				<result name="NotLoggedIn" do="user.login" redirect="true" />
				<result name="NotAuthorized" do="user.notauthorized" redirect="true" />
				<result do="view.template" />
			</results>
			<views>
				<include name="body" template="content/programnews.cfm" >
					<value name="checkIconManageQuestions" value="1"/>	
				</include>
			</views>
		 </event-handler>

		<event-handler name="content.programnewsupdate">
			<broadcasts>
				<message name="checkLogin">
					<argument name="role" value="suadmin,manager,umbrella" />
					<argument name="section" value="9" />
				</message>
				<message name="getMyProgram" />				
				<message name="updateProgramNews" />
			</broadcasts> 
			<results>
				<result name="NotLoggedIn" do="user.login" redirect="true" />
				<result name="NotAuthorized" do="user.notauthorized" redirect="true" />
				<result name="Bad" do="content.programnews" redirect="true" />
				<result do="content.programnews" redirect="true" />
			</results>
			<views />
		 </event-handler>

		<event-handler name="content.sendemail">
			<broadcasts>
				<message name="checkLogin">
					<argument name="role" value="suadmin,manager,umbrella,submanager" />
				</message>
				<message name="getLatestSurvey" />				
				<message name="sendEmail">
				</message>
			</broadcasts> 
			<results>
				<result name="NotLoggedIn" do="user.login" redirect="true" />
				<result name="NotAuthorized" do="user.notauthorized" redirect="true" />
				<result do="content.mailform" redirect="true"/>
			</results>
			<views />
		</event-handler>
		<event-handler name="content.associationlist">
			<broadcasts>
				<message name="getAssociationListtypeonetwo"/>
			</broadcasts> 
			<results>
			</results>
			<views>
				<include name="body" template="content/associationlist.cfm" />
			</views>
		</event-handler>
		<event-handler name="content.sitelist">
			<broadcasts>
				<message name="getSitelist" />
				<message name="getVolunteersBySites" />
			</broadcasts> 
			<results>
			</results>
			<views>
				<include name="body" template="content/sitelist.cfm" />
			</views>
		</event-handler>
		<event-handler name="content.volunteerslist">
			<broadcasts>
				<message name="getAllVolunteers">
				<!-- 
				getUsers replaced by getAllVolunteers for CP-16 
				Below Code Commented for CP-16
				<argument name="usertype" value="volunteer" />
				<argument name="requireenrolled" value="true" />  
				-->
				</message>
			</broadcasts> 
			<results>
			</results>
			<views>
				<include name="body" template="content/volunteerslist.cfm" />
			</views>
		</event-handler>
		<event-handler name="content.staffsitelist">
			<broadcasts>
				<message name="getSitelist" />
				<message name="getStaffSiteUser" />
			</broadcasts> 
			<results>
			</results>
			<views>
				<include name="body" template="content/staffsitelist.cfm" />
			</views>
		</event-handler>
		<event-handler name="content.permissionlist">
			<broadcasts>
				<message name="getSitelist" />
			</broadcasts> 
			<results>
			</results>
			<views>
				<include name="body" template="content/permissionlist.cfm" />
			</views>
		</event-handler>
		<event-handler name="content.staffmemberlist">
			<broadcasts>
				<message name="getUsers">
					<argument name="children" value="true" />
					<argument name="requireenrolled" value="true" />					
					<argument name="userflag" value="true" /><!-- CP-16 -->					
				</message>
				<message name="getManagerInfoForCP"/><!--MS-248-->
			</broadcasts> 
			<results>
			</results>
			<views>
				<include name="body" template="content/staffmemberlist.cfm" />
			</views>
		</event-handler>
		<!--Start: ADMINFUNCT-34:email template-->
		<event-handler name="content.customizemessaging">
			<broadcasts>
				<message name="checkLogin">
					<argument name="role" value="manager,submanager" />
					<argument name="section" value="6,453" />					
				</message>						
			</broadcasts> 			
			<results>
				<result name="NotLoggedIn" do="user.login" redirect="true" />
				<result name="NotAuthorized" do="user.notauthorized" redirect="true" />				
				<result do="view.template" />
			</results>
			<views>
				<include name="body" template="content/customizemessaging.cfm" />
			</views>			
		</event-handler>
		<event-handler name="content.ShowCustomizeVolunteerCreation">
			<broadcasts>
				<message name="checkLogin">
					<argument name="role" value="manager,submanager" />
					<argument name="section" value="6,453" />					
				</message>		
				<message name="getEmailFieldAliasDataFunction"/>	
				<message name="getProgram_Email_Template"/>
			</broadcasts> 			
			<results>
				<result name="NotLoggedIn" do="user.login" redirect="true" />
				<result name="NotAuthorized" do="user.notauthorized" redirect="true" />				
				
			</results>
			<views>
				<include name="body" template="content/customizevolunteercreation.cfm" />
			</views>			
		</event-handler>
		<event-handler name="content.ShowCustomizeStaffCreation">
			<broadcasts>
				<message name="checkLogin">
					<argument name="role" value="manager,submanager" />
					<argument name="section" value="6,453" />					
				</message>	
				<message name="getEmailFieldAliasDataFunction"/>	
				<message name="getProgram_Email_Template"/>			
			</broadcasts> 			
			<results>
				<result name="NotLoggedIn" do="user.login" redirect="true" />
				<result name="NotAuthorized" do="user.notauthorized" redirect="true" />				
				
			</results>
			<views>
				<include name="body" template="content/customizestaffcreation.cfm" />
			</views>			
		</event-handler>
		<event-handler name="content.ShowCustomizeSurveyUrgentAlertNotification">
			<broadcasts>
				<message name="checkLogin">
					<argument name="role" value="manager,submanager" />
					<argument name="section" value="6,453" />					
				</message>		
				<message name="getEmailFieldAliasDataFunction"/>	
				<message name="getProgram_Email_Template"/>	
			</broadcasts> 			
			<results>
				<result name="NotLoggedIn" do="user.login" redirect="true" />
				<result name="NotAuthorized" do="user.notauthorized" redirect="true" />				
				
			</results>
			<views>
				<include name="body" template="content/customizesurveyurgentalertnotification.cfm" />
			</views>			
		</event-handler>
		<event-handler name="content.ShowCustomizeSurveySubmissionNotification">
			<broadcasts>
				<message name="checkLogin">
					<argument name="role" value="manager,submanager" />
					<argument name="section" value="6,453" />					
				</message>			
				<message name="getEmailFieldAliasDataFunction"/>	
				<message name="getProgram_Email_Template"/>
			</broadcasts> 			
			<results>
				<result name="NotLoggedIn" do="user.login" redirect="true" />
				<result name="NotAuthorized" do="user.notauthorized" redirect="true" />				
				
			</results>
			<views>
				<include name="body" template="content/customizesurveysubmissionnotification.cfm" />
			</views>			
		</event-handler>
		<event-handler name="content.ShowCustomizeNewTimesheetLaunches">
			<broadcasts>
				<message name="checkLogin">
					<argument name="role" value="manager,submanager" />
					<argument name="section" value="6,453" />					
				</message>		
				<message name="getEmailFieldAliasDataFunction"/>	
				<message name="getProgram_Email_Template"/>	
			</broadcasts> 			
			<results>
				<result name="NotLoggedIn" do="user.login" redirect="true" />
				<result name="NotAuthorized" do="user.notauthorized" redirect="true" />				
				
			</results>
			<views>
				<include name="body" template="content/customizenewtimesheetlaunches.cfm" />
			</views>			
		</event-handler>
		<event-handler name="content.ShowCustomizeTimesheetReturnForEditing">
			<broadcasts>
				<message name="checkLogin">
					<argument name="role" value="manager,submanager" />
					<argument name="section" value="6,453" />					
				</message>		
				<message name="getEmailFieldAliasDataFunction"/>	
				<message name="getProgram_Email_Template"/>	
			</broadcasts> 			
			<results>
				<result name="NotLoggedIn" do="user.login" redirect="true" />
				<result name="NotAuthorized" do="user.notauthorized" redirect="true" />				
				
			</results>
			<views>
				<include name="body" template="content/customizetimesheetreturnforediting.cfm" />
			</views>			
		</event-handler>
		<event-handler name="content.ShowCustomizeTimesheetSubmitted">
			<broadcasts>
				<message name="checkLogin">
					<argument name="role" value="manager,submanager" />
					<argument name="section" value="6,453" />					
				</message>	
				<message name="getEmailFieldAliasDataFunction"/>	
				<message name="getProgram_Email_Template"/>		
			</broadcasts> 			
			<results>
				<result name="NotLoggedIn" do="user.login" redirect="true" />
				<result name="NotAuthorized" do="user.notauthorized" redirect="true" />				
				
			</results>
			<views>
				<include name="body" template="content/customizetimesheetsubmitted.cfm" />
			</views>			
		</event-handler>
		<event-handler name="content.ShowCustomizeInsufficientHoursNotification">
			<broadcasts>
				<message name="checkLogin">
					<argument name="role" value="manager,submanager" />
					<argument name="section" value="6,453" />					
				</message>	
				<message name="getEmailFieldAliasDataFunction"/>	
				<message name="getProgram_Email_Template"/>		
			</broadcasts> 			
			<results>
				<result name="NotLoggedIn" do="user.login" redirect="true" />
				<result name="NotAuthorized" do="user.notauthorized" redirect="true" />				
				
			</results>
			<views>
				<include name="body" template="content/customizeinsufficienthournotification.cfm" />
			</views>			
		</event-handler>
		<event-handler name="content.ShowCustomizeExcessiveHoursNotification">
			<broadcasts>
				<message name="checkLogin">
					<argument name="role" value="manager,submanager" />
					<argument name="section" value="6,453" />					
				</message>	
				<message name="getEmailFieldAliasDataFunction"/>	
				<message name="getProgram_Email_Template"/>		
			</broadcasts> 			
			<results>
				<result name="NotLoggedIn" do="user.login" redirect="true" />
				<result name="NotAuthorized" do="user.notauthorized" redirect="true" />				
				
			</results>
			<views>
				<include name="body" template="content/customizeexcessivehournotification.cfm" />
			</views>			
		</event-handler>
		<event-handler name="content.ShowCustomizeTimesheetApproval">
			<broadcasts>
				<message name="checkLogin">
					<argument name="role" value="manager,submanager" />
					<argument name="section" value="6,453" />					
				</message>	
				<message name="getEmailFieldAliasDataFunction"/>	
				<message name="getProgram_Email_Template"/>		
			</broadcasts> 			
			<results>
				<result name="NotLoggedIn" do="user.login" redirect="true" />
				<result name="NotAuthorized" do="user.notauthorized" redirect="true" />				
				
			</results>
			<views>
				<include name="body" template="content/customizetimesheetapproval.cfm" />
			</views>			
		</event-handler>
		<event-handler name="content.openPreviewWindow">
			<broadcasts>
				<message name="checkLogin">
					<argument name="role" value="manager,submanager" />
					<argument name="section" value="6,453" />					
				</message>	
				<message name="customizeEmailPreviewWindow"/>			
			</broadcasts> 			
			<results>
				<result name="NotLoggedIn" do="user.login" redirect="true" />
				<result name="NotAuthorized" do="user.notauthorized" redirect="true" />						
			</results>					
		</event-handler>
		<event-handler name="content.updateEmailTemplate">
			<broadcasts>
				<message name="checkLogin">
					<argument name="role" value="manager,submanager" />
					<argument name="section" value="6,453" />					
				</message>	
				<message name="updateEmailTemplate"/>			
			</broadcasts> 			
			<results>
				<result name="NotLoggedIn" do="user.login" redirect="true" />
				<result name="NotAuthorized" do="user.notauthorized" redirect="true" />						
			</results>					
		</event-handler>		
		<!--End: Added for ADMINFUNCT-34 :email template-->
		
		<!-- Start: CP-14 -->
		<event-handler name="content.associationitemlist">
			<broadcasts>
				<message name="getAssociationItemstypethree"/>
				<message name="getAssociationIdentifierEnrollSettings" />
				<message name="getIdentifiersFieldDetails" />
			</broadcasts> 
			<results>
			</results>
			<views>
				<include name="body" template="content/associationitemlist.cfm" />
			</views>
		</event-handler>
		
		<event-handler name="content.associationfieldlist">
			<broadcasts>
				<message name="getAssociationItemstypethreewithValues"/>
				<message name="getAssociationIdentifierEnrollSettings" />
				<message name="getAssociationsItemAttributes" />
				<message name="getIdentifiersFieldDetails" />
			</broadcasts> 
			<results>
			</results>
			<views>
				<include name="body" template="content/associationfieldlist.cfm" />
			</views>
		</event-handler>
		
		<event-handler name="content.attributeValBasedAssociationsItems">
			<broadcasts>				
				<message name="getAttributeValBasedAssociationsItems" />
			</broadcasts> 
			<results>
			</results>			
		</event-handler>
		
		<event-handler name="content.associationitemvolunteerlist">
			<broadcasts>
				<message name="getAssociationItemstypethreewithVolunteer"/>
				<message name="getAssociationIdentifierEnrollSettings" />
				<message name="getAssociationItemVolunteerList" />
				<message name="getIdentifiersFieldDetails" />
			</broadcasts> 
			<results>
			</results>
			<views>
				<include name="body" template="content/associationitemvolunteerlist.cfm" />
			</views>
		</event-handler>
		
		<event-handler name="content.associationsitemsbasedvolunteer">
			<broadcasts>				
				<message name="getAssociationsItemsBasedVolunteer" />
			</broadcasts> 
			<results>
			</results>			
		</event-handler>
		
		<event-handler name="content.validateEmailandMobile">
			<broadcasts>				
				<message name="validateEmailPhonebeforeSend" />
			</broadcasts> 
			<results>
			</results>			
		</event-handler>		
		<!-- End: CP-14 -->
		<!-- Start: CP-19 -->
		<event-handler name="content.getDefaultEmailContent">
			<broadcasts>
				<message name="checkLogin">
					<argument name="role" value="manager,submanager" />
					<argument name="section" value="6,453" />					
				</message>		
				<message name="getDefaultEmailContent"/>					
			</broadcasts> 			
			<results>
				<result name="NotLoggedIn" do="user.login" redirect="true" />
				<result name="NotAuthorized" do="user.notauthorized" redirect="true" />				
				
			</results>						
		</event-handler>
		<!-- End: CP-19 -->

		<!-- FR-133 START -->
		<event-handler name="content.ShowBudgetSubmitted">
			<broadcasts>
				<message name="checkLogin">
					<argument name="role" value="manager,submanager" />
					<argument name="section" value="6,453" />					
				</message>		
				<message name="getEmailFieldAliasDataFunction"/>	
				<message name="getProgram_Email_Template"/>
			</broadcasts> 			
			<results>
				<result name="NotLoggedIn" do="user.login" redirect="true" />
				<result name="NotAuthorized" do="user.notauthorized" redirect="true" />				
				
			</results>
			<views>
				<include name="body" template="content/budgetSubmitted.cfm" />
			</views>			
		</event-handler>

		<event-handler name="content.ShowBudgetApproved">
			<broadcasts>
				<message name="checkLogin">
					<argument name="role" value="manager,submanager" />
					<argument name="section" value="6,453" />					
				</message>		
				<message name="getEmailFieldAliasDataFunction"/>	
				<message name="getProgram_Email_Template"/>
			</broadcasts> 			
			<results>
				<result name="NotLoggedIn" do="user.login" redirect="true" />
				<result name="NotAuthorized" do="user.notauthorized" redirect="true" />				
				
			</results>
			<views>
				<include name="body" template="content/budgetApproved.cfm" />
			</views>			
		</event-handler>

		<event-handler name="content.ShowBudgetReturnedForEditing">
			<broadcasts>
				<message name="checkLogin">
					<argument name="role" value="manager,submanager" />
					<argument name="section" value="6,453" />					
				</message>		
				<message name="getEmailFieldAliasDataFunction"/>	
				<message name="getProgram_Email_Template"/>
			</broadcasts> 			
			<results>
				<result name="NotLoggedIn" do="user.login" redirect="true" />
				<result name="NotAuthorized" do="user.notauthorized" redirect="true" />				
				
			</results>
			<views>
				<include name="body" template="content/budgetReturnedForEditing.cfm" />
			</views>			
		</event-handler>

		<event-handler name="content.ShowBudgetModificationRequestRequireNoApproval">
			<broadcasts>
				<message name="checkLogin">
					<argument name="role" value="manager,submanager" />
					<argument name="section" value="6,453" />					
				</message>		
				<message name="getEmailFieldAliasDataFunction"/>	
				<message name="getProgram_Email_Template"/>
			</broadcasts> 			
			<results>
				<result name="NotLoggedIn" do="user.login" redirect="true" />
				<result name="NotAuthorized" do="user.notauthorized" redirect="true" />				
				
			</results>
			<views>
				<include name="body" template="content/budgetModificationRequestRequireNoApproval.cfm" />
			</views>			
		</event-handler>

		<event-handler name="content.ShowBudgetModificationRequestRequireApproval">
			<broadcasts>
				<message name="checkLogin">
					<argument name="role" value="manager,submanager" />
					<argument name="section" value="6,453" />					
				</message>		
				<message name="getEmailFieldAliasDataFunction"/>	
				<message name="getProgram_Email_Template"/>
			</broadcasts> 			
			<results>
				<result name="NotLoggedIn" do="user.login" redirect="true" />
				<result name="NotAuthorized" do="user.notauthorized" redirect="true" />				
				
			</results>
			<views>
				<include name="body" template="content/budgetModificationRequestRequireApproval.cfm" />
			</views>			
		</event-handler>

		<event-handler name="content.ShowBudgetModificationRequestApproved">
			<broadcasts>
				<message name="checkLogin">
					<argument name="role" value="manager,submanager" />
					<argument name="section" value="6,453" />					
				</message>		
				<message name="getEmailFieldAliasDataFunction"/>	
				<message name="getProgram_Email_Template"/>
			</broadcasts> 			
			<results>
				<result name="NotLoggedIn" do="user.login" redirect="true" />
				<result name="NotAuthorized" do="user.notauthorized" redirect="true" />				
				
			</results>
			<views>
				<include name="body" template="content/budgetModificationRequestApproved.cfm" />
			</views>			
		</event-handler>

		<event-handler name="content.ShowBudgetModificationRequestReturnedForEditing">
			<broadcasts>
				<message name="checkLogin">
					<argument name="role" value="manager,submanager" />
					<argument name="section" value="6,453" />					
				</message>		
				<message name="getEmailFieldAliasDataFunction"/>	
				<message name="getProgram_Email_Template"/>
			</broadcasts> 			
			<results>
				<result name="NotLoggedIn" do="user.login" redirect="true" />
				<result name="NotAuthorized" do="user.notauthorized" redirect="true" />				
				
			</results>
			<views>
				<include name="body" template="content/budgetModificationRequestReturnedForEditing.cfm" />
			</views>			
		</event-handler>

		<event-handler name="content.ShowExpenseReportLaunched">
			<broadcasts>
				<message name="checkLogin">
					<argument name="role" value="manager,submanager" />
					<argument name="section" value="6,453" />					
				</message>		
				<message name="getEmailFieldAliasDataFunction"/>	
				<message name="getProgram_Email_Template"/>
			</broadcasts> 			
			<results>
				<result name="NotLoggedIn" do="user.login" redirect="true" />
				<result name="NotAuthorized" do="user.notauthorized" redirect="true" />				
				
			</results>
			<views>
				<include name="body" template="content/expenseReportLaunched.cfm" />
			</views>			
		</event-handler>

		<event-handler name="content.ShowExpenseReportSubmitted">
			<broadcasts>
				<message name="checkLogin">
					<argument name="role" value="manager,submanager" />
					<argument name="section" value="6,453" />					
				</message>		
				<message name="getEmailFieldAliasDataFunction"/>	
				<message name="getProgram_Email_Template"/>
			</broadcasts> 			
			<results>
				<result name="NotLoggedIn" do="user.login" redirect="true" />
				<result name="NotAuthorized" do="user.notauthorized" redirect="true" />				
				
			</results>
			<views>
				<include name="body" template="content/expenseReportSubmitted.cfm" />
			</views>			
		</event-handler>

		<event-handler name="content.ShowExpenseReportApproved">
			<broadcasts>
				<message name="checkLogin">
					<argument name="role" value="manager,submanager" />
					<argument name="section" value="6,453" />					
				</message>		
				<message name="getEmailFieldAliasDataFunction"/>	
				<message name="getProgram_Email_Template"/>
			</broadcasts> 			
			<results>
				<result name="NotLoggedIn" do="user.login" redirect="true" />
				<result name="NotAuthorized" do="user.notauthorized" redirect="true" />				
				
			</results>
			<views>
				<include name="body" template="content/expenseReportApproved.cfm" />
			</views>			
		</event-handler>

		<event-handler name="content.ShowExpenseReportReturnedForEditing">
			<broadcasts>
				<message name="checkLogin">
					<argument name="role" value="manager,submanager" />
					<argument name="section" value="6,453" />					
				</message>		
				<message name="getEmailFieldAliasDataFunction"/>	
				<message name="getProgram_Email_Template"/>
			</broadcasts> 			
			<results>
				<result name="NotLoggedIn" do="user.login" redirect="true" />
				<result name="NotAuthorized" do="user.notauthorized" redirect="true" />				
				
			</results>
			<views>
				<include name="body" template="content/expenseReportReturnedForEditing.cfm" />
			</views>			
		</event-handler>
		<!-- FR-133 END -->

		<!--CP-4:Start-->
		<event-handler name="content.getcommunicationportaluserstatusforsurvey">
			<broadcasts>
				<message name="checkLogin">
					<argument name="role" value="manager,submanager,suadmin" />
					<argument name="section" value="1" />
				</message>
			<message name="getcommunicationportaluserstatusforsurvey"></message>
			</broadcasts>
			<results>
				<result name="NotLoggedIn"   do="user.login" redirect="true" />
				<result name="NotAuthorized" do="user.notauthorized" redirect="true" />
			</results>
			<views>
				<include name="body" template="content/getcommunicationportaluseransweredforsurvey.cfm" />
			</views>
		</event-handler>
		<!--CP-4:Stops-->

		<!--MV-1100:Start-->
		<event-handler name="content.getDataForTextToMobileDevice">
			<broadcasts>				
				<message name="getDataForTextToMobileDevice"/>
			</broadcasts> 
			<results>
			</results>
			<views>
				<include name="body" template="content/MobileDevicePopupWindow.cfm"/>
			</views>			
		</event-handler>
		<!--MV-1100:Stops-->

		<!--CPORT-98:Start-->
		<event-handler name="content.getAmericaLearnsEmailSMSMasterDetails">
			<broadcasts>
				<message name="checkLogin">
					<argument name="role" value="administrator,manager,volunteer" />
				</message>
				<message name="getAmericaLearnsEmailSMSMasterDetails"/>
			</broadcasts> 
			<results>		
				<result name="NotLoggedIn" do="user.login" redirect="true" />
				<result name="NotAuthorized" do="user.notauthorized" redirect="true" />	
			</results>
			<views>
				<include name="body" template="content/CommunicationsPortalEmails.cfm" />
			</views>
		</event-handler>

		<event-handler name="content.downloadCPPDF">
			<broadcasts>				
				<message name="downloadCPPDF"/>
			</broadcasts> 
			<results>
			</results>
			<views>
				<include name="body" template="content/downloadCPPDF.cfm"/>
			</views>			
		</event-handler>

		<!-- CPORT-156 : Begin -->
		<event-handler name="content.downloadCPfile">
			<broadcasts>				
				<message name="getCPDownloadPermissionStatus"/>
			</broadcasts>
			<views>
				<include name="body" template="content/downloadCPfile.cfm" />
			</views>
		</event-handler>

		<event-handler name="content.displayCPFile">
			<views>
				<include name="body" template="content/displayCPFile.cfm" />
			</views>
		</event-handler>
		<!-- CPORT-156 : End -->

		<!--CPORT-98 Scheduler Function Call To Delete Old CP Email's Attachments-->
		<event-handler name="content.deletionCPEmailAttachmentFile">
			<broadcasts>				
				<message name="deletionCPEmailAttachmentFile"/>
			</broadcasts> 
		</event-handler>
		
		<!--CPORT-98 Scheduler Function Call To Move 1 Month Old Emails To Backup Table-->
		<event-handler name="content.schedulerAmericaLearnsEmailSMSMasterBackup">
			<broadcasts>				
				<message name="schedulerAmericaLearnsEmailSMSMasterBackup"/>
			</broadcasts> 
		</event-handler>
		<!--CPORT-98:Stops-->

		<!--DS::CPORT-100-->
		<!--<event-handler name="content.filtersitelistWindow">
		<broadcasts>
			<message name="checkLogin">
				<argument name="role" value="manager,submanager" />
			</message>
			<message name="getUsers">
				<argument name="children" value="true" />
				<argument name="requireenrolled" value="true" />					
				<argument name="userflag" value="true" />				
			</message>
			<message name="getManagerInfoForCP"/>
		</broadcasts>
		<results>
			<result name="NotLoggedIn"   do="user.login" redirect="true" />
			<result name="NotAuthorized" do="user.notauthorized" redirect="true" />
		</results>
		<views>
			<include name="body" template="content/filtersitelistforreceiveCPemail.cfm" />
		</views>
	</event-handler>-->
		<!--DS::CPORT-100-->
		<!--S:Check mail in half hour-->
		<event-handler name="content.checkMailSchedular">
			<broadcasts>				
				<message name="checkMailSchedular"/>
			</broadcasts> 
		</event-handler>
		<!--E:Check mail in half hour-->
<!--MV-1923: Start-->
		<event-handler name="content.ShowCustomizeVolunteerEmailReminder">
			<broadcasts>
				<message name="checkLogin">
					<argument name="role" value="manager,submanager" />
					<argument name="section" value="6,453" />					
				</message>		
					<message name="getEmailFieldAliasDataFunction"/>	 
				 	<message name="getProgram_Email_Template"/> 
			</broadcasts> 			
			<results>
				<result name="NotLoggedIn" do="user.login" redirect="true" />
				<result name="NotAuthorized" do="user.notauthorized" redirect="true" />				
				
			</results>
			<views>
				<include name="body" template="content/ShowCustomizeVolunteerEmailReminder.cfm" />
			</views>			
		</event-handler>

		<event-handler name="content.ShowCustomizeVolunteerTextReminder">
			<broadcasts>
				<message name="checkLogin">
					<argument name="role" value="manager,submanager" />
					<argument name="section" value="6,453" />					
				</message>		
					<message name="getEmailFieldAliasDataFunction"/>	 
				 	<message name="getProgram_Email_Template"/> 
			</broadcasts> 			
			<results>
				<result name="NotLoggedIn" do="user.login" redirect="true" />
				<result name="NotAuthorized" do="user.notauthorized" redirect="true" />				
				
			</results>
			<views>
				<include name="body" template="content/ShowCustomizeVolunteerTextReminder.cfm" />
			</views>			
		</event-handler>
	<!--MV-1923: End-->
	</event-handlers>
</modelglue>
