<modelglue>
	<controllers>
		<controller name="financialcontroller" type="mvcamericalearns.controller.financialcontroller">
			<message-listener message="createProgramYear" function="createProgramYear" />
            <message-listener message="getProgramYears" function="getProgramYears" />
            <message-listener message="getProgramYear" function="getProgramYear" />
            <message-listener message="saveprogramyearnameonly" function="saveprogramyearnameonly" />
            <message-listener message="getBudgetTemplatesAvailable" function="getBudgetTemplatesAvailable" />
            <message-listener message="getMSYValues" function="getMSYValues" />
			<message-listener message="saveMSY" function="saveMSY" />
			<message-listener message="getGranteeTypesAvailable" function="getGranteeTypesAvailable" />
			<message-listener message="getPrimeCodes" function="getPrimeCodes" />
			<message-listener message="processManagePrimecodes" function="processManagePrimecodes" />
			<message-listener message="getAlphabetPrimecode" function="getAlphabetPrimecode" />
			<message-listener message="processSiteAssignment" function="processSiteAssignment" />
			<message-listener message="getSiteAssignedToProgramYear" function="getSiteAssignedToProgramYear" />
			<message-listener message="getAllSectionsForSiteSetup" function="getAllSectionsForSiteSetup" />
			<message-listener message="getGrantTypeFields" function="getGrantTypeFields" />
			<message-listener message="getFinUsers" function="getFinUsers" />
			<message-listener message="getAvailableUserAcces" function="getAvailableUserAcces" />
			<message-listener message="getBudgetFundingComponent" function="getBudgetFundingComponent" />
			<message-listener message="saveSiteSetting" function="saveSiteSetting" />
			<message-listener message="saveProgramYearDetail" function="saveProgramYearDetail" />
			<message-listener message="getSiteAssignedToProgramYearArr" function="getSiteAssignedToProgramYearArr" />
			<message-listener message="saveProgramYearDate" function="saveProgramYearDate"/>
			<message-listener message="getVolunteerProgramYear" function="getVolunteerProgramYear"/>
			<message-listener message="budgetStatus" function="budgetStatus"/>
			<message-listener message="getProgramYearSites" function="getProgramYearSites"/>
			<message-listener message="budgetFundingComponent" function="budgetFundingComponent" />
			<message-listener message="budgetSubmit" function="budgetSubmit" />
			<message-listener message="budgetDetail" function="budgetDetail" />
			<message-listener message="updateBudget" function="updateBudget" />
			<message-listener message="getProgramYearAllSiteDetails" function="getProgramYearAllSiteDetails" />
			<message-listener message="savebudgetdecision" function="savebudgetdecision" />
			<message-listener message="submitModification" function="submitModification" />
			<message-listener message="modifiedbudgetDetail" function="modifiedbudgetDetail" />
			<message-listener message="checkBudgetSubmitted" function="checkBudgetSubmitted" />
			<message-listener message="deleteProgramYear" function="deleteProgramYear" />
			<message-listener message="exportexcel" function="exportexcel" />
			<message-listener message="PERFundingComponent" function="PERFundingComponent" />
			<message-listener message="PERSubmit" function="PERSubmit" />
			<message-listener message="saveInstructionSetting" function="saveInstructionSetting" /><!-- Start : FR-145-->
			<message-listener message="savePERDecision" function="savePERDecision" />
			<message-listener message="updatePER" function="updatePER" />
			<message-listener message="sendFinancialReportingEmails" function="sendFinancialReportingEmails" /><!--FR-133-->
			<message-listener message="checkPERSubmitted" function="checkPERSubmitted" />
			<message-listener message="saveExpenseReport" function="saveExpenseReport" />
			<message-listener message="saveExpenseReportReceipt" function="saveExpenseReportReceipt" />
			<message-listener message="getExpenseReportReceipt" function="getExpenseReportReceipt" />
			<message-listener message="saveExpenseReportAttachments" function="saveExpenseReportAttachments" />
			<message-listener message="getAttachmentByIds" function="getAttachmentByIds" />
			<message-listener message="removeReceipts" function="removeReceipts" />
			<message-listener message="getBudgetComponentByGrantType" function="getBudgetComponentByGrantType" />
			<message-listener message="saveBudgetModification" function="saveBudgetModification" />
			<message-listener message="saveModificationAttachments" function="saveModificationAttachments" />
			<message-listener message="getPERAttachmentSetting" function="getPERAttachmentSetting" />
			<message-listener message="getAttachmentToDownload" function="getAttachmentToDownload" />
			<message-listener message="updateSiteDetail" function="updateSiteDetail" />
			<message-listener message="getProgramYearAllSitesName" function="getProgramYearAllSitesName" />
			<message-listener message="saveExpenseReportLimitAccess" function="saveExpenseReportLimitAccess" />
			<message-listener message="getDetailsAcrossAllSites" function="getDetailsAcrossAllSites" />
			<message-listener message="getGrantTypes" function="getGrantTypes" />
			<message-listener message="getPrimeCodesForFilter" function="getPrimeCodesForFilter" />
			<message-listener message="getIncludedSitesPeriod" function="getIncludedSitesPeriod" />
			<message-listener message="showExpenseReportFilter" function="showExpenseReportFilter" />
			<message-listener message="launchPERs" function="launchPERs" />
			<message-listener message="getAllSiteForBasedonUserType" function="getAllSiteForBasedonUserType" />
			<message-listener message="getExpenseReportsBySites" function="getExpenseReportsBySites" />
			<message-listener message="processExportData" function="processExportData" />
			<message-listener message="getStaffActiveRolesJson" function="getStaffActiveRolesJson" />
			<message-listener message="getStaffActiveRoles" function="getStaffActiveRoles" />
			<message-listener message="saveExportOptions" function="saveExportOptions" />
			<message-listener message="checkSavedFinancialExports" function="checkSavedFinancialExports" />
			<message-listener message="checkSavedFinancialExportExists" function="checkSavedFinancialExportExists" />
			<message-listener message="getAvailableSavedFinancialExports" function="getAvailableSavedFinancialExports" />
			<message-listener message="savedExportOptionDetail" function="savedExportOptionDetail" />
			<message-listener message="updateExportOptionsDetail" function="updateExportOptionsDetail" />
			<message-listener message="deleteExportOption" function="deleteExportOption" />
			<message-listener message="getFinancialExcelExportStatus" function="getFinancialExcelExportStatus" />
			<message-listener message="processExpenseDetailExportData" function="processExpenseDetailExportData" />
			<message-listener message="checkModificationExists" function="checkModificationExists" />
			<message-listener message="getPrimeCodeAssignedToPySites" function="getPrimeCodeAssignedToPySites" />
			<message-listener message="getProgramYearsByPrimeCode" function="getProgramYearsByPrimeCode" />
			<message-listener message="getExpenseReportsByProgramYears" function="getExpenseReportsByProgramYears" />
			<message-listener message="processExpenseDetailByPrimeCodeExportData" function="processExpenseDetailByPrimeCodeExportData" />
			<message-listener message="saveAdditionalAttachments" function="saveAdditionalAttachments" />
			<message-listener message="getAttachmentData" function="getAttachmentData" />
			<message-listener message="saveAttachmentsOrder" function="saveAttachmentsOrder" />
			<message-listener message="saveExpenseReportAdditionalAttachments" function="saveExpenseReportAdditionalAttachments" />
			<message-listener message="getEachSectionsCopyFromSite" function="getEachSectionsCopyFromSite" />
			<message-listener message="getSectionDetilsBySite" function="getSectionDetilsBySite" />
			<message-listener message="deleteEntries" function="deleteEntries" />
			<message-listener message="getFRRequestData" function="getFRRequestData" />
			<message-listener message="getFRRequestDataAjax" function="getFRRequestDataAjax" />
			<message-listener message="sendExportMail" function="sendExportMail" />
			<message-listener message="getBudgetVarianceHistory" function="getBudgetVarianceHistory" />
			<message-listener message="getSpecifcValuesToDetectSecThreeManualChange" function="getSpecifcValuesToDetectSecThreeManualChange" />
			<message-listener message="updateSectionThreeEditableCheckbox" function="updateSectionThreeEditableCheckbox" />
			<message-listener message="exportAttachmentPdf" function="exportAttachmentPdf"/>
			<message-listener message="checkStaffSiteAccess" function="checkStaffSiteAccess"/>
			<message-listener message="getSiteFiles" function="getSiteFiles"/>
		</controller>
		<controller name="usercontrollerfin" type="mvcamericalearns.controller.usercontroller">
			<message-listener message="getSitesAssigenedToStaffs" function="getSitesAssigenedToStaffs" />
		</controller>
		<controller name="sitecontrollerfin" type="mvcamericalearns.controller.sitecontroller">
			<message-listener message="getCustomizeViewSectionForSite" function="getCustomizeViewSectionForSite" />
			<message-listener message="DecryptSiteFile" function="DecryptSiteFile"/>
			<message-listener message="decryptsiteSignedDocument" function="decryptsiteSignedDocument"/>
		</controller>
	</controllers>
  
	<event-handlers>

		<event-handler name="financial.staffhome">
			<broadcasts>
				<message name="checkLogin">
					<argument name="role" value="manager,submanager" />
                    <argument name="section" value="700,701,702" />
				</message>
				<message name="getProgramYears"/>
			</broadcasts> 
			<results>
				<result name="NotLoggedIn" do="user.login" redirect="true" />
				<result name="NotAuthorized" do="user.notauthorized" redirect="true"/>
				<result name="AccessDenied" do="user.accessdenied" redirect="true"/>
				<result do="view.templateFinancial" />
			</results>
			<views>
				<include name="body" template="financial/staffhome.cfm" />
			</views>
		</event-handler>

        <event-handler name="financial.programyearcreate">
			<broadcasts>
				<message name="checkLogin">
					<argument name="role" value="manager,submanager" />
                    <argument name="section" value="700" />
				</message>		
                <message name="getProgramYears"/>			
			</broadcasts> 
			<results>
				<result name="NotLoggedIn" do="user.login" redirect="true" />
				<result name="NotAuthorized" do="user.notauthorized" redirect="true"/>
				<result name="AccessDenied" do="user.accessdenied" redirect="true"/>
				<result do="view.templateFinancial" />
			</results>
			<views>
				<include name="body" template="financial/programyearcreate.cfm" />
			</views>
		</event-handler>

        <event-handler name="financial.create">
			<broadcasts>
				<message name="checkLogin">
					<argument name="role" value="manager,submanager" />
                    <argument name="section" value="700" />
				</message>	
                <message name="createProgramYear"/>							
			</broadcasts> 
			<results>
                <result name="Good" do="financial.manageprogramyear" redirect="true" append="programyearid" />				
				<result name="Bad" do="financial.programyearcreate" redirect="true" />
				<result name="NotLoggedIn" do="user.login" redirect="true" />
				<result name="NotAuthorized" do="user.notauthorized" redirect="true"/>
				<result name="AccessDenied" do="user.accessdenied" redirect="true"/>
				<result do="view.templateFinancial" />
			</results>
		</event-handler>

        <event-handler name="financial.manageprogramyear">
			<broadcasts>
				<message name="checkLogin">
					<argument name="role" value="manager,submanager" />
                    <argument name="section" value="700" />
				</message>	
                <message name="getProgramYear"/>
                <message name="getBudgetTemplatesAvailable"/>
				<message name="getGranteeTypesAvailable"/>
				<message name="checkBudgetSubmitted" />
				<message name="checkPERSubmitted" />
			</broadcasts> 
			<results>
				<result name="NotLoggedIn" do="user.login" redirect="true" />
				<result name="NotAuthorized" do="user.notauthorized" redirect="true"/>
				<result name="AccessDenied" do="user.accessdenied" redirect="true"/>
				<result do="view.templateFinancial"/>
			</results>
            <views>
				<include name="body" template="financial/manageprogramyear.cfm" />
			</views>
		</event-handler>	

        <event-handler name="financial.saveprogramyearnameonly">
			<broadcasts>
				<message name="checkLogin">
					<argument name="role" value="manager,submanager" />
                    <argument name="section" value="700" />
				</message>
				<message name="saveprogramyearnameonly" />
			</broadcasts> 
			<results>
				<result name="NotLoggedIn" do="user.login" redirect="true" />
				<result name="NotAuthorized" do="user.notauthorized" redirect="true" />	
			</results>
		</event-handler> 

        <event-handler name="financial.showMSYWindow">
			<broadcasts>
				<message name="checkLogin">
					<argument name="role" value="manager,submanager" />
                    <argument name="section" value="700" />
				</message>
				<message name="getMSYValues" />
			</broadcasts> 
			<results>
				<result name="NotLoggedIn" do="user.login" redirect="true" />
				<result name="NotAuthorized" do="user.notauthorized" redirect="true" />	
			</results>
            <views>
				<include name="body" template="financial/showMSYWindow.cfm" />
			</views>
		</event-handler>

		<!-- Save MSY Values -->
		<event-handler name="financial.saveMSY">
			<broadcasts>
				<message name="checkLogin">
					<argument name="role" value="manager,submanager" />
					<argument name="section" value="700" />
				</message>
				<message name="saveMSY" />
			</broadcasts> 
			<results>
				<result name="NotLoggedIn" do="user.login" redirect="true" />
				<result name="NotAuthorized" do="user.notauthorized" redirect="true" />
			</results>
			<views />
		</event-handler>

		<event-handler name="financial.showSiteAssignment">
			<broadcasts>
				<message name="checkLogin">
					<argument name="role" value="manager,submanager" />
                    <argument name="section" value="700" />
				</message>
				<message name="getSiteAssignedToProgramYear" />
				<message name="getSitesAssigenedToStaffs" />
			</broadcasts> 
			<results>
				<result name="NotLoggedIn" do="user.login" redirect="true" />
				<result name="NotAuthorized" do="user.notauthorized" redirect="true" />	
			</results>
            <views>
				<include name="body" template="financial/showSiteAssignment.cfm" />
			</views>
		</event-handler>

		<event-handler name="financial.manageprimecode">
			<broadcasts>
				<message name="checkLogin">
					<argument name="role" value="manager,submanager" />
                    <argument name="section" value="700" />
				</message>
				<message name="getPrimeCodes"/>
			</broadcasts> 
			<results>
				<result name="NotLoggedIn" do="user.login" redirect="true" />
				<result name="NotAuthorized" do="user.notauthorized" redirect="true"/>
				<result name="AccessDenied" do="user.accessdenied" redirect="true"/>
				<result do="view.templateFinancial"/>
			</results>
            <views>
				<include name="body" template="financial/manageprimecode.cfm" />
			</views>
		</event-handler>

		<event-handler name="financial.manageprimecodeaction">
			<broadcasts>
				<message name="checkLogin">
					<argument name="role" value="manager,submanager" />
                    <argument name="section" value="700" />
				</message>
				<message name="processManagePrimecodes" />
			</broadcasts>
			<results>
				<result name="NotLoggedIn" do="user.login" redirect="true" />
				<result name="NotAuthorized" do="user.notauthorized" redirect="true"/>
				<result name="AccessDenied" do="user.accessdenied" redirect="true"/>
			</results>
			<views />
		</event-handler>

		<event-handler name="financial.getAlphabetPrimecode">
			<broadcasts>
				<message name="checkLogin">
					<argument name="role" value="manager,submanager" />
                    <argument name="section" value="700" />
				</message>
				<message name="getAlphabetPrimecode"/>
			</broadcasts> 
			<results>
				<result name="NotLoggedIn" do="user.login" redirect="true" />
				<result name="NotAuthorized" do="user.notauthorized" redirect="true"/>
				<result name="AccessDenied" do="user.accessdenied" redirect="true"/>
			</results>
            <views />
		</event-handler>

		<event-handler name="financial.siteAssigmentProcess">
			<broadcasts>
				<message name="checkLogin">
					<argument name="role" value="manager,submanager" />
					<argument name="section" value="700" />
				</message>
				<message name="processSiteAssignment" />
			</broadcasts> 
			<results>
				<result name="NotLoggedIn" do="user.login" redirect="true" />
				<result name="NotAuthorized" do="user.notauthorized" redirect="true" />	
			</results>
			<views />
		</event-handler>

		<event-handler name="financial.showUpdateSiteWindow">
			<broadcasts>
				<message name="checkLogin">
					<argument name="role" value="manager,submanager" />
                    <argument name="section" value="700" />
				</message>
				<message name="getAllSectionsForSiteSetup" />
				<message name="getFinUsers">
					<argument name="usertype" value="volunteer" />
					<argument name="requireenrolled" value="true" />
				</message>
				<message name="getAvailableUserAcces" />
				<message name="getSpecifcValuesToDetectSecThreeManualChange"/>
			</broadcasts> 
			<results>
				<result name="NotLoggedIn" do="user.login" redirect="true" />
				<result name="NotAuthorized" do="user.notauthorized" redirect="true" />	
			</results>
            <views>
				<include name="body" template="financial/showUpdateSiteWindow.cfm" />
			</views>
		</event-handler>

		<event-handler name="financial.getGrantTypeFields">
			<broadcasts>
				<message name="checkLogin">
					<argument name="role" value="manager,submanager" />
					<argument name="section" value="700" />
				</message>
				<message name="getGrantTypeFields" />
			</broadcasts> 
			<results>
				<result name="NotLoggedIn" do="user.login" redirect="true" />
				<result name="NotAuthorized" do="user.notauthorized" redirect="true" />	
			</results>
			<views />
		</event-handler>

		<event-handler name="financial.getBudgetFundingComponent">
			<broadcasts>
				<message name="checkLogin">
					<argument name="role" value="manager,submanager" />
					<argument name="section" value="700" />
				</message>
				<message name="getBudgetFundingComponent" />
			</broadcasts> 
			<results>
				<result name="NotLoggedIn" do="user.login" redirect="true" />
				<result name="NotAuthorized" do="user.notauthorized" redirect="true" />	
			</results>
			<views />
		</event-handler>

		<event-handler name="financial.saveSiteSetting">
			<broadcasts>
				<message name="checkLogin">
					<argument name="role" value="manager,submanager" />
					<argument name="section" value="700" />
				</message>
				<message name="saveSiteSetting" />
			</broadcasts> 
			<results>
				<result name="NotLoggedIn" do="user.login" redirect="true" />
				<result name="NotAuthorized" do="user.notauthorized" redirect="true" />	
			</results>
			<views />
		</event-handler>

		<event-handler name="financial.saveProgramYearDetail">
			<broadcasts>
				<message name="checkLogin">
					<argument name="role" value="manager,submanager" />
					<argument name="section" value="700" />
				</message>
				<message name="saveProgramYearDetail" />
			</broadcasts> 
			<results>
				<result name="NotLoggedIn" do="user.login" redirect="true" />
				<result name="NotAuthorized" do="user.notauthorized" redirect="true" />	
			</results>
			<views />
		</event-handler>
		
		<event-handler name="financial.getAssignedSites">
			<broadcasts>
				<message name="checkLogin">
					<argument name="role" value="manager,submanager" />
					<argument name="section" value="700" />
				</message>
				<message name="getSiteAssignedToProgramYearArr" />
			</broadcasts> 
			<results>
				<result name="NotLoggedIn" do="user.login" redirect="true" />
				<result name="NotAuthorized" do="user.notauthorized" redirect="true" />	
			</results>
			<views />
		</event-handler>

		<event-handler name="financial.saveProgramYearDate">
			<broadcasts>
				<message name="checkLogin">
					<argument name="role" value="manager,submanager" />
					<argument name="section" value="700" />
				</message>
				<message name="saveProgramYearDate" />
			</broadcasts> 
			<results>
				<result name="NotLoggedIn" do="user.login" redirect="true" />
				<result name="NotAuthorized" do="user.notauthorized" redirect="true" />	
			</results>
			<views />
		</event-handler>

		<event-handler name="financial.volunteerhome">
			<broadcasts>
				<message name="checkLogin">
					<argument name="role" value="volunteer" />
				</message>
				<message name="getVolunteerProgramYear" />
			</broadcasts> 
			<results>
				<result name="NotLoggedIn" do="user.login" redirect="true" />
				<result name="NotAuthorized" do="user.notauthorized" redirect="true" />	
				<result do="view.templateFinancial" />
			</results>
			<views>
				<include name="body" template="financial/volunteerhome.cfm" />
			</views>
		</event-handler>

		<event-handler name="financial.getProgramYearSites">
			<broadcasts>
				<message name="checkLogin">
					<argument name="role" value="volunteer" />
				</message>
				<message name="getProgramYearSites" />
			</broadcasts> 
			<results>
				<result name="NotLoggedIn" do="user.login" redirect="true" />
				<result name="NotAuthorized" do="user.notauthorized" redirect="true" />	
			</results>
			<views />
		</event-handler>

		<event-handler name="financial.budgetStatus">
			<broadcasts>
				<message name="checkLogin">
					<argument name="role" value="volunteer" />
				</message>
				<message name="budgetStatus" />
			</broadcasts> 
			<results>
				<result name="NotLoggedIn" do="user.login" redirect="true" />
				<result name="NotAuthorized" do="user.notauthorized" redirect="true" />	
			</results>
			<views />
		</event-handler>

		<event-handler name="financial.budgetcreate">
			<broadcasts>
				<message name="checkLogin">
					<argument name="role" value="volunteer" />
				</message>
				<message name="budgetFundingComponent" />
			</broadcasts> 
			<results>
				<result name="NotLoggedIn" do="user.login" redirect="true" />
				<result name="NotAuthorized" do="user.notauthorized" redirect="true" />	
				<result do="view.templateFinancial"/>
			</results>
			<views>
				<include name="body" template="financial/budget.cfm" />
			</views>
		</event-handler>

		<event-handler name="financial.budgetSubmit">
			<broadcasts>
				<message name="checkLogin">
					<argument name="role" value="volunteer" />
				</message>
				<message name="budgetSubmit" />
			</broadcasts> 
			<results>
				<result name="NotLoggedIn" do="user.login" redirect="true" />
				<result name="NotAuthorized" do="user.notauthorized" redirect="true" />	
				<result do="financial.volunteerhome" redirect="true" append="budgetSubmitted"/>
			</results>
		</event-handler>	

		<event-handler name="financial.budgetdetail">
			<broadcasts>
				<message name="checkLogin">
					<argument name="role" value="volunteer" />
				</message>
				<message name="budgetDetail" />
			</broadcasts> 
			<results>
				<result name="NotLoggedIn" do="user.login" redirect="true" />
				<result name="NotAuthorized" do="user.notauthorized" redirect="true" />	
				<result do="view.templateFinancial"/>
			</results>
			<views>
				<include name="body" template="financial/budgetdetail.cfm" />
			</views>
		</event-handler>

		<event-handler name="financial.budgeteditdetail">
			<broadcasts>
				<message name="checkLogin">
					<argument name="role" value="volunteer" />
				</message>
				<message name="budgetDetail" />
			</broadcasts> 
			<results>
				<result name="NotLoggedIn" do="user.login" redirect="true" />
				<result name="NotAuthorized" do="user.notauthorized" redirect="true" />	
				<result do="view.templateFinancial"/>
			</results>
			<views>
				<include name="body" template="financial/budget.cfm" />
			</views>
		</event-handler>
		
		<event-handler name="financial.updateBudget">
			<broadcasts>
				<message name="checkLogin">
					<argument name="role" value="volunteer" />
				</message>
				<message name="updateBudget" />
			</broadcasts> 
			<results>
				<result name="NotLoggedIn" do="user.login" redirect="true" />
				<result name="NotAuthorized" do="user.notauthorized" redirect="true" />	
				<result do="financial.volunteerhome" redirect="true" append="updateBudget"/>
			</results>
		</event-handler>
		
		<event-handler name="financial.getProgramYearDetail">
			<broadcasts>
				<message name="checkLogin">
					<argument name="role" value="manager,submanager" />
					<argument name="section" value="701,702" />
				</message>
				<message name="getProgramYear" />
			</broadcasts> 
			<results>
				<result name="NotLoggedIn" do="user.login" redirect="true" />
				<result name="NotAuthorized" do="user.notauthorized" redirect="true" />	
			</results>
			<views />
		</event-handler>

		<event-handler name="financial.programyearreview">
			<broadcasts>
				<message name="checkLogin">
					<argument name="role" value="manager,submanager" />
					<argument name="section" value="701,702" />
				</message>
				<message name="getProgramYear" />
				<message name="getProgramYears"/>
			</broadcasts> 
			<results>
				<result name="NotLoggedIn" do="user.login" redirect="true" />
				<result name="NotAuthorized" do="user.notauthorized" redirect="true" />	
				<result do="view.templateFinancial"/>
			</results>
			<views>
				<include name="body" template="financial/programyearreview.cfm" />
			</views>
		</event-handler>
		
		<event-handler name="financial.getProgramYearSitesDetails">
			<broadcasts>
				<message name="checkLogin">
					<argument name="role" value="manager,submanager" />
					<argument name="section" value="701,702" />
				</message>
				<message name="getProgramYearAllSiteDetails" />
			</broadcasts> 
			<results>
				<result name="NotLoggedIn" do="user.login" redirect="true" />
				<result name="NotAuthorized" do="user.notauthorized" redirect="true" />	
			</results>
			<views />
		</event-handler>

		<event-handler name="financial.getProgramYearSitesName">
			<broadcasts>
				<message name="checkLogin">
					<argument name="role" value="manager,submanager" />
					<argument name="section" value="701,702" />
				</message>
				<message name="getProgramYearAllSitesName" />
			</broadcasts> 
			<results>
				<result name="NotLoggedIn" do="user.login" redirect="true" />
				<result name="NotAuthorized" do="user.notauthorized" redirect="true" />	
			</results>
			<views />
		</event-handler>
		
		<event-handler name="financial.screenbudget">
			<broadcasts>
				<message name="checkLogin">
					<argument name="role" value="manager,submanager" />
					<argument name="section" value="701,702" />
				</message>
				<message name="budgetDetail" />
			</broadcasts> 
			<results>
				<result name="NotLoggedIn" do="user.login" redirect="true" />
				<result name="NotAuthorized" do="user.notauthorized" redirect="true" />	
				<result do="view.templateFinancial"/>
			</results>
			<views>
				<include name="body" template="financial/screenbudget.cfm" />
			</views>
		</event-handler>

		<event-handler name="financial.savebudgetdecision">
			<broadcasts>
				<message name="checkLogin">
					<argument name="role" value="manager,submanager" />
					<argument name="section" value="701,702" />
				</message>
				<message name="savebudgetdecision" />
			</broadcasts> 
			<results>
				<result name="NotLoggedIn" do="user.login" redirect="true" />
				<result name="NotAuthorized" do="user.notauthorized" redirect="true" />	
				<result do="financial.programyearreview" redirect="true" append="savedbudgetdecision"/>
			</results>
		</event-handler>

		<event-handler name="financial.budgetmodification">
			<broadcasts>
				<message name="checkLogin">
					<argument name="role" value="volunteer" />
				</message>
				<message name="modifiedbudgetDetail" />
			</broadcasts> 
			<results>
				<result name="NotLoggedIn" do="user.login" redirect="true" />
				<result name="NotAuthorized" do="user.notauthorized" redirect="true" />	
				<result do="view.templateFinancial"/>
			</results>
			<views>
				<include name="body" template="financial/budgetmodification.cfm" />
			</views>
		</event-handler>

		<event-handler name="financial.submitModification">
			<broadcasts>
				<message name="checkLogin">
					<argument name="role" value="volunteer" />
				</message>
				<message name="submitModification" />
			</broadcasts> 
			<results>
				<result name="NotLoggedIn" do="user.login" redirect="true" />
				<result name="NotAuthorized" do="user.notauthorized" redirect="true" />	
				<result do="financial.volunteerhome" redirect="true" append="budgetModificationSubmitted"/>
			</results>
		</event-handler>
		
		<event-handler name="financial.screenmodifiedbudget">
			<broadcasts>
				<message name="checkLogin">
					<argument name="role" value="manager,submanager" />
					<argument name="section" value="701,702" />
				</message>
				<message name="modifiedbudgetDetail" />
			</broadcasts> 
			<results>
				<result name="NotLoggedIn" do="user.login" redirect="true" />
				<result name="NotAuthorized" do="user.notauthorized" redirect="true" />	
				<result do="view.templateFinancial"/>
			</results>
			<views>
				<include name="body" template="financial/screenmodifiedbudget.cfm" />
			</views>
		</event-handler>

		<event-handler name="financial.deleteProgramYear">
			<broadcasts>
				<message name="checkLogin">
					<argument name="role" value="manager,submanager" />
					<argument name="section" value="700" />
				</message>
				<message name="deleteProgramYear" />
			</broadcasts> 
			<results>
				<result name="NotLoggedIn" do="user.login" redirect="true" />
				<result name="NotAuthorized" do="user.notauthorized" redirect="true" />
			</results>
			<views />
		</event-handler>
		
		<event-handler name="financial.budgetmodificationdetail">
			<broadcasts>
				<message name="checkLogin">
					<argument name="role" value="volunteer" />
				</message>
				<message name="modifiedbudgetDetail" />
			</broadcasts> 
			<results>
				<result name="NotLoggedIn" do="user.login" redirect="true" />
				<result name="NotAuthorized" do="user.notauthorized" redirect="true" />	
				<result do="view.templateFinancial"/>
			</results>
			<views>
				<include name="body" template="financial/budgetmodificationdetail.cfm" />
			</views>
		</event-handler>

		<event-handler name="financial.exportexcel">
			<broadcasts>
				<message name="checkLogin">
					<argument name="role" value="volunteer" />
				</message>
				<message name="exportexcel" />
			</broadcasts> 
			<results>
				<result name="NotLoggedIn" do="user.login" redirect="true" />
				<result name="NotAuthorized" do="user.notauthorized" redirect="true" />	
			</results>
			<views />
		</event-handler>

		<event-handler name="financial.exportexcelprogram">
			<broadcasts>
				<message name="checkLogin">
					<argument name="role" value="manager,submanager" />
					<argument name="section" value="701,702" />
				</message>
				<message name="exportexcel" />
			</broadcasts> 
			<results>
				<result name="NotLoggedIn" do="user.login" redirect="true" />
				<result name="NotAuthorized" do="user.notauthorized" redirect="true" />	
			</results>
			<views />
		</event-handler>

		<event-handler name="financial.download">
			<broadcasts>
				<message name="checkLogin">
					<argument name="role" value="manager,submanager,volunteer" />
				</message>
				<message name="getAttachmentToDownload" />
			</broadcasts> 
			<results>
				<result name="NotLoggedIn" do="user.login" redirect="true" />
				<result name="NotAuthorized" do="user.notauthorized" redirect="true" />	
			</results>
			<views>
				<include name="body" template="financial/download.cfm" />
			</views>
		</event-handler>

		<event-handler name="financial.expensereport">
			<broadcasts>
				<message name="checkLogin">
					<argument name="role" value="volunteer" />
				</message>
				<message name="PERFundingComponent" />
			</broadcasts> 
			<results>
				<result name="NotLoggedIn" do="user.login" redirect="true" />
				<result name="NotAuthorized" do="user.notauthorized" redirect="true" />	
				<result do="view.templateFinancial"/>
			</results>
			<views>
				<include name="body" template="financial/expensereport.cfm" />
			</views>
		</event-handler>

		<event-handler name="financial.PERSubmit">
			<broadcasts>
				<message name="checkLogin">
					<argument name="role" value="volunteer" />
				</message>
				<message name="PERSubmit" />
			</broadcasts> 
			<results>
				<result name="NotLoggedIn" do="user.login" redirect="true" />
				<result name="NotAuthorized" do="user.notauthorized" redirect="true" />	
				<result do="financial.volunteerhome" redirect="true" append="PERSubmitted"/>
			</results>
		</event-handler>

		<event-handler name="financial.screenPER">
			<broadcasts>
				<message name="checkLogin">
					<argument name="role" value="manager,submanager" />
					<argument name="section" value="701,702" />
				</message>
				<message name="PERFundingComponent" />
			</broadcasts> 
			<results>
				<result name="NotLoggedIn" do="user.login" redirect="true" />
				<result name="NotAuthorized" do="user.notauthorized" redirect="true" />	
				<result do="view.templateFinancial"/>
			</results>
			<views>
				<include name="body" template="financial/screenper.cfm" />
			</views>
		</event-handler>

		<event-handler name="financial.savePERDecision">
			<broadcasts>
				<message name="checkLogin">
					<argument name="role" value="manager,submanager" />
					<argument name="section" value="701,702" />
				</message>
				<message name="savePERDecision" />
			</broadcasts> 
			<results>
				<result name="NotLoggedIn" do="user.login" redirect="true" />
				<result name="NotAuthorized" do="user.notauthorized" redirect="true" />	
				<result do="financial.programyearreview" redirect="true" append="savedPERDecision"/>
			</results>
		</event-handler>
	<!--Start: FR-145 -->
		<event-handler name="financial.showInstructionMessagesWindow">
			<broadcasts>
				<message name="checkLogin">
					<argument name="role" value="manager,submanager" />
                    <argument name="section" value="700" />
				</message>				
				 <message name="getProgramYear"/>				
			</broadcasts> 
			<results>
				<result name="NotLoggedIn" do="user.login" redirect="true" />
				<result name="NotAuthorized" do="user.notauthorized" redirect="true" />	
			</results>
            <views>
				<include name="body" template="financial/instructionMessages.cfm" />
			</views>
		</event-handler>
		<event-handler name="financial.saveInstructionSetting">
			<broadcasts>
				<message name="checkLogin">
					<argument name="role" value="manager,submanager" />
					<argument name="section" value="700" />
				</message>
				<message name="saveInstructionSetting" />
			</broadcasts> 
			<results>
				<result name="NotLoggedIn" do="user.login" redirect="true" />
				<result name="NotAuthorized" do="user.notauthorized" redirect="true" />	
			</results>
			<views />
		</event-handler>
		<!--End: FR-145 -->

		<event-handler name="financial.expensereportdetail">
			<broadcasts>
				<message name="checkLogin">
					<argument name="role" value="volunteer" />
				</message>
				<message name="PERFundingComponent" />
			</broadcasts>
			<results>
				<result name="NotLoggedIn" do="user.login" redirect="true" />
				<result name="NotAuthorized" do="user.notauthorized" redirect="true" />	
				<result do="view.templateFinancial"/>
			</results>
			<views>
				<include name="body" template="financial/expensereportdetail.cfm" />
			</views>
		</event-handler>

		<event-handler name="financial.updatePER">
			<broadcasts>
				<message name="checkLogin">
					<argument name="role" value="volunteer" />
				</message>
				<message name="updatePER" />
			</broadcasts> 
			<results>
				<result name="NotLoggedIn" do="user.login" redirect="true" />
				<result name="NotAuthorized" do="user.notauthorized" redirect="true" />	
				<result do="financial.volunteerhome" redirect="true" append="updatedPER"/>
			</results>
		</event-handler>

		<!--Start:FR-133-->
		<event-handler name="financial.sendFinancialReportingEmails">
			<broadcasts>
				<message name="sendFinancialReportingEmails"/>
			</broadcasts> 
		</event-handler>
		<!--Stops:FR-133-->
	
		<event-handler name="financial.saveExpenseReport">
			<broadcasts>
				<message name="checkLogin">
					<argument name="role" value="volunteer" />
				</message>
				<message name="saveExpenseReport" />
			</broadcasts> 
			<results>
				<result name="NotLoggedIn" do="user.login" redirect="true" />
				<result name="NotAuthorized" do="user.notauthorized" redirect="true" />	
			</results>
			<views />
		</event-handler>

		<event-handler name="financial.saveExpenseReportReceipt">
			<broadcasts>
				<message name="checkLogin">
					<argument name="role" value="volunteer" />
				</message>
				<message name="saveExpenseReportReceipt" />
			</broadcasts> 
			<results>
				<result name="NotLoggedIn" do="user.login" redirect="true" />
				<result name="NotAuthorized" do="user.notauthorized" redirect="true" />	
			</results>
			<views />
		</event-handler>
		
		<event-handler name="financial.saveExpenseReportAttachments">
			<broadcasts>
				<message name="checkLogin">
					<argument name="role" value="volunteer" />
				</message>
				<message name="saveExpenseReportAttachments" />
			</broadcasts> 
			<results>
				<result name="NotLoggedIn" do="user.login" redirect="true" />
				<result name="NotAuthorized" do="user.notauthorized" redirect="true" />	
			</results>
			<views />
		</event-handler>
		
		<event-handler name="financial.getReceipts">
			<broadcasts>
				<message name="checkLogin">
					<argument name="role" value="manager,submanager,volunteer" />
				</message>
				<message name="getExpenseReportReceipt" />
			</broadcasts> 
			<results>
				<result name="NotLoggedIn" do="user.login" redirect="true" />
				<result name="NotAuthorized" do="user.notauthorized" redirect="true" />	
			</results>
			<views />
		</event-handler>

		<event-handler name="financial.downloadzip">
			<broadcasts>
				<message name="checkLogin">
					<argument name="role" value="manager,submanager,volunteer" />
				</message>
				<message name="getAttachmentByIds" />
			</broadcasts> 
			<results>
				<result name="NotLoggedIn" do="user.login" redirect="true" />
				<result name="NotAuthorized" do="user.notauthorized" redirect="true" />	
			</results>
			<views>
				<include name="body" template="financial/downloadzip.cfm" />
			</views>
		</event-handler>

		<event-handler name="financial.removeReceipts">
			<broadcasts>
				<message name="checkLogin">
					<argument name="role" value="volunteer" />
				</message>
				<message name="removeReceipts" />
			</broadcasts> 
			<results>
				<result name="NotLoggedIn" do="user.login" redirect="true" />
				<result name="NotAuthorized" do="user.notauthorized" redirect="true" />	
			</results>
			<views />
		</event-handler>

		<event-handler name="financial.getBudgetComponentByGrantType">
			<broadcasts>
				<message name="checkLogin">
					<argument name="role" value="manager,submanager" />
					<argument name="section" value="700" />
				</message>
				<message name="getBudgetComponentByGrantType" />
			</broadcasts> 
			<results>
				<result name="NotLoggedIn" do="user.login" redirect="true" />
				<result name="NotAuthorized" do="user.notauthorized" redirect="true" />	
			</results>
			<views />
		</event-handler>

		<event-handler name="financial.saveBudgetModification">
			<broadcasts>
				<message name="checkLogin">
					<argument name="role" value="volunteer" />
				</message>
				<message name="saveBudgetModification" />
			</broadcasts> 
			<results>
				<result name="NotLoggedIn" do="user.login" redirect="true" />
				<result name="NotAuthorized" do="user.notauthorized" redirect="true" />	
			</results>
			<views />
		</event-handler>

		<event-handler name="financial.saveModificationAttachments">
			<broadcasts>
				<message name="checkLogin">
					<argument name="role" value="volunteer" />
				</message>
				<message name="saveModificationAttachments" />
			</broadcasts> 
			<results>
				<result name="NotLoggedIn" do="user.login" redirect="true" />
				<result name="NotAuthorized" do="user.notauthorized" redirect="true" />	
			</results>
			<views />
		</event-handler>
		
		<event-handler name="financial.getPERAttachmentSetting">
			<broadcasts>
				<message name="checkLogin">
					<argument name="role" value="manager,submanager" />
					<argument name="section" value="701,702" />
				</message>
				<message name="getPERAttachmentSetting" />
			</broadcasts> 
			<results>
				<result name="NotLoggedIn" do="user.login" redirect="true" />
				<result name="NotAuthorized" do="user.notauthorized" redirect="true" />	
			</results>
			<views />
		</event-handler>

		<event-handler name="financial.updateSiteDetail">
			<broadcasts>
				<message name="checkLogin">
					<argument name="role" value="manager,submanager" />
					<argument name="section" value="700" />
				</message>
				<message name="updateSiteDetail" />
			</broadcasts> 
			<results>
				<result name="NotLoggedIn" do="user.login" redirect="true" />
				<result name="NotAuthorized" do="user.notauthorized" redirect="true" />	
			</results>
			<views />
		</event-handler>

		<event-handler name="financial.saveExpenseReportLimitAccess">
			<broadcasts>
				<message name="checkLogin">
					<argument name="role" value="manager,submanager" />
					<argument name="section" value="701,702" />
				</message>
				<message name="saveExpenseReportLimitAccess" />
			</broadcasts> 
			<results>
				<result name="NotLoggedIn" do="user.login" redirect="true" />
				<result name="NotAuthorized" do="user.notauthorized" redirect="true" />	
			</results>
			<views />
		</event-handler>
		<event-handler name="financial.getDetailsAcrossAllSites">
			<broadcasts>
				<message name="checkLogin">
					<argument name="role" value="manager,submanager" />
					<argument name="section" value="701,702" />
				</message>
				<message name="getDetailsAcrossAllSites" />
			</broadcasts> 
			<results>
				<result name="NotLoggedIn" do="user.login" redirect="true" />
				<result name="NotAuthorized" do="user.notauthorized" redirect="true" />	
			</results>
			<views />
		</event-handler>
		<event-handler name="financial.showGrantTypeFilter">
			<broadcasts>
				<message name="checkLogin">
					<argument name="role" value="manager,submanager" />
                    <argument name="section" value="700" />
				</message>
				<message name="getGrantTypes" />
			</broadcasts> 
			<results>
				<result name="NotLoggedIn" do="user.login" redirect="true" />
				<result name="NotAuthorized" do="user.notauthorized" redirect="true" />	
			</results>
            <views>
				<include name="body" template="financial/showGrantTypeFilter.cfm" />
			</views>
		</event-handler>
		<event-handler name="financial.showPrimeCodeFilter">
			<broadcasts>
				<message name="checkLogin">
					<argument name="role" value="manager,submanager" />
                    <argument name="section" value="700" />
				</message>
				<message name="getPrimeCodesForFilter" />
			</broadcasts> 
			<results>
				<result name="NotLoggedIn" do="user.login" redirect="true" />
				<result name="NotAuthorized" do="user.notauthorized" redirect="true" />	
			</results>
            <views>
				<include name="body" template="financial/showPrimeCodeFilter.cfm" />
			</views>
		</event-handler>

		<event-handler name="financial.getIncludedSitesPeriod">
			<broadcasts>
				<message name="checkLogin">
					<argument name="role" value="manager,submanager" />
					<argument name="section" value="701,702" />
				</message>
				<message name="getIncludedSitesPeriod" />
			</broadcasts> 
			<results>
				<result name="NotLoggedIn" do="user.login" redirect="true" />
				<result name="NotAuthorized" do="user.notauthorized" redirect="true" />	
			</results>
			<views />
		</event-handler>

		<event-handler name="financial.showExpenseReportFilter">
			<broadcasts>
				<message name="checkLogin">
					<argument name="role" value="manager,submanager" />
					<argument name="section" value="701,702" />
				</message>
				<message name="showExpenseReportFilter" />
			</broadcasts> 
			<results>
				<result name="NotLoggedIn" do="user.login" redirect="true" />
				<result name="NotAuthorized" do="user.notauthorized" redirect="true" />	
			</results>
			 <views>
				<include name="body" template="financial/showExpenseReportFilter.cfm" />
			</views>
		</event-handler>

		<event-handler name="financial.launchPERs">
			<broadcasts>
				<message name="checkLogin">
					<argument name="role" value="manager,submanager" />
					<argument name="section" value="701,702" />
				</message>
				<message name="launchPERs" />
			</broadcasts> 
			<results>
				<result name="NotLoggedIn" do="user.login" redirect="true" />
				<result name="NotAuthorized" do="user.notauthorized" redirect="true" />	
			</results>
			<views />
		</event-handler>

		<event-handler name="financial.expensesummary">
			<broadcasts>
				<message name="checkLogin">
					<argument name="role" value="manager,submanager" />
					<argument name="section" value="701,702" />
				</message>
				<message name="getAllSiteForBasedonUserType" />
			</broadcasts> 
			<results>
				<result name="NotLoggedIn" do="user.login" redirect="true" />
				<result name="NotAuthorized" do="user.notauthorized" redirect="true" />	
				<result do="view.templateFinancialSecond"/>
			</results>
			<views>
				<include name="body" template="financial/expensesummary.cfm" />
			</views>
		</event-handler>

		<event-handler name="financial.volexpensesummary">
			<broadcasts>
				<message name="checkLogin">
					<argument name="role" value="volunteer" />
				</message>
				<message name="getAllSiteForBasedonUserType" />
			</broadcasts> 
			<results>
				<result name="NotLoggedIn" do="user.login" redirect="true" />
				<result name="NotAuthorized" do="user.notauthorized" redirect="true" />	
				<result do="view.templateFinancial"/>
			</results>
			<views>
				<include name="body" template="financial/volexpensesummary.cfm" />
			</views>
		</event-handler>
		
		<event-handler name="financial.getExpenseReportsBySites">
			<broadcasts>
				<message name="checkLogin">
					<argument name="role" value="manager,submanager,volunteer" />
				</message>
				<message name="getExpenseReportsBySites" />
			</broadcasts> 
			<results>
				<result name="NotLoggedIn" do="user.login" redirect="true" />
				<result name="NotAuthorized" do="user.notauthorized" redirect="true" />	
			</results>
			<views />
		</event-handler>

		<event-handler name="financial.showExportPopUp">
			<broadcasts>
				<message name="checkLogin">
					<argument name="role" value="manager,submanager,volunteer" />
				</message>
			</broadcasts>
			<results>
				<result name="NotLoggedIn" do="user.login" redirect="true" />
				<result name="NotAuthorized" do="user.notauthorized" redirect="true" />
				<result do="view.templateFinancial" />
			</results>
			<views>
				<include name="body" template="financial/showCommonExpenseExportPopUp.cfm" />
			</views>
		</event-handler>

		<event-handler name="financial.processExportData">
			<broadcasts>
				<message name="checkLogin">
					<argument name="role" value="manager,submanager,volunteer" />
				</message>
				<message name="processExportData" />
			</broadcasts>
			<results>
				<result name="NotLoggedIn" do="user.login" redirect="true" />
				<result name="NotAuthorized" do="user.notauthorized" redirect="true" />
			</results>
			<views />
		</event-handler>

		<event-handler name="financial.getFinancialExcelExportStatus">
			<broadcasts>
				<message name="checkLogin">
					<argument name="role" value="manager,submanager,volunteer" />
				</message>
				<message name="getFinancialExcelExportStatus" />
			</broadcasts>
			<results>
				<result name="NotLoggedIn" do="user.login" redirect="true" />
				<result name="NotAuthorized" do="user.notauthorized" redirect="true" />
			</results>
			<views />
		</event-handler>

		<event-handler name="financial.downloadexpensesummary">
			<broadcasts>
				<message name="checkLogin">
					<argument name="role" value="manager,submanager,volunteer" />
				</message>
			</broadcasts> 
			<results>
				<result name="NotLoggedIn" do="user.login" redirect="true" />
				<result name="NotAuthorized" do="user.notauthorized" redirect="true" />	
			</results>
			<views>
				<include name="body" template="financial/downloadexpensesummary.cfm" />
			</views>
		</event-handler>

		<event-handler name="financial.getStaffRoles">
			<broadcasts>
				<message name="checkLogin">
					<argument name="role" value="manager,submanager" />
					<argument name="section" value="700,701,702" />
				</message>
				<message name="getStaffActiveRolesJson" />																				
			</broadcasts>
			<results>
				<result name="NotLoggedIn" do="user.login" redirect="true" />
				<result name="NotAuthorized" do="user.notauthorized" redirect="true" />	
			</results>
			<views />		
		</event-handler>

		<event-handler name="financial.saveExportOptions">
			<broadcasts>
				<message name="checkLogin">
					<argument name="role" value="manager,submanager,volunteer" />
				</message>
				<message name="saveExportOptions" />																				
			</broadcasts>		
			<results>
				<result name="NotLoggedIn" do="user.login" redirect="true" />
				<result name="NotAuthorized" do="user.notauthorized" redirect="true" />	
			</results>
			<views />
		</event-handler>

		<event-handler name="financial.checkSavedFinancialExports">
			<broadcasts>
				<message name="checkLogin">
					<argument name="role" value="manager,submanager,volunteer" />
				</message>
				<message name="checkSavedFinancialExports" />																				
			</broadcasts>
			<results>
				<result name="NotLoggedIn" do="user.login" redirect="true" />
				<result name="NotAuthorized" do="user.notauthorized" redirect="true" />	
			</results>
			<views />	
		</event-handler>

		<event-handler name="financial.getAvailableSavedFinancialExports">
			<broadcasts>
				<message name="checkLogin">
					<argument name="role" value="manager,submanager,volunteer" />
				</message>
				<message name="getAvailableSavedFinancialExports" />																				
			</broadcasts>
			<results>
				<result name="NotLoggedIn" do="user.login" redirect="true" />
				<result name="NotAuthorized" do="user.notauthorized" redirect="true" />	
			</results>
			<views>
				<include name="body" template="financial/financialsavedselectionexport.cfm" />
			</views>
		</event-handler>
		
		<event-handler name="financial.checkSavedFinancialExportExists">
			<broadcasts>
				<message name="checkLogin">
					<argument name="role" value="manager,submanager,volunteer" />
				</message>
				<message name="checkSavedFinancialExportExists" />																				
			</broadcasts>
			<results>
				<result name="NotLoggedIn" do="user.login" redirect="true" />
				<result name="NotAuthorized" do="user.notauthorized" redirect="true" />	
			</results>
			<views />	
		</event-handler>
		
		<event-handler name="financial.savedExportOptionDetail">
			<broadcasts>
				<message name="checkLogin">
					<argument name="role" value="manager,submanager,volunteer" />
				</message>
				<message name="savedExportOptionDetail" />
				<message name="getStaffActiveRoles" />																		
			</broadcasts>
			<results>
				<result name="NotLoggedIn" do="user.login" redirect="true" />
				<result name="NotAuthorized" do="user.notauthorized" redirect="true" />	
			</results>
			<views>
				<include name="body" template="financial/editSaveExportOption.cfm" />
			</views>
		</event-handler>
		
		<event-handler name="financial.updateExportOptionsDetail">
			<broadcasts>
				<message name="checkLogin">
					<argument name="role" value="manager,submanager,volunteer" />
				</message>
				<message name="updateExportOptionsDetail" />																				
			</broadcasts>
			<results>
				<result name="NotLoggedIn" do="user.login" redirect="true" />
				<result name="NotAuthorized" do="user.notauthorized" redirect="true" />	
			</results>
			<views />	
		</event-handler>
		
		<event-handler name="financial.deleteExportOption">
			<broadcasts>
				<message name="checkLogin">
					<argument name="role" value="manager,submanager,volunteer" />
				</message>
				<message name="deleteExportOption" />																				
			</broadcasts>
			<results>
				<result name="NotLoggedIn" do="user.login" redirect="true" />
				<result name="NotAuthorized" do="user.notauthorized" redirect="true" />	
			</results>
			<views />	
		</event-handler>

		<event-handler name="financial.buildreports">
			<broadcasts>
				<message name="checkLogin">
					<argument name="role" value="manager,submanager,volunteer" />
				</message>
				<message name="getAllSiteForBasedonUserType" />
			</broadcasts> 
			<results>
				<result name="NotLoggedIn" do="user.login" redirect="true" />
				<result name="NotAuthorized" do="user.notauthorized" redirect="true" />	
				<result do="view.templateFinancial" />
			</results>
			<views>
				<include name="body" template="financial/buildreports.cfm" />
			</views>
		</event-handler>
		
		<event-handler name="financial.expensedetailsreport">
			<broadcasts>
				<message name="checkLogin">
					<argument name="role" value="manager,submanager" />
					<argument name="section" value="701,702" />
				</message>
				<message name="getAllSiteForBasedonUserType" />
			</broadcasts> 
			<results>
				<result name="NotLoggedIn" do="user.login" redirect="true" />
				<result name="NotAuthorized" do="user.notauthorized" redirect="true" />	
				<result do="view.templateFinancialSecond"/>
			</results>
			<views>
				<include name="body" template="financial/expensedetailsreport.cfm" />
			</views>
		</event-handler>

		<event-handler name="financial.processExpenseDetailExportData">
			<broadcasts>
				<message name="checkLogin">
					<argument name="role" value="manager,submanager,volunteer" />
				</message>
				<message name="processExpenseDetailExportData" />
			</broadcasts>
			<results>
				<result name="NotLoggedIn" do="user.login" redirect="true" />
				<result name="NotAuthorized" do="user.notauthorized" redirect="true" />
			</results>
			<views />
		</event-handler>

		<event-handler name="financial.volexpensedetailsreport">
			<broadcasts>
				<message name="checkLogin">
					<argument name="role" value="volunteer" />
				</message>
				<message name="getAllSiteForBasedonUserType" />
			</broadcasts> 
			<results>
				<result name="NotLoggedIn" do="user.login" redirect="true" />
				<result name="NotAuthorized" do="user.notauthorized" redirect="true" />	
				<result do="view.templateFinancial"/>
			</results>
			<views>
				<include name="body" template="financial/volexpensedetailsreport.cfm" />
			</views>
		</event-handler>

		<event-handler name="financial.checkModificationExists">
			<broadcasts>
				<message name="checkLogin">
					<argument name="role" value="manager,submanager,volunteer" />
				</message>
				<message name="checkModificationExists" />
			</broadcasts>
			<results>
				<result name="NotLoggedIn" do="user.login" redirect="true" />
				<result name="NotAuthorized" do="user.notauthorized" redirect="true" />
			</results>
			<views />
		</event-handler>

		<event-handler name="financial.expensedetailsbyprime">
			<broadcasts>
				<message name="checkLogin">
					<argument name="role" value="manager,submanager" />
					<argument name="section" value="701,702" />
				</message>
				<message name="getPrimeCodeAssignedToPySites" />
			</broadcasts>
			<results>
				<result name="NotLoggedIn" do="user.login" redirect="true" />
				<result name="NotAuthorized" do="user.notauthorized" redirect="true" />
				<result do="view.templateFinancialSecond"/>
			</results>
			<views>
				<include name="body" template="financial/expensedetailsbyprime.cfm" />
			</views>
		</event-handler>

		<event-handler name="financial.getProgramYearsByPrimeCode">
			<broadcasts>
				<message name="checkLogin">
					<argument name="role" value="manager,submanager" />
					<argument name="section" value="701,702" />
				</message>
				<message name="getProgramYearsByPrimeCode" />
			</broadcasts>
			<results>
				<result name="NotLoggedIn" do="user.login" redirect="true" />
				<result name="NotAuthorized" do="user.notauthorized" redirect="true" />
			</results>
			<views />
		</event-handler>

		<event-handler name="financial.getExpenseReportsByProgramYears">
			<broadcasts>
				<message name="checkLogin">
					<argument name="role" value="manager,submanager" />
					<argument name="section" value="701,702" />
				</message>
				<message name="getExpenseReportsByProgramYears" />
			</broadcasts> 
			<results>
				<result name="NotLoggedIn" do="user.login" redirect="true" />
				<result name="NotAuthorized" do="user.notauthorized" redirect="true" />	
			</results>
			<views />
		</event-handler>

		<event-handler name="financial.processExpenseDetailByPrimeCodeExportData">
			<broadcasts>
				<message name="checkLogin">
					<argument name="role" value="manager,submanager" />
					<argument name="section" value="701,702" />
				</message>
				<message name="processExpenseDetailByPrimeCodeExportData" />
			</broadcasts>
			<results>
				<result name="NotLoggedIn" do="user.login" redirect="true" />
				<result name="NotAuthorized" do="user.notauthorized" redirect="true" />
			</results>
			<views />
		</event-handler>

		<event-handler name="financial.requestAdditionalAttachments">
			<broadcasts>
				<message name="checkLogin">
					<argument name="role" value="manager,submanager" />
                    <argument name="section" value="700" />
				</message>
				<message name="getAttachmentData"/>				
			</broadcasts> 
			<results>
				<result name="NotLoggedIn" do="user.login" redirect="true" />
				<result name="NotAuthorized" do="user.notauthorized" redirect="true" />	
			</results>
            <views>
				<include name="body" template="financial/requestAdditionalAttachments.cfm" />
			</views>
		</event-handler>

		<event-handler name="financial.saveAdditionalAttachments">
			<broadcasts>
				<message name="checkLogin">
					<argument name="role" value="manager,submanager" />
					<argument name="section" value="700" />
				</message>
				<message name="saveAdditionalAttachments" />
			</broadcasts> 
			<results>
				<result name="NotLoggedIn" do="user.login" redirect="true" />
				<result name="NotAuthorized" do="user.notauthorized" redirect="true" />	
			</results>
			<views />
		</event-handler>

		<event-handler name="financial.saveAdditionalAttachmentsOrder">
			<broadcasts>
				<message name="checkLogin">
					<argument name="role" value="manager,submanager" />
					<argument name="section" value="700" />
				</message>
				<message name="saveAttachmentsOrder" />
			</broadcasts> 
			<results>
				<result name="NotLoggedIn" do="user.login" redirect="true" />
				<result name="NotAuthorized" do="user.notauthorized" redirect="true" />	
			</results>
			<views />
		</event-handler>

		<event-handler name="financial.saveExpenseReportAdditionalAttachments">
			<broadcasts>
				<message name="checkLogin">
					<argument name="role" value="volunteer" />
				</message>
				<message name="saveExpenseReportAdditionalAttachments" />
			</broadcasts> 
			<results>
				<result name="NotLoggedIn" do="user.login" redirect="true" />
				<result name="NotAuthorized" do="user.notauthorized" redirect="true" />	
			</results>
			<views />
		</event-handler>

		<event-handler name="financial.getEachSectionsCopyFromSite">
			<broadcasts>
				<message name="checkLogin">
					<argument name="role" value="manager,submanager" />
					<argument name="section" value="701,702" />
				</message>
				<message name="getEachSectionsCopyFromSite" />
			</broadcasts>
			<results>
				<result name="NotLoggedIn" do="user.login" redirect="true" />
				<result name="NotAuthorized" do="user.notauthorized" redirect="true" />
			</results>
			<views />
		</event-handler>

		<event-handler name="financial.getSectionDetilsBySite">
			<broadcasts>
				<message name="checkLogin">
					<argument name="role" value="manager,submanager" />
					<argument name="section" value="701,702" />
				</message>
				<message name="getSectionDetilsBySite" />
			</broadcasts>
			<results>
				<result name="NotLoggedIn" do="user.login" redirect="true" />
				<result name="NotAuthorized" do="user.notauthorized" redirect="true" />
			</results>
			<views />
		</event-handler>

		<event-handler name="financial.deleteEntries">
			<broadcasts>
				<message name="checkLogin">
					<argument name="role" value="volunteer" />
				</message>
				<message name="deleteEntries" />
			</broadcasts> 
			<results>
				<result name="NotLoggedIn" do="user.login" redirect="true" />
				<result name="NotAuthorized" do="user.notauthorized" redirect="true" />				
			</results>
		</event-handler>

		<event-handler name="financial.frRequestData">
			<broadcasts>
				<message name="checkLogin">
					<argument name="role" value="manager,submanager" />
					<argument name="section" value="701" />
				</message>
				<message name="getFRRequestData" />
			</broadcasts> 
			<results>
				<result name="NotLoggedIn" do="user.login" redirect="true" />
				<result name="NotAuthorized" do="user.notauthorized" redirect="true" />				
			</results>
			<views>
				<include name="body" template="financial/toScreenFRReports.cfm" />
			</views>
		</event-handler>

		<event-handler name="financial.frRequestDataAjax">
			<broadcasts>
				<message name="checkLogin">
					<argument name="role" value="manager,submanager" />
					<argument name="section" value="701" />
				</message>
				<message name="getFRRequestDataAjax" />
			</broadcasts> 
			<results>
				<result name="NotLoggedIn" do="user.login" redirect="true" />
				<result name="NotAuthorized" do="user.notauthorized" redirect="true" />				
			</results>
			<views />
		</event-handler>

		<event-handler name="financial.sendExportMail">
			<broadcasts>
				<message name="sendExportMail" />
			</broadcasts> 
			<results/>
			<views/>
		</event-handler>
		
		<event-handler name="financial.budgetVarianceHistory">
			<broadcasts>
				<message name="checkLogin">
					<argument name="role" value="manager,submanager,volunteer" />
				</message>
				<message name="getBudgetVarianceHistory" />
			</broadcasts> 
			<results>
				<result name="NotLoggedIn" do="user.login" redirect="true" />
				<result name="NotAuthorized" do="user.notauthorized" redirect="true" />				
			</results>
		</event-handler>
		
		<event-handler name="financial.updateSectionThreeEditableCheckbox">
			<broadcasts>
				<message name="checkLogin">
					<argument name="role" value="manager,submanager,volunteer" />
				</message>
				<message name="updateSectionThreeEditableCheckbox" />
			</broadcasts> 
			<results>
				<result name="NotLoggedIn" do="user.login" redirect="true" />
				<result name="NotAuthorized" do="user.notauthorized" redirect="true" />				
			</results>
		</event-handler>

		<event-handler name="financial.exportattachmentpdf">
			<broadcasts>
				<message name="checkLogin">
					<argument name="role" value="manager,submanager,volunteer" />
				</message>
				<message name="exportAttachmentPdf" />
			</broadcasts> 
			<results>
				<result name="NotLoggedIn" do="user.login" redirect="true" />
				<result name="NotAuthorized" do="user.notauthorized" redirect="true" />	
			</results>
			<views />
		</event-handler>

		<event-handler name="financial.getCustomizeViewSectionForSite">
			<broadcasts>		
				<message name="getCustomizeViewSectionForSite" />
			</broadcasts>
			<views />
		</event-handler>

		<event-handler name="financial.displaysitefile">
			<broadcasts>
				<message name="checkLogin">
					<argument name="role" value="manager,submanager" />
				</message>
				<message name="getUser" />	
				<message name="checkStaffSiteAccess" />
				<message name="getSiteFiles" />
			</broadcasts> 

			<results>		
				<result name="NotLoggedIn" do="user.login" redirect="true" />
				<result name="NotAuthorized" do="user.notauthorized" redirect="true" />	
			</results>
			<views>
				<include name="body" template="financial/displaysitefile.cfm" />
			</views>
		</event-handler>

		<event-handler name="financial.downloadsiteSignedDocument">
			<broadcasts>
				<message name="checkLogin">
					<argument name="role" value="manager,submanager" />
				</message>			
				<message name="getUser" />	
				<message name="decryptsiteSignedDocument" />
				<message name="checkStaffSiteAccess" />
			</broadcasts> 
			<results>
				<result name="NotLoggedIn" do="user.login" redirect="true" />
				<result name="NotAuthorized" do="user.notauthorized" redirect="true" />	
			</results>
			<views>
				<include name="body" template="financial/displaySignedDocument.cfm" />
			</views>
		</event-handler>
	</event-handlers>
</modelglue>
