<modelglue>

	<include template="/mvcamericalearns/config/association.xml" />
	<include template="/mvcamericalearns/config/content.xml" />
	<include template="/mvcamericalearns/config/program.xml" />
	<include template="/mvcamericalearns/config/strategy.xml" />
	<include template="/mvcamericalearns/config/survey.xml" />
	<include template="/mvcamericalearns/config/topic.xml" />
	<include template="/mvcamericalearns/config/umbrella.xml" />
	<include template="/mvcamericalearns/config/user.xml" />
	<include template="/mvcamericalearns/config/questions.xml" />
	<include template="/mvcamericalearns/config/timesheet.xml" />
	<include template="/mvcamericalearns/config/financial.xml" />

	<!-- Yeou : ASSNS-81 : START -->
	<include template="/mvcamericalearns/config/associationsecond.xml" />
	<!-- Yeou : ASSNS-81 : END -->
	<include template="/mvcamericalearns/config/staff.xml" /><!--MS-147-->
	<include template="/mvcamericalearns/config/timesheetapi.xml" /><!-- TS-API -->
	<include template="/mvcamericalearns/config/site.xml" /><!--Sitemanage-2-->
	<controllers>
		<controller name="MyController" type="mvcamericalearns.controller.Controller">
			<message-listener message="OnRequestStart" function="OnRequestStart" />
			<message-listener message="OnQueueComplete" function="OnQueueComplete" />
			<message-listener message="OnRequestEnd" function="OnRequestEnd" />
			<message-listener message="getVolunteerEditSurveyList" function="getVolunteerEditSurveyList" />
		</controller>
		<!-- ASSNS-527 VFU :: MV-739 Start-->
		<controller name="usercontrollersecond" type="mvcamericalearns.controller.usercontroller">
			<message-listener message="decryptFileForExportedExcel" function="decryptFileForExportedExcel"/>
			<message-listener message="decryptSignedFileForExportedExcel" function="decryptSignedFileForExportedExcel"/>
			<message-listener message="getUserAuthstr" function="getUserAuthstr"/> <!-- Adminfunct-338 -->
		</controller>	
		<!-- ASSNS-527 VFU :: MV-739 End -->
		<!-- ASSNS-695 :: Start-->
		<controller name="assocationcontrollersecond" type="mvcamericalearns.controller.associationcontroller">
			<message-listener message="decryptAssoFileForExportedExcel" function="decryptAssoFileForExportedExcel"/>
		</controller>	
		<!-- ASSNS-695 :: End -->
		
		<!--Start:ADMINFUNCT-194-->		
		<controller name="assocationsecondcontroller" type="mvcamericalearns.controller.associationsecondcontroller">
			<message-listener message="getBGIdentifierRequestCount" function="getBGIdentifierRequestCount"/>
			<message-listener message="getBGIdentifierSeperateRequestCount" function="getBGIdentifierSeperateRequestCount"/>
			<message-listener message="getIdentifierRequestCount" function="getIdentifierRequestCount"/>
			<message-listener message="getTotalRequestCount" function="getTotalRequestCount"/>
			<message-listener message="getMainMenuTotalRequestCount" function="getMainMenuTotalRequestCount"/>
		</controller>		
		
		<controller name="timesheetcontrollersecond" type="mvcamericalearns.controller.timesheetcontroller">
			<message-listener message="getTimeSheetApprovalRequestCount" function="getTimeSheetApprovalRequestCount"/>	
			<message-listener message="getPendingDocSign" function="getPendingDocSign"/><!--Adminfunct-261-->		
			<message-listener message="getPendingStaffDocSign" function="getPendingStaffDocSign"/>
		</controller>
		
		<controller name="surveycontrollerthird" type="mvcamericalearns.controller.surveythirdcontroller">
			<message-listener message="getIndividualSurveyRequestCount" function="getIndividualSurveyRequestCount"/>			
		</controller>
		<!--End:ADMINFUNCT-194-->
		
		<!-- Start: MS-147 -->
		<controller name="staffcontrollersecond" type="mvcamericalearns.controller.staffcontroller">
			<message-listener message="decryptStaffFileForExportedExcel" function="decryptStaffFileForExportedExcel"/>
			<message-listener message="decryptSignedStaffFileForExportedExcel" function="decryptSignedStaffFileForExportedExcel"/>
		</controller>
		<!-- End: MS-147 -->
		<!-- Sitemanage-2 : Start -->
		<controller name="sitecontrollersecond" type="mvcamericalearns.controller.sitecontroller">
			<message-listener message="decryptSiteFileForExportedExcel" function="decryptSiteFileForExportedExcel"/>
			<message-listener message="decryptSignedSiteFileForExportedExcel" function="decryptSignedSiteFileForExportedExcel"/>
		</controller>
		<!-- Sitemanage-2 : Stops -->

		<controller name="financialcontrollerSecond" type="mvcamericalearns.controller.financialcontroller">
			<message-listener message="getFRRequestCount" function="getFRRequestCount" />
		</controller>
		<!-- CPORT-156 : Begin -->
		<controller name="cp-content-controller" type="mvcamericalearns.controller.contentcontroller">
			<message-listener message="getCPDownloadPermissionStatus" function="getCPDownloadPermissionStatus"/>
		</controller>
		<!-- CPORT-156 : End -->
	</controllers>
  
	<event-handlers>
		<event-handler name="page.index">
			<broadcasts>
			</broadcasts> 
			<results>
				<result do="view.template" />
			</results>
			<views>
				<include name="body" template="index.cfm" />
			</views>
		</event-handler>

		<event-handler name="page.sessionwarning">
			<broadcasts>
			</broadcasts> 
			<results>
			</results>
			<views>
				<include name="body" template="sessionwarning.cfm" />
			</views>
		</event-handler>

		<event-handler name="cs.home">
			<broadcasts>
				<message name="checkLogin">
					<argument name="role" value="administrator" />
				</message>
			</broadcasts> 
			<results>
				<result name="NotLoggedIn" do="user.login" redirect="true" />
				<result name="NotAuthorized" do="user.notauthorized" redirect="true" />
				<result do="view.template" />
			</results>
			<views>
				<include name="body" template="cshome.cfm" />
			</views>
		 </event-handler>

		<event-handler name="cs.communicate">
			<broadcasts>
				<message name="checkLogin">
					<argument name="role" value="administrator" />
					<argument name="section" value="213,214,215" />
				</message>
			</broadcasts> 
			<results>
				<result name="NotLoggedIn" do="user.login" redirect="true" />
				<result name="NotAuthorized" do="user.notauthorized" redirect="true" />
				<result do="view.template" />
			</results>
			<views>
				<include name="body" template="cscommunicate.cfm" />
			</views>
		 </event-handler>

		<event-handler name="cs.manageteam">
			<broadcasts>
				<message name="checkLogin">
					<argument name="role" value="administrator" />
					<argument name="section" value="216" />										
				</message>
				<message name="getUserAuthstr" /> <!-- AdminFunt-338 -->
			</broadcasts> 
			<results>
				<result name="NotLoggedIn" do="user.login" redirect="true" />
				<result name="NotAuthorized" do="user.notauthorized" redirect="true" />
				<result do="view.template" />
			</results>
			<views>
				<include name="body" template="csmanageteam.cfm" />
			</views>
		 </event-handler>


		<event-handler name="mc.contenthome">
			<broadcasts>
				<message name="checkLogin">
					<argument name="role" value="umbrella,manager" />
					<!-- <argument name="section" value="9" /> MCR-18 -->
				</message>
				<message name="getProgramText"/> <!-- CF18-57 -->
				<message name="getPopUpDetailsForVolunteer" />	
			</broadcasts> 
			<results>
				<result name="NotLoggedIn" do="user.login" redirect="true" />
				<result name="NotAuthorized" do="user.notauthorized" redirect="true" />
				<result do="view.template" />
			</results>
			<views>
				<include name="body" template="mccontenthome.cfm" />
			</views>
		 </event-handler>
		<event-handler name="mc.addquestion">
			<broadcasts>
				<message name="checkLogin">
					<argument name="role" value="manager" />
				</message>
			</broadcasts>
			<results>
				<result name="NotLoggedIn" do="user.login" redirect="true" />
				<result name="NotAuthorized" do="user.notauthorized" redirect="true" />
				<result do="view.template" />
			</results>
			<views>
				<include name="body" template="survey/createquestion.cfm" />
			</views>
		</event-handler>

		<event-handler name="mc.managesurveys">
			<broadcasts>
				<message name="checkLogin">
					<argument name="role" value="manager,submanager" /><!--sl-14 added 'submanager' -->
					<argument name="section" value="1,16" /><!--sl-14 added '16' -->					
				</message>
				<message name="getAllSurveyList"></message> <!--sl-14 added -->
			</broadcasts> 
			<results>
				<result name="NotLoggedIn" do="user.login" redirect="true" />
				<result name="NotAuthorized" do="user.notauthorized" redirect="true" />
				<result do="view.template" />
			</results>
			<views>
				<include name="body" template="mcmanagesurveys.cfm" />
			</views>
		 </event-handler>
		 
		<event-handler name="mc.manageteam">
			<broadcasts>
				<message name="checkLogin">
					<argument name="role" value="manager,submanager" />	
					<argument name="section" value="410,411,412,416,417,418,425,426,427,428,438,429,430,431,432,439,421,422,423,449,14,433,434,436,435,443,444,440,437,442,401,402,711,723,724"/><!-- [MCR-1 & ASSNS-63] --><!-- Permission Added 410,411,412 For MCR-100 -->		
					<!-- <argument name="section" value="6,7,11,14,15,413,416,417,418,428,432,436,444,421,422,423,449,424,442,410,411,412" />--><!-- [MCR-1] -->
				</message>
				<message name="decryptFileForExportedExcel" /><!-- ASSNS-527 VFU :: MV-739 -->
				<message name="decryptAssoFileForExportedExcel" /><!-- ASSNS-695 -->
				<!-- MCR-1 <message name="getSurveyDataEditPermissionForPrgm" /> -->
				<message name="decryptSignedFileForExportedExcel" /> <!-- MV-893 -->
				
				<!-- Sitemanage-2 : Start -->
				<message name="decryptSiteFileForExportedExcel" />
				<message name="decryptSignedSiteFileForExportedExcel" />
				<!-- Sitemanage-2 : Stops -->
				<!-- Start: MS-147 -->
				<message name="decryptStaffFileForExportedExcel" />
				<message name="decryptSignedStaffFileForExportedExcel" />
				<!-- End: MS-147 -->
				<message name="getCPDownloadPermissionStatus" /><!-- CPORT-156 -->
			</broadcasts> 
			<results>
				<result name="NotLoggedIn" do="user.login" redirect="true" />
				<result name="NotAuthorized" do="user.notauthorized" redirect="true" />
				<result do="view.template" />
			</results>
			<views>
				<include name="body" template="mcmanageteam.cfm" />
			</views>
		 </event-handler>
		 
		 <event-handler name="mc.strategy">
			<broadcasts>
				<message name="checkLogin">
					<argument name="role" value="manager" />
					<argument name="section" value="2,3,4,5,10" /><!-- MCR-1 -->		
				</message>
			</broadcasts> 
			<results>
				<result name="NotLoggedIn" do="user.login" redirect="true" />
				<result name="NotAuthorized" do="user.notauthorized" redirect="true" />				
				<result do="view.template" />
			</results>
			<views>
				<include name="body" template="mcstrategy.cfm" />
			</views>
		 </event-handler>

		<event-handler name="mc.surveydata">
			<broadcasts>
				<message name="checkLogin">
					<argument name="role" value="manager,submanager,umbrella" />
					<argument name="section" value="8,319,12" /><!-- MCR-26 -->					
				</message>
				<message name="getAssociationsWithData" />
				<!--sdataview-108-->
				<message name="getAssociationsAttributes" />
				
				<message name="getSurveyDataEditPermissionForPrgm" /><!-- MCR-1 -->
				<message name="getTutorSurveyEditDetails" /><!-- MCR-1 -->
				<message name="getSurveyStatusDetails" /><!-- MCR-1 -->
				<!-- SurveyEdit-108 -->
				<message name="getSitesAssigenedToStaffsFromSurvey" />
				
			</broadcasts> 
			<results>
				<result name="NotLoggedIn" do="user.login" redirect="true" />
				<result name="NotAuthorized" do="user.notauthorized" redirect="true" />
				<result do="view.template" />
			</results>
			<views>
				<include name="body" template="mcsurveydata.cfm" />
			</views>
		 </event-handler>
		 
		 <event-handler name="mc.timesheet">
			<broadcasts>
				<message name="checkLogin">
					<argument name="role" value="manager,submanager" />
					<argument name="section" value="300,301,302,309" />	<!-- 428,432 removed for MS-63-->	<!--TS-1462:R-->		
				</message>
			    <!--<message name="deleteNotCompletedTemplates" />-->
				<message name="getSitesForUser" /> <!-- MS-79 -->
				<message name="getTimeSheetAssociationID" />
				<message name="selectTimesheetTemplate"><!-- MCR-1 -->
					<argument name="scope" value="individual" />
				</message>
			</broadcasts> 
			<results>
				<result name="NotLoggedIn" do="user.login" redirect="true" />
				<result name="NotAuthorized" do="user.notauthorized" redirect="true" />
				<result do="view.template" />
			</results>
			<views>
				<include name="body" template="timesheet.cfm" />
			</views>
		 </event-handler>

		<event-handler name="su.communicate">
			<broadcasts>
				<message name="checkLogin">
					<argument name="role" value="suadmin" />
				</message>
			</broadcasts> 
			<results>
				<result name="NotLoggedIn" do="user.login" redirect="true" />
				<result name="NotAuthorized" do="user.notauthorized" redirect="true" />
				<result do="view.template" />
			</results>
			<views>
				<include name="body" template="sucommunicate.cfm" />
			</views>
		 </event-handler>

		<event-handler name="su.home">
			<broadcasts>
				<message name="checkLogin">
					<argument name="role" value="suadmin" />
				</message>				
			</broadcasts> 
			<results>
				<result name="NotLoggedIn" do="user.login" redirect="true" />
				<result name="NotAuthorized" do="user.notauthorized" redirect="true" />				
				<result do="view.template" />
			</results>
			<views>
				<include name="body" template="suhome.cfm" />
			</views>
		 </event-handler>
		 
		 <event-handler name="su.communicate">
			<broadcasts>
				<message name="checkLogin">
					<argument name="role" value="suadmin" />
				</message>				
			</broadcasts> 
			<results>
				<result name="NotLoggedIn" do="user.login" redirect="true" />
				<result name="NotAuthorized" do="user.notauthorized" redirect="true" />				
				<result do="view.template" />
			</results>
			<views>
				<include name="body" template="sucommunicate.cfm" >
					<value name="checkIconManageQuestions" value="1"/>	
				</include>
			</views>
		 </event-handler>
		 
		 <event-handler name="su.strategy">
			<broadcasts>
				<message name="checkLogin">
					<argument name="role" value="suadmin" />
				</message>				
			</broadcasts> 
			<results>
				<result name="NotLoggedIn" do="user.login" redirect="true" />
				<result name="NotAuthorized" do="user.notauthorized" redirect="true" />								
				<result do="view.template" />
			</results>
			<views>
				<include name="body" template="sustrategy.cfm" >
					<value name="checkIconManageQuestions" value="1"/>	
				</include>	
			</views>
		 </event-handler>

		<event-handler name="su.viewdata">
			<broadcasts>
				<message name="checkLogin">
					<argument name="role" value="suadmin" />
				</message>				
			</broadcasts> 
			<results>
				<result name="NotLoggedIn" do="user.login" redirect="true" />
				<result name="NotAuthorized" do="user.notauthorized" redirect="true" />				
				<result do="view.template" />
			</results>
			<views>
				<include name="body" template="suviewdata.cfm" >
					<value name="checkIconManageQuestions" value="1"/>	
				</include>
			</views>
		 </event-handler>

		<event-handler name="ts.home">
			<broadcasts>
				<message name="checkLogin">
					<argument name="role" value="volunteer" />
				</message>
				<message name="getPopUpDetailsForVolunteer" />
			</broadcasts> 
			<results>
				<result name="NotLoggedIn"   do="user.login" redirect="true" />
				<result name="NotAuthorized" do="user.notauthorized" redirect="true" />
				<result name="MovetoProfile" do="user.viewandupdateprofile" redirect="true" />
				<result do="ts.surveyeditlist" />
				<result do="ts.strategy" />
			</results>
			<views />
		 </event-handler>

		<event-handler name="ts.surveyeditlist">
			<broadcasts>
				<message name="checkLogin">
					<argument name="role" value="volunteer" />
				</message>
				<message name="getTutorSurveyEditDetails"/>
			</broadcasts> 
			<results>
				<result name="NotLoggedIn"   do="user.login" redirect="true" />
				<result name="NotAuthorized" do="user.notauthorized" redirect="true" />
			</results>
			<views/>
		 </event-handler>
		 
		 <event-handler name="ts.strategy">
			<broadcasts>
				<message name="checkLogin">
					<argument name="role" value="volunteer" />
				</message>
				<message name="getPopUpDetailsForVolunteer" />
			</broadcasts> 
			<results>
				<result name="NotLoggedIn"   do="user.login" redirect="true" />
				<result name="NotAuthorized" do="user.notauthorized" redirect="true" />
				<result name="MovetoProfile" do="user.viewandupdateprofile" redirect="true" />
				<result do="view.templateResponsive" />  <!-- VS-31 -->
			</results>
			<views>
				<include name="body" template="tsstrategy.cfm" />
			</views>
		 </event-handler>
		 
		 <event-handler name="solr.indexAllStrategies">
			<broadcasts>
				<message name="checkLogin">
					<argument name="role" value="administrator" />
				</message>
			</broadcasts> 
			<results>
				<result name="NotLoggedIn" do="user.login" redirect="true" />
				<result name="NotAuthorized" do="user.notauthorized" redirect="true" />				
				<result do="view.template" />
			</results>
			<views>
				<include name="body" template="solr/indexAllStrategies.cfm" />
			</views>
		 </event-handler>
		 
		 <event-handler name="solr.reloadNoiseWordsCache">
			<broadcasts>
				<message name="checkLogin">
					<argument name="role" value="administrator" />
				</message>
			</broadcasts> 
			<results>
				<result name="NotLoggedIn" do="user.login" redirect="true" />
				<result name="NotAuthorized" do="user.notauthorized" redirect="true" />				
				<result do="view.template" />
			</results>
			<views>
				<include name="body" template="solr/reloadNoiseWordsCache.cfm" />
			</views>
		 </event-handler>
		 
		 <event-handler name="view.template">
		 	<!-- Start: AdminFunct-194 -->
			<broadcasts>
				<!-- <message name="getTimeSheetApprovalRequestCount" />
				<message name="getMainMenuTotalRequestCount" />	-->				
			</broadcasts> 
			<!-- End: AdminFunct-194 -->
			<results />
			<views>
				<include name="template" template="layout.cfm" />
			</views>
		</event-handler>

		<event-handler name="view.templateFinancial">
		 	<!-- Start: AdminFunct-194 -->
			<broadcasts>
				<!-- <message name="getTimeSheetApprovalRequestCount" />
				<message name="getMainMenuTotalRequestCount" />	-->				
			</broadcasts> 
			<!-- End: AdminFunct-194 -->
			<results />
			<views>
				<include name="template" template="layoutFinancial.cfm" />
			</views>
		</event-handler>

		<event-handler name="viewfile">
			<broadcasts>
				<message name="checkLogin">
				</message>
			</broadcasts> 
			<results>
				<result name="NotLoggedIn" do="user.login" redirect="true" />
			</results>
			<views>
				<include name="body" template="newviewfile.cfm" />
			</views>
		 </event-handler>
		 
		 <event-handler name="theviewfile">
			<broadcasts>
				<message name="checkLogin">
				</message>
			</broadcasts> 
			<results>
				<result name="NotLoggedIn" do="user.login" redirect="true" />
			</results>
			<views>
				<include name="body" template="viewfile.cfm" />
			</views>
		 </event-handler>
		<event-handler name="exception">
			<!-- Adminfunct-332:Start -->
			<broadcasts>		
				<message name="accessibilityWindowDetails"></message> 		
			</broadcasts>
			<!-- Adminfunct-332:Stop -->
			<views>
				<include name="body" template="exception.cfm" />
			</views>
			<results>
				<result do="view.template" />
			</results>
		</event-handler>
		<!-- TESTING HANDLERS -->
		
		<event-handler name="test.checktimesheetdata">
			<broadcasts>
				<message name="checkLogin">
					<argument name="role" value="administrator" />
				</message>
				<!-- getPrograms -->
				<message name="getPrograms" />
			</broadcasts>
			<views>
				<include name="body" template="checktimesheetdata.cfm" />
			</views>
			<results>
				<result name="NotLoggedIn"   do="user.login" redirect="true" />
				<result name="NotAuthorized" do="user.notauthorized" redirect="true" />
				<result do="view.template" />
			</results>
		</event-handler>
		
		<!-- TEST TIMESHEET HISTORY -->
		<event-handler name="test.checksheethistory">
			<broadcasts>
				<message name="checkLogin">
					<argument name="role" value="administrator" />
				</message>
				<message name="checksheethistory" />
			</broadcasts>
			<views>
				<include name="body" template="checksheethistory.cfm" />
			</views>
			<results>
				<result name="NotLoggedIn"   do="user.login" redirect="true" />
				<result name="NotAuthorized" do="user.notauthorized" redirect="true" />
				<result do="view.template" />
			</results>
		</event-handler>
		<!-- END OF TEST TIMESHEET HISTORY -->
		
		<event-handler name="test.gettimesheetdata">
			<broadcasts>
				<message name="checkLogin">
					<argument name="role" value="administrator" />
				</message>
				
				<message name="checktimesheetdata" />
			</broadcasts>
			
			<results>
				<result name="NotLoggedIn"   do="user.login" redirect="true" />
				<result name="NotAuthorized" do="user.notauthorized" redirect="true" />
				<result do="test.checktimesheetdata" />
			</results>
		</event-handler>
		
		<event-handler name="test.checkperdaydata">
			<broadcasts>
				<message name="checkLogin">
					<argument name="role" value="administrator" />
				</message>
				
				<message name="checkperdaydata" />
			</broadcasts>
			<views>
				<include name="body" template="checkperdaydata.cfm" />
			</views>
			<results>
				<result name="NotLoggedIn"   do="user.login" redirect="true" />
				<result name="NotAuthorized" do="user.notauthorized" redirect="true" />
				<result do="view.template" />
			</results>
		</event-handler>
		
		<event-handler name="cs.displayAlerts">
			<broadcasts>
				<message name="checkLogin">
					<argument name="role" value="administrator" />
					<argument name="section" value="216" />										
				</message>
				<message name="getAlertdataFuntionClientView" />
			</broadcasts> 
			<results>
				<result name="NotLoggedIn" do="user.login" redirect="true" />
				<result name="NotAuthorized" do="user.notauthorized" redirect="true" />
				<result do="view.template" />
			</results>
			<views>
				<include name="body" template="csDisplayAlerts.cfm" />
			</views>
		 </event-handler>
		
		
		<event-handler name="cs.saveAlertData">
			<broadcasts>
				<message name="checkLogin">
					<argument name="role" value="administrator" />
					<argument name="section" value="216" />										
				</message>
				<message name="saveAlertdataFuntion" />
			</broadcasts> 
			<results>
				<result name="NotLoggedIn" do="user.login" redirect="true" />
				<result name="NotAuthorized" do="user.notauthorized" redirect="true" />
				<result do="view.template" />
			</results>
			<views />	
		 </event-handler>
		
		<event-handler name="cs.deleteAlertData">
			<broadcasts>
				<message name="checkLogin">
					<argument name="role" value="administrator" />
					<argument name="section" value="216" />										
				</message>
				<message name="deleteAlertdataFuntion" />
			</broadcasts> 
			<results>
				<result name="NotLoggedIn" do="user.login" redirect="true" />
				<result name="NotAuthorized" do="user.notauthorized" redirect="true" />
				<result do="view.template" />
			</results>
			<views />	
		 </event-handler>
		
		<event-handler name="cs.updateAlert">
			<broadcasts>
				<message name="checkLogin">
					<argument name="role" value="administrator" />
					<argument name="section" value="216" />										
				</message>
				<message name="getAlertdataFuntionClientView" />
				<message name="updateAlertdataFuntion" />
			</broadcasts> 
			<results>
				<result name="NotLoggedIn" do="user.login" redirect="true" />
				<result name="NotAuthorized" do="user.notauthorized" redirect="true" />
				<result do="view.template" />
			</results>
			<views />	
		 </event-handler>
		
		 <!-- Yeou : New Layout File : ASSNS-81 -->
		 <event-handler name="view.templateSecond">
			<!-- Start: AdminFunct-194 -->
			<broadcasts>
				<!-- <message name="getTimeSheetApprovalRequestCount" />
				<message name="getMainMenuTotalRequestCount" /> -->					
			</broadcasts> 
			<!-- End: AdminFunct-194 -->
			<results />
			<views>
				<include name="template" template="_layout.cfm" />
			</views>
		 </event-handler>

		  <!-- Yeou : New Layout File : ASSNS-81 -->
		 <event-handler name="view.templateFinancialSecond">
			<!-- Start: AdminFunct-194 -->
			<broadcasts>
				<!-- <message name="getTimeSheetApprovalRequestCount" />
				<message name="getMainMenuTotalRequestCount" /> -->					
			</broadcasts> 
			<!-- End: AdminFunct-194 -->
			<results />
			<views>
				<include name="template" template="_layoutFinancial.cfm" />
			</views>
		 </event-handler>
		 
		 <!--Start:ADMINFUNCT-194-->
		 <event-handler name="mc.actioncenter">
			<broadcasts>
				<message name="checkLogin">
					<argument name="role" value="manager,submanager" />	
					<!-- <argument name="section" value="510,511,512,513,514" /> -->				
				</message>
				<message name="getBGIdentifierRequestCount" />
				<message name="getTimeSheetApprovalRequestCount" />
				<message name="getIndividualSurveyRequestCount" />
				<message name="getFRRequestCount" />
				<message name="getVolunteerDetailsBasedOnFieldReviewAndCompletionStatus" /><!-- MV-1867(S) -->
			</broadcasts> 
			<results>
				<result name="NotLoggedIn" do="user.login" redirect="true" />
				<result name="NotAuthorized" do="user.notauthorized" redirect="true" />
				<result do="view.template" />
			</results>
			<views>
				<include name="body" template="mcactioncenter.cfm" />
			</views>
		 </event-handler>
		 
		 <event-handler name="mc.reviewactioncentertype3items">
			<broadcasts>
				<message name="checkLogin">
					<argument name="role" value="manager,submanager" />
					<argument name="section" value="444" />
				</message>	
				<message name="getBGIdentifierSeperateRequestCount" />								
			</broadcasts> 
			<results>
				<result name="NotLoggedIn" do="user.login" redirect="true" />
				<result name="NotAuthorized" do="user.notauthorized" redirect="true" />							
			</results>
			<views>				
				<include name="body" template="association/screeningNewIdentifierSubmissions.cfm" />
			</views>
		</event-handler>
		
		<event-handler name="mc.identifierrequestcount">
			<broadcasts>
				<message name="checkLogin">
					<argument name="role" value="manager,submanager" />					
				</message>	
				<message name="getIdentifierRequestCount" />								
			</broadcasts> 
			<results>
				<result name="NotLoggedIn" do="user.login" redirect="true" />
				<result name="NotAuthorized" do="user.notauthorized" redirect="true" />							
			</results>			
		</event-handler>
		
		<event-handler name="mc.totalrequestcount">
			<broadcasts>
				<message name="checkLogin">
					<argument name="role" value="manager,submanager" />					
				</message>	
				<message name="getTimeSheetApprovalRequestCount" />
				<message name="getTotalRequestCount" />								
			</broadcasts> 
			<results>
				<result name="NotLoggedIn" do="user.login" redirect="true" />
				<result name="NotAuthorized" do="user.notauthorized" redirect="true" />							
			</results>			
		</event-handler>		
		<!--End:ADMINFUNCT-194-->
		 
		<!--Adminfunct-261 : Start-->
		<event-handler name="mc.displayPendingDocSign">
			<broadcasts>
				<message name="checkLogin">
					<argument name="role" value="manager,submanager" />
				</message>	
				<message name="getPendingDocSign" />				
			</broadcasts> 
			<results>
				<result name="NotLoggedIn" do="user.login" redirect="true" />
				<result name="NotAuthorized" do="user.notauthorized" redirect="true" />							
			</results>
			<views>				
				<include name="body" template="displayPendingDocSign.cfm" />
			</views>
		</event-handler>
		<!--Adminfunct-261 : Stops-->
		
		<!-- Start: LOGIN-12 Added for slower page loading Issue -->
		<event-handler name="mc.getActionCenterTotalCount">
			<broadcasts>
				<message name="checkLogin">
					<argument name="role" value="manager,submanager" />					
				</message>	
				<message name="getTimeSheetApprovalRequestCount" />
				<message name="getMainMenuTotalRequestCount" />								
			</broadcasts> 
			<results>
				<result name="NotLoggedIn" do="user.login" redirect="true" />
				<result name="NotAuthorized" do="user.notauthorized" redirect="true" />							
			</results>			
		</event-handler>
		<!-- End: LOGIN-12 Added for slower page loading Issue -->
		<!--MS-147:Start-->
		<event-handler name="view.templateThird">		 	
			<broadcasts>							
			</broadcasts> 			
			<results />
			<views>
				<include name="template" template="layoutThird.cfm" />
			</views>
		</event-handler>
		
		<event-handler name="view.templateResponsive">		 	
			<broadcasts>							
			</broadcasts> 			
			<results />
			<views>
				<include name="template" template="layoutResponsive.cfm" />
			</views>
		</event-handler>
		
		<event-handler name="view.templateResponsive5">		 	
			<broadcasts>							
			</broadcasts> 			
			<results />
			<views>
				<include name="template" template="layoutResponsive5.cfm" />
			</views>
		</event-handler>

		<!--MV-1867(S) : Start-->
		<event-handler name="view.templateResponsive5new">		 	
			<broadcasts>							
			</broadcasts> 			
			<results />
			<views>
				<include name="template" template="layoutResponsive5new.cfm" />
			</views>
		</event-handler>
		<!--MV-1867(S) : Stops-->

		<!--MV-1867(S) : Start-->
		<event-handler name="view.layoutResponsivenew">		 	
			<broadcasts>							
			</broadcasts> 			
			<results />
			<views>
				<include name="template" template="layoutResponsivenew.cfm" />
			</views>
		</event-handler>
		<!--MV-1867(S) : Stops-->

		<event-handler name="view.templateSecondResponsive">		 	
			<broadcasts>							
			</broadcasts> 			
			<results />
			<views>
				<include name="template" template="_layoutResponsive.cfm" />
			</views>
		</event-handler>
		
		<event-handler name="mc.displayPendingStaffDocSign">
			<broadcasts>
				<message name="checkLogin">
					<argument name="role" value="manager,submanager" />
				</message>	
				<message name="getPendingStaffDocSign" />				
			</broadcasts> 
			<results>
				<result name="NotLoggedIn" do="user.login" redirect="true" />
				<result name="NotAuthorized" do="user.notauthorized" redirect="true" />							
			</results>
			<views>				
				<include name="body" template="displayPendingStaffDocSign.cfm" />
			</views>
		</event-handler>
		<!--MS-147:Stops-->

		<!-- MV-1867(S):Start -->
		<event-handler name="mc.displayPendingStaffReview">
			<broadcasts>
				<message name="checkLogin">
					<argument name="role" value="manager,submanager" />
				</message>	
				<message name="getVolunteerDetailsBasedOnFieldReviewAndCompletionStatus" />	
			</broadcasts> 
			<results>
				<result name="NotLoggedIn" do="user.login" redirect="true" />
				<result name="NotAuthorized" do="user.notauthorized" redirect="true" />							
			</results>
			<views>				
				<include name="body" template="displayPendingStaffReview.cfm" />
			</views>
		</event-handler>
		<!-- MV-1867(S):Stop -->
		
		<event-handler name="view.ExportTemplate">
		 	<!-- Start: AdminFunct-194 -->
			<broadcasts>
				<!-- <message name="getTimeSheetApprovalRequestCount" />
				<message name="getMainMenuTotalRequestCount" />	-->				
			</broadcasts> 
			<!-- End: AdminFunct-194 -->
			<results />
			<views>
				<include name="template" template="survey/indvidualExportOptions.cfm" />
			</views>
		</event-handler>
		<!--Start::TS-1395:M(2nd Phase)-->
		 <event-handler name="view.screenlayout">		 	
			<broadcasts>							
			</broadcasts> 			
			<results />
			<views>
				<include name="template" template="screenlayout.cfm" />
			</views>
		</event-handler>
		<!--End::TS-1395:M(2nd Phase)-->
	</event-handlers>
</modelglue>
