<modelglue>


	<controllers>
		<controller name="programcontroller" type="mvcamericalearns.controller.programcontroller">
			<message-listener message="getMyProgram" function="getMyProgram" />	
			<message-listener message="getOrgNewsForProgram" function="getOrgNewsForProgram" />
			<message-listener message="getProgram" function="getProgram" />
			<message-listener message="getProgramAbout" function="getProgramAbout" />			
			<message-listener message="getProgramByPath" function="getProgramByPath" />
			<message-listener message="getProgramHasPhoto" function="getProgramHasPhoto" />
			<message-listener message="getPrograms" function="getPrograms" />			
			<message-listener message="getProgramsForUmbrella" function="getProgramsForUmbrella" />
			<message-listener message="getSuperUmbrellas" function="getSuperUmbrellas" />
			<message-listener message="handleProgramSelection" function="handleProgramSelection" />			
			<message-listener message="programPhotoUpdate" function="programPhotoUpdate" />			
			<message-listener message="saveProgram" function="saveProgram" />
			<message-listener message="updateProgramAbout" function="updateProgramAbout" />			
			<message-listener message="updateProgramNews" function="updateProgramNews" />		
			<message-listener message="updateProgramUserCompletionRate" function="updateProgramUserCompletionRate" />
			<message-listener message="getEditStatus" function="getEditStatus" />
			<message-listener message="getSurveyDataEditPermissionForPrgm" function="getSurveyDataEditPermissionForPrgm" />
			<message-listener message="getPrograms_volunteer" function="getPrograms_volunteer" />
			<message-listener message="getNewUploadPrograms_volunteer" function="getNewUploadPrograms_volunteer" />
			<message-listener message="program.submitUsersSitesExcelUpload" function="program.submitUsersSitesExcelUpload" />
			<message-listener message="checkMailDetails" function="checkMailDetails" /><!-- ADMINFUNCT-34-->			
			<message-listener message="getProgramText" function="getProgramText"/> <!-- CF18-57 -->	
			<message-listener message="getAllLicenseData" function="getAllLicenseData"/>
			<message-listener message="DailyUpdateStatisticsWithFullScan" function="DailyUpdateStatisticsWithFullScan" /> <!-- ADMINFUNCT-311 -->
			<message-listener message="WeeklyIndexRebuild" function="WeeklyIndexRebuild" /> <!-- ADMINFUNCT-311 -->
			<message-listener message="trackManageProgramFieldsInChurnZero" function="trackManageProgramFieldsInChurnZero" /> <!--ADMINFUNCT-328-->
			<message-listener message="deletClientData" function="deletClientData" /> <!--ADMINFUNCT-333-->
			<message-listener message="checkSuccessFlag" function="checkSuccessFlag" /> <!--ADMINFUNCT-333-->
			<message-listener message="checkAuthorization" function="checkAuthorization" /> <!--ADMINFUNCT-333-->
			<message-listener message="createScheduler" function="createScheduler" /> <!--ADMINFUNCT-333-->
			<message-listener message="checkSchedulerExistance" function="checkSchedulerExistance" /> <!--ADMINFUNCT-333-->
			<message-listener message="getprogrampathflag" function="getprogrampathflag" /> <!--ADMINFUNCT-335-->	
			
		</controller>		
	</controllers>
  
	<event-handlers>

		<event-handler name="program.about">
			<broadcasts>
				<message name="getProgramByPath" />
				<message name="getProgramAbout" />
			</broadcasts> 
			<results>
				<result do="view.template" />
				<result name="NotLoggedIn" do="user.login" redirect="true" />
			</results>
			<views>
				<include name="body" template="program/about.cfm" />
			</views>
		</event-handler>

		<!-- Lets you update/remove photo for your program -->
		<event-handler name="program.handlephoto">
			<broadcasts>
				<message name="checkLogin">
					<argument name="role" value="manager" />
					<argument name="section" value="9" />					
				</message>
				<message name="getProgramHasPhoto" />
			</broadcasts> 
			<results>
				<result name="NotLoggedIn" do="user.login" redirect="true" />
				<result name="NotAuthorized" do="user.notauthorized" redirect="true" />
				<result do="view.template" />
			</results>
			<views>
				<include name="body" template="program/handlephoto.cfm" />
			</views>
		</event-handler>

		<event-handler name="program.handlephotoaction">
			<broadcasts>
				<message name="checkLogin">
					<argument name="role" value="manager" />
					<argument name="section" value="9" />					
				</message>
				<message name="getProgramHasPhoto" />
				<message name="programPhotoUpdate" />
			</broadcasts> 
			<results>
				<result name="NotLoggedIn" do="user.login" redirect="true" />
				<result name="NotAuthorized" do="user.notauthorized" redirect="true" />
				<result do="program.handlephoto" />
			</results>
			<views />
		</event-handler>
		<event-handler name="program.licensedate">
			<broadcasts>
				<message name="getAllLicenseData" />
			</broadcasts> 
			<views>
				<include name="body" template="program/licensehistorydetails.cfm" />
			</views>
		</event-handler>
		<event-handler name="program.home">
			<broadcasts>
				<message name="getProgramByPath" />
				<message name="getSurveyDatesForProgram" />
				<message name="getTotalStrategyCountForProgram" />
				<message name="getLatestStrategyForProgram" />
				<message name="getOrgNewsForProgram" />
			</broadcasts> 
			<results>
				<result name="InactiveProgram" do="program.inactive" />
				<result do="view.programtemplate" />
				<result name="NotLoggedIn" do="user.login" redirect="true" />
			</results>
			<views>
				<include name="body" template="program/home.cfm" />
			</views>
		</event-handler>

		<event-handler name="program.inactive">
			<broadcasts>
			</broadcasts> 
			<results>
				<result do="view.template" />
			</results>
			<views>
				<include name="body" template="program/inactive.cfm" />
			</views>
		</event-handler>

		<event-handler name="program.manageprograms">
			<broadcasts>
				<message name="checkLogin">
					<argument name="role" value="administrator" />
					<argument name="section" value="201" />										
				</message>
				<message name="getPrograms" />
			</broadcasts> 
			<results>
				<result name="NotLoggedIn" do="user.login" redirect="true" />
				<result name="NotAuthorized" do="user.notauthorized" redirect="true" />
				<result do="view.template" />
			</results>
			<views>
				<include name="body" template="program/manageprograms.cfm" />
			</views>
		</event-handler>

		<event-handler name="program.programedit">
			<broadcasts>
				<message name="checkLogin">
					<argument name="role" value="administrator" />
					<argument name="section" value="201" />															
				</message>
				<message name="getProgram" />
				<message name="getAllLicenseData" />
				<message name="getSignNowCount" />
				<message name="getSuperUmbrellas" />
				<message name="getEditStatus" />
				<message name="checkMailDetails" /><!-- ADMINFUNCT-34-->
			</broadcasts> 
			<results>
				<result name="NotLoggedIn" do="user.login" redirect="true" />
				<result name="NotAuthorized" do="user.notauthorized" redirect="true" />
				<result do="view.template" />
			</results>
			<views>
				<include name="body" template="program/programedit.cfm" />
			</views>
		</event-handler>

		<event-handler name="program.programnews">
			<broadcasts>
				<message name="checkLogin">
					<argument name="role" value="volunteer" />
				</message>
				<message name="getTutorSurveyEditDetails"/>
				<message name="getProgramText"/> <!-- CF18-57 -->
				<message name="getPopUpDetailsForVolunteer" />	
			</broadcasts> 
			<results>
				<result name="NotLoggedIn" do="user.login" redirect="true" />
				<result name="NotAuthorized" do="user.notauthorized" redirect="true" />
				<result name="MovetoProfile" do="user.viewandupdateprofile" redirect="true" />
				<result do="view.templateResponsive" /> <!-- VS-31-->
			</results>
			<views>
				<include name="body" template="program/programnews.cfm" />
			</views>
		</event-handler>

		<event-handler name="program.programsave">
			<broadcasts>
				<message name="checkLogin">
					<argument name="role" value="administrator" />
				</message>
				<message name="saveProgram" />				
			</broadcasts> 
			<results>
				<result name="NotLoggedIn" do="user.login" redirect="true" />
				<result name="NotAuthorized" do="user.notauthorized" redirect="true" />
				<result name="Bad" do="program.programedit" redirect="true" append="pgmid" />
				<result name="Cancel" do="program.manageprograms" redirect="true" />
				<result name="Good" do="program.manageprograms" redirect="true" />
			</results>
			<views />
		</event-handler>

		 <event-handler name="view.programtemplate">
			<broadcasts />
			<results />
			<views>
				<include name="template" template="programlayout.cfm" />
			</views>
		</event-handler>
		
		<event-handler name="program.processCompletionRate">
			<broadcasts>
				<message name="updateProgramUserCompletionRate" />
			</broadcasts> 
			<views>
				<include name="body" template="program/processcompletionrate.cfm" />
			</views>
		</event-handler>
		 <event-handler name="program.usersSitesExcelUpload">
			<broadcasts>
				<message name="checkLogin">
					<argument name="role" value="administrator" />
			    </message>
				
			</broadcasts> 
			<results>
				<result name="NotLoggedIn" do="user.login" redirect="true" />
				<result name="NotAuthorized" do="user.notauthorized" redirect="true" />
				<result do="view.template" />	
			</results>

		    <views>
				<include name="body" template="program/newUsersSitesDataExcelUpload.cfm" />
			</views>
		</event-handler>
		
		 <event-handler name="program.submitUsersSitesExcelUpload">
			<broadcasts>
				<message name="checkLogin">
					<argument name="role" value="administrator" />
			    </message>
				<message name="getNewUploadPrograms_volunteer">
			    </message>
			</broadcasts> 
			<results>
				<result name="NotLoggedIn" do="user.login" redirect="true" />
				<result name="NotAuthorized" do="user.notauthorized" redirect="true" />
				<result name="Good" do="program.usersSitesExcelUpload" redirect="true" />
			</results>

		</event-handler>
		
		<event-handler name="program.export_data_table_creator">
			<broadcasts>
				<message name="checkLogin">
					<argument name="role" value="manager" />
			    </message>
			</broadcasts> 
			<results>
				<result name="NotLoggedIn" do="user.login" redirect="true" />
				<result name="NotAuthorized" do="user.notauthorized" redirect="true" />
				<result do="view.template" />
			</results>
		    <views>
				<include name="body" template="program/manage_associationdata_table_creator.cfm" />
			</views>
		</event-handler>

		<event-handler name="program.sendEmailpreviewWindow">
			<broadcasts>
				<message name="checkLogin">
					<argument name="role" value="manager,submanager,administrator" />
				</message>				
				
			</broadcasts> 
			<results>
				<result name="NotLoggedIn" do="user.login" redirect="true" />
				<result name="NotAuthorized" do="user.notauthorized" redirect="true" />
			</results>
			<views>
				<include name="body" template="program/sendEmailPreviewWindow.cfm"/>
			</views>
		</event-handler> 	
		<!--S:ADMINFUNCT-311-->
		<event-handler name="program.DailyUpdateStatisticsWithFullScan">
			<broadcasts>				
				<message name="DailyUpdateStatisticsWithFullScan"></message>
			</broadcasts>
		</event-handler>
	
		<event-handler name="program.WeeklyIndexRebuild">
			<broadcasts>				
				<message name="WeeklyIndexRebuild"></message>
			</broadcasts>
		</event-handler>
		<!--E:ADMINFUNCT-311-->	
		<!--ADMINFUNCT-328:Start-->
		<event-handler name="program.trackManageProgramFieldsInChurnZero">
			<broadcasts>
				<message name="trackManageProgramFieldsInChurnZero"/>
			</broadcasts> 	
		</event-handler>
		<!--ADMINFUNCT-328:Stop-->
		<!--S:ADMINFUNCT-333-->
		<event-handler name="program.deleteClientData">	
			<broadcasts>
				<message name="checkLogin">
					<argument name="role" value="manager,administrator" />
				</message>	
				<message name="checkSchedulerExistance"/>			
			</broadcasts> 
			<views>
				<include name="body" template="program/deleteClientData.cfm" />
			</views>
		</event-handler>

		<event-handler name="program.deleteAllClientData">
			<broadcasts>
				<!-- <message name="checkLogin">
					<argument name="role" value="manager,administrator" />
				</message>			 -->
				<message name="deletClientData"/>
			 	<!-- <message name="checkSuccessFlag"/> -->
			</broadcasts> 				
		</event-handler> 

		<event-handler name="program.checkAuthorization">
			<broadcasts>
				<message name="checkLogin">
					<argument name="role" value="subadmin,administrator" />
				</message>			
				<message name="checkAuthorization"/>				
			</broadcasts> 				
		</event-handler> 
		<event-handler name="program.createScheduler">
			<broadcasts>
				<message name="checkLogin">
					<argument name="role" value="subadmin,administrator" />
				</message>			
				<message name="createScheduler"/>				
			</broadcasts> 				
		</event-handler> 
		<!--E:ADMINFUNCT-333-->	
		<!--S:ADMINFUNCT-335-->	
		<event-handler name="program.getprogrampathcount">
			<broadcasts>
				<message name="getprogrampathflag"/>
			</broadcasts> 	
		</event-handler>
		<!--E:ADMINFUNCT-335-->	
	</event-handlers>
</modelglue>
