<modelglue>

	<!-- DM -->

	<controllers>
		<controller name="questioncontroller" type="mvcamericalearns.controller.questioncontroller">
			<message-listener message="createNewSubQuestion" function="createNewSubQuestion" />
			<message-listener message="processQuestion" function="processQuestion" />
			<message-listener message="processQuestionEdit" function="processQuestionEdit" />			
			<message-listener message="GetCategoryList" function="GetCategoryList" />
			<message-listener message="getAllCategoryList" function="getAllCategoryList" />
			<message-listener message="test" function="test" />
			<message-listener message="getCategoryQuestionsAnswers" function="getCategoryQuestionsAnswers" />
			<message-listener message="getCategorySUMCList" function="getCategorySUMCList" />
			<message-listener message="getProgramsForSU" function="getProgramsForSU" />
			<message-listener message="getQuestion" function="getQuestion" />
			<message-listener message="deleteQuestionDetails" function="DeleteQuestionDetails" />
			<message-listener message="processQuestionClone" function="processQuestionClone" />
			<message-listener message="processSitesForQuestions" function="processSitesForQuestions" />
			<message-listener message="saveSurveyQuestionOrder" function="saveSurveyQuestionOrder" />
			<message-listener message="checkDuplicateQuestionByDataViewingTitle" function="checkDuplicateQuestionByDataViewingTitle" />
			<message-listener message="getQuestions" function="getQuestions" />
			<message-listener message="getQuestionsForAssociation" function="getQuestionsForAssociation" />
			<message-listener message="getAmericaLearnsRequiredQuestion" function="getAmericaLearnsRequiredQuestion" />
			<message-listener message="getRetiredQuestions" function="getRetiredQuestions" />
			<message-listener message="getFrequentlyUsedCategory" function="getFrequentlyUsedCategory" />
			<message-listener message="showSuperUmbrellaCategories" function="showSuperUmbrellaCategories" />
			<message-listener message="getRecentlyUsedCategory" function="getRecentlyUsedCategory" />
			<message-listener message="getAmericaLearnsCategoryListQuestions" function="getAmericaLearnsCategoryListQuestions" />
			<message-listener message="showMyCategoryFilter" function="showMyCategoryFilter" />
			<message-listener message="getQuestionByCategory" function="getQuestionByCategory" />
			<message-listener message="getBulkEditQuestionCount" function="getBulkEditQuestionCount" />
			<message-listener message="deletequestionsNotArchived" function="deletequestionsNotArchived" />
			<message-listener message="getTPValue" function="getTPValue" />
			<message-listener message="setSaveView" function="setSaveView" />
			<message-listener message="updateViewName" function="updateViewName" />
			<message-listener message="deleteView" function="deleteView" />
			<message-listener message="loadSavedViews" function="loadSavedViews" />
			<message-listener message="updateDefaultView" function="updateDefaultView" />
			<message-listener message="loadSavedDefaultView" function="loadSavedDefaultView" />
			<message-listener message="surveyHistoryWindow" function="surveyHistoryWindow" />
			<message-listener message="getAllFilteredQuestion" function="getAllFilteredQuestion" />
			<message-listener message="restoreCurrentUserView" function="restoreCurrentUserView" />
			<message-listener message="getQuestonIdByGroupSequence" function="getQuestonIdByGroupSequence" />

			
			<!-- Rejith : Archive Manager, Tag manager : START -->
			<message-listener message="getQuestionCategoryArchives" function="getQuestionCategoryArchives" />
			<message-listener message="setQuestionCategoryArchives" function="setQuestionCategoryArchives" />
			<message-listener message="validateQuestionCategoryArchives" function="validateQuestionCategoryArchives" />
			<message-listener message="getQuestionTags" function="getQuestionTags" />
			<message-listener message="getFilterTags" function="getFilterTags" />
			<message-listener message="getProgramQuestionTags" function="getProgramQuestionTags" />
			<message-listener message="validateSaveQuestionTags" function="validateSaveQuestionTags" />
			<message-listener message="getAllSurveyFormList" function="getAllSurveyFormList" />
			<!-- Rejith : Archive Manager, Tag manager : END -->
			<message-listener message="dateRecentCreatedQuestion" function="dateRecentCreatedQuestion" /><!--Adminfunct-94-->
			
			<!-- SQM-483 Goal Tracking Start -->
			<message-listener message="checkDuplicatePanelNameByBeneficiaryGroup" function="checkDuplicatePanelNameByBeneficiaryGroup" />
			<message-listener message="getGoalTrackinColumnOptionIdentifier" function="getGoalTrackinColumnOptionIdentifier" />
			<!-- SQM-483 Goal Tracking Start -->

			<message-listener message="getStaffRoleList" function="getStaffRoleList" />
			<message-listener message="getRolesQuestionList" function="getRolesQuestionList" />
			<message-listener message="saveSurveyQuestionDisplayLogic" function="saveSurveyQuestionDisplayLogic" />
			<message-listener message="deleteAllQuestionDisplayLogic" function="deleteAllQuestionDisplayLogic" />
		</controller>
		<controller name="dmsurveycontroller" type="mvcamericalearns.controller.surveycontroller">
			<message-listener message="getQuestionInitial" function="getQuestionInitial" />
			<message-listener message="getQuestionSafety" function="getQuestionSafety" />
			<message-listener message="getMandatoryCount" function="getMandatoryCount" />
		</controller>
		<controller name="startegycontroller" type="mvcamericalearns.controller.strategycontroller">
			<message-listener message="getStrategyHT" function="getStrategyHT" />
			<message-listener message="getArrangements" function="getArrangements" />
			<message-listener message="getGradeLevels" function="getGradeLevels" />
		</controller>
	
	</controllers>
  
	<event-handlers>
	
	<!-- Create Question - For creating Questions. -->
		<event-handler name="mc.createquestion">
			<broadcasts>
				<message name="checkLogin">
					<argument name="role" value="manager,submanager" />
					<argument name="section" value="16" />	<!--sl-14 added '16' -->
				</message>
				<message name="getAssociationsForQuestions" />
				<message name="getUser" />
				<messsage name="GetCategoryList" />
				<message name="getAssociationItemUserData" />
				<!-- DM - Get all Type 3 associations -->
				<message name="getAssociationList">
					<argument name="associationType" value="3" />
				</message>
				<message name="processSitesForQuestions" />

				<message name="getStaffRoleList" />
			</broadcasts>
			<results>
				<result name="NotLoggedIn" do="user.login" redirect="true" />
				<result name="NotAuthorized" do="user.notauthorized" redirect="true" />
				<result do="view.template" />
			</results>
			<views>
				<include name="body" template="questions/createquestion.cfm" />
			</views>
		</event-handler>

		<!-- edit Question - For editing Questions. -->
		<event-handler name="mc.editquestion">
			<broadcasts>
				<message name="checkLogin">
					<argument name="role" value="manager,submanager" />
					<argument name="section" value="16" /><!--sl-14 added '16' -->	
				</message>
				<message name="getQuestion" />				
				<message name="getAssociationsForQuestions" />
				<message name="getUser" />
				<message name="GetCategoryList" />
				<!--<message name="getAllCategoryList" />-->
				<!-- DM - Get all Type 3 associations -->
				<message name="getAssociationList">
					<argument name="associationType" value="3" />
				</message>
				<message name="processSitesForQuestions">
					<argument name="SiteList" value="1" />
				</message>	
				<message name="getQuestionTags"></message>

				<message name="getStaffRoleList" />
				<message name="getRolesQuestionList" />
			</broadcasts> 
			<results>
				<result name="ShowCatListing" do="mc.questionlist" redirect="true"/>
				<result name="NotLoggedIn" do="user.login" redirect="true" />
				<result name="NotAuthorized" do="user.notauthorized" redirect="true" />
				<result do="view.template" />
			</results>
			<views>
				<include name="body" template="questions/editquestion.cfm" />
			</views>
		</event-handler>
		
		<!-- For getting currently active sites for MC. -->
		<event-handler name="mc.getactivesites">
			<broadcasts>
				<message name="processSitesForQuestions" />
			</broadcasts>
			<views>
				<include name="body" template="questions/getactivesitesforquestion.cfm" />
			</views> 
		</event-handler>
		
		<!-- Save this Question -->
		<event-handler name="mc.questionsave">
			<broadcasts>
				<message name="checkLogin">
					<argument name="role" value="manager,submanager" />
				</message>
				<message name="processQuestion" />
				<message name="validateSaveQuestionTags"></message>
			</broadcasts> 
			<results>
				<result name="NotLoggedIn" do="user.login" redirect="true" />
				<result name="NotAuthorized" do="user.notauthorized" redirect="true" />
				<result name="Bad" do="mc.createquestion" redirect="true" append="quid,pgmid" />
				<result name="Delete" do="mc.questiondelete" redirect="true" append="quid,pgmid" />
				<result name="CreateAnswer" do="survey.createanswer" redirect="true" append="quid" />
				<result name="CreateSubQuestion" do="mc.createquestion" redirect="true" append="quid" />
				<result name="CancelSubQuestion" do="mc.createquestion" redirect="true" append="quid" />
                <result name="tagSaved" do="mc.questionlist&amp;view=1" redirect="true" append="pgmid" />
				<!--<result name="Good" do="mc.questionlist" redirect="true" append="pgmid" />-->
			</results>
			<views />
		</event-handler>

		<!-- Edit Question Save, for saving after editing  -->
		<event-handler name="mc.editquestionsave">
			<broadcasts>
				<message name="checkLogin">
					<argument name="role" value="manager,submanager" />
				</message>
				<message name="processQuestionEdit" />
				<message name="validateSaveQuestionTags"></message>
			</broadcasts> 
			<results>
				<result name="NotLoggedIn" do="user.login" redirect="true" />
				<result name="NotAuthorized" do="user.notauthorized" redirect="true" />
				<result name="Bad" do="mc.editquestion" redirect="true" append="quid,pgmid" />
				<result name="Delete" do="mc.questiondelete" redirect="true" append="quid,pgmid" />
				<result name="CreateAnswer" do="survey.createanswer" redirect="true" append="quid" />
				<result name="CreateSubQuestion" do="mc.editquestion" redirect="true" append="quid" />
				<result name="CancelSubQuestion" do="mc.editquestion" redirect="true" append="quid" />
                <result name="tagSaved" do="mc.questionlist&amp;view=1" redirect="true" append="pgmid" />
                <result name="tagSavedS" do="survey.createsurvey&amp;surveyactionn=1" redirect="true" append="pgmid" />
			</results>
			<views />
		</event-handler>
		
		<event-handler name="mc.checkDuplicateDataViewingTitle">
			<broadcasts>
				<message name="checkLogin">
					<argument name="role" value="manager,submanager" />
				</message>
				<message name="checkDuplicateQuestionByDataViewingTitle" />
			</broadcasts> 
			<results>
				<result name="NotLoggedIn" do="user.login" redirect="true" />
				<result name="NotAuthorized" do="user.notauthorized" redirect="true" />
			</results>
			<views>
				<include name="body" template="questions/dataviewingtitleduplicatecheck.cfm" />
			</views>
		</event-handler>
		
		<event-handler name="mc.questionlist">
			<broadcasts>
				<message name="checkLogin">
					<argument name="role" value="manager,submanager" />
					<argument name="section" value="16" />	<!--sl-14 replace 1 to 16 -->	
				</message>
				<message name="getAllCategoryList" />
				<message name="loadSavedDefaultView" />
                <message name="getAmericaLearnsRequiredQuestion"></message>
                <message name="getRetiredQuestions"></message>
				<message name="getAssociationsForQuestions" />
			</broadcasts> 
			<results>
				<result name="NotLoggedIn" do="user.login" redirect="true" />
				<result name="NotAuthorized" do="user.notauthorized" redirect="true" />
				<result do="view.template" />
			</results>
			<views>
				<include name="body" template="questions/browseQuestions.cfm" />
				
			</views>
		</event-handler>
		
		

		<event-handler name="mc.getcategoryquestions">
			<broadcasts>
				<message name="checkLogin">
					<argument name="role" value="manager,submanager" />
					<argument name="section" value="1" />		
				</message>
				<message name="getCategoryQuestionsAnswers"></message>
				<message name="getQuestionInitial"></message>
				<message name="getQuestionSafety"></message>
				<message name="getGradeLevels"></message>
				<message name="getArrangements"></message>
				<message name="getStrategyHT"></message>
				<message name="getMandatoryCount"></message>
				<message name="getCategorySUMCList"></message>
			</broadcasts>
			<results>
				<result name="NotLoggedIn" do="user.login" redirect="true" />
				<result name="NotAuthorized" do="user.notauthorized" redirect="true" />
			</results> 
			<views>
				<include name="body" template="questions/getquestionsforcategory.cfm" />
			</views>
		</event-handler>
		
		<event-handler name="su.managequestions">
			<broadcasts>
				<message name="checkLogin">
					<argument name="role" value="suadmin" />
				</message>
				<!-- <message name="getCategoryList" /> -->
				<message name="getAllCategoryList" />
				<message name="loadSavedDefaultView" />
                <message name="getAmericaLearnsRequiredQuestion"></message>
                <message name="getRetiredQuestions"></message>
				<message name="getAssociationsForQuestions" />
			</broadcasts> 
			<results>
				<result name="NotLoggedIn" do="user.login" redirect="true" />
				<result name="NotAuthorized" do="user.notauthorized" redirect="true" />
				<result do="view.template" />
			</results>
			<views>
				<!--<include name="body" template="questions/browsecategoryquestions.cfm" >
					<value name="checkIconManageQuestions" value="1"/>
				</include>	-->
                <include name="body" template="questions/browseQuestions.cfm" />
			</views>
		</event-handler>
		
		<event-handler name="su.createquestion">
			<broadcasts>
				<message name="checkLogin">
					<argument name="role" value="suadmin" />
				</message>
				<!-- <message name="getAssociations">
					<argument name="activeonly" value="true" />
				</message> -->
				<message name="getAssociationsForQuestions" />
				<message name="getUser" />
				<messsage name="GetCategoryList" />
				<message name="getAssociationItemUserData" />
				<message name="getAssociationListForSuperUmbrellaUser">
					<argument name="associationType" value="3" />
				</message>
			</broadcasts>
			<results>
				<result name="NotLoggedIn" do="user.login" redirect="true" />
				<result name="NotAuthorized" do="user.notauthorized" redirect="true" />
				<result do="view.template" />
			</results>
			<views>
				<include name="body" template="questions/createquestion.cfm" >
					<value name="checkIconManageQuestions" value="1"/>
				</include>		
			</views>
		</event-handler>
		
		<event-handler name="su.questionsave">
			<broadcasts>
				<message name="checkLogin">
					<argument name="role" value="suadmin" />
				</message>
				<message name="processQuestion" />
				<message name="validateSaveQuestionTags"></message>
			</broadcasts> 
			<results>
				<result name="NotLoggedIn" do="user.login" redirect="true" />
				<result name="NotAuthorized" do="user.notauthorized" redirect="true" />
				<result name="Bad" do="su.createquestion" redirect="true" append="quid,pgmid" />
				<result name="Delete" do="mc.questiondelete" redirect="true" append="quid,pgmid" />
				<result name="CreateAnswer" do="survey.createanswer" redirect="true" append="quid" />
				<result name="CreateSubQuestion" do="su.createquestion" redirect="true" append="quid" />				
				<result name="CancelSubQuestion" do="su.createquestion" redirect="true" append="quid" />
				<!-- <result name="Good" do="mc.managesurveys" redirect="true" append="pgmid" /> 
				<result name="Good" do="su.managequestions" redirect="true" append="pgmid" /> -->
                <result name="tagSaved" do="su.managequestions" redirect="true" append="pgmid" />
			</results>
			<views />
		</event-handler>
		
		<event-handler name="su.getprogramsforsu">
			<broadcasts>
				<message name="checkLogin">
					<argument name="role" value="suadmin" />
				</message>
				<message name="getProgramsForSU"></message>
			</broadcasts>
			<results>
				<result name="NotLoggedIn" do="user.login" redirect="true" />
				<result name="NotAuthorized" do="user.notauthorized" redirect="true" />
			</results> 
			<views>
				<include name="body" template="questions/getprogramsforquestion.cfm" />
			</views>
		</event-handler>
		
		<event-handler name="su.getcategoryquestions">
			<broadcasts>
				<message name="checkLogin">
					<argument name="role" value="suadmin" />
					<argument name="section" value="1" />		
				</message>
				<message name="getCategoryQuestionsAnswers"></message>
				<message name="getQuestionInitial"></message>
				<message name="getQuestionSafety"></message>
				<message name="getGradeLevels"></message>
				<message name="getArrangements"></message>
				<message name="getStrategyHT"></message>
				<message name="getMandatoryCount"></message>
				<message name="getCategorySUMCList"></message>
			</broadcasts>
			<results>
				<result name="NotLoggedIn" do="user.login" redirect="true" />
				<result name="NotAuthorized" do="user.notauthorized" redirect="true" />
			</results> 
			<views>
				<include name="body" template="questions/getquestionsforcategory.cfm" />
			</views>
		</event-handler>
		
		<event-handler name="mc.deletequestion">
			<broadcasts>
				<message name="checkLogin">
					<argument name="role" value="manager,submanager" />
				</message>
				<message name="deleteQuestionDetails"></message>
				<message name="getCategoryList" />
			</broadcasts>
			<results>
				<result name="NotLoggedIn" do="user.login" redirect="true" />
				<result name="NotAuthorized" do="user.notauthorized" redirect="true" />
				<result do="view.template" />
			</results>
			<views/> 
		</event-handler>
		
		<event-handler name="su.deletequestion">
			<broadcasts>
				<message name="checkLogin">
					<argument name="role" value="suadmin" />
				</message>
				<message name="deleteQuestionDetails"></message>
				<message name="getCategoryList" />
			</broadcasts>
			<results>
				<result name="NotLoggedIn" do="user.login" redirect="true" />
				<result name="NotAuthorized" do="user.notauthorized" redirect="true" />
				<result do="view.template" />
			</results>
			<views/>
		</event-handler>
		
		<event-handler name="mc.deletesubquestion">
			<broadcasts>
				<message name="checkLogin">
					<argument name="role" value="manager,submanager" />
				</message>
				<message name="deleteQuestionDetails"></message>
			</broadcasts>
			<results>
				<result name="ShowEditQuestion" do="mc.editquestion" redirect="true"/>
				<result name="NotLoggedIn" do="user.login" redirect="true" />
				<result name="NotAuthorized" do="user.notauthorized" redirect="true" />
				<result do="view.template" />
			</results>
		</event-handler>
		
		
		<!-- To show the question list for cs -->
			<event-handler name="cs.questionlist">
			<broadcasts>
				<message name="checkLogin">
					<argument name="role" value="administrator,subadmin" />
					<argument name="section" value="210,211,212" />		
				</message>
				<!--<message name="getCategoryList" />-->
				<message name="getAllCategoryList" />
				<message name="loadSavedDefaultView" />
                <message name="getAmericaLearnsRequiredQuestion"></message>
                <message name="getRetiredQuestions"></message>
				<message name="getAssociationsForQuestions" />
			</broadcasts> 
			<results>
				<result name="NotLoggedIn" do="user.login" redirect="true" />
				<result name="NotAuthorized" do="user.notauthorized" redirect="true" />
				<result do="view.template" />
			</results>
			<views>
				<!--<include name="body" template="questions/browsecategoryquestions.cfm" />-->
                <include name="body" template="questions/browseQuestions.cfm" />
			</views>
		</event-handler>
		
		
		
		<!-- Create Question - For creating Questions.CS user -->
		<event-handler name="cs.createquestion">
			<broadcasts>
				<message name="checkLogin">
					<argument name="role" value="administrator,subadmin" />
				</message>
				<message name="getAssociationsForQuestions" />
				<message name="getUser" />
				<messsage name="GetCategoryList" />
				<message name="getAssociationItemUserData" />
			</broadcasts>
			<results>
				<result name="NotLoggedIn" do="user.login" redirect="true" />
				<result name="NotAuthorized" do="user.notauthorized" redirect="true" />
				<result do="view.template" />
			</results>
			<views>
				<include name="body" template="questions/createquestion.cfm" />
			</views>
		</event-handler>
		
		
		
			<!-- Save this Question cs -->
		<event-handler name="cs.questionsave">
			<broadcasts>
				<message name="checkLogin">
					<argument name="role" value="administrator,subadmin" />
				</message>
				<message name="processQuestion" />
				<message name="validateSaveQuestionTags"></message>
			</broadcasts> 
			<results>
				<result name="NotLoggedIn" do="user.login" redirect="true" />
				<result name="NotAuthorized" do="user.notauthorized" redirect="true" />
				<result name="Bad" do="cs.createquestion" redirect="true" append="quid,pgmid" />
				<result name="Delete" do="cs.questiondelete" redirect="true" append="quid,pgmid" />
				<result name="CreateAnswer" do="survey.createanswer" redirect="true" append="quid" />
				<result name="CreateSubQuestion" do="cs.createquestion" redirect="true" append="quid" />
				<result name="CancelSubQuestion" do="cs.createquestion" redirect="true" append="quid" />
				<!-- <result name="Good" do="cs.questionlist" redirect="true" append="pgmid" /> -->
                <result name="tagSaved" do="cs.questionlist" redirect="true" append="pgmid" />
			</results>
			<views />
		</event-handler>
		
		<!-- Get the category questions cs -->
			<event-handler name="cs.getcategoryquestions">
			<broadcasts>
				<message name="checkLogin">
					<argument name="role" value="administrator,subadmin" />
				</message>
				<message name="getCategoryQuestionsAnswers"></message>
				<message name="getQuestionInitial"></message>
				<message name="getQuestionSafety"></message>
				<message name="getGradeLevels"></message>
				<message name="getArrangements"></message>
				<message name="getStrategyHT"></message>
				<message name="getMandatoryCount"></message>
				<message name="getCategorySUMCList"></message>
			</broadcasts>
			<results>
				<result name="NotLoggedIn" do="user.login" redirect="true" />
				<result name="NotAuthorized" do="user.notauthorized" redirect="true" />
			</results> 
			<views>
				<include name="body" template="questions/getquestionsforcategory.cfm" />
			</views>
		</event-handler>
		
		<!-- Delete  Question cs -->
			<event-handler name="cs.deletequestion">
			<broadcasts>
				<message name="checkLogin">
					<argument name="role" value="administrator,subadmin" />
				</message>
				<message name="deleteQuestionDetails"></message>
				<message name="getCategoryList" />
			</broadcasts>
			<results>
				<result name="NotLoggedIn" do="user.login" redirect="true" />
				<result name="NotAuthorized" do="user.notauthorized" redirect="true" />
				<result do="view.template" />
			</results>
			<views/> 
		</event-handler>
		
			<!-- edit Question - For editing Questions.cs -->
		<event-handler name="cs.editquestion">
			<broadcasts>
				<message name="checkLogin">
					<argument name="role" value="administrator,subadmin" />
				</message>
				<message name="getQuestion" />				
				<message name="getAssociationsForQuestions" />
				<message name="getUser" />
				<messsage name="GetCategoryList" />	
				<message name="getQuestionTags"></message>
			</broadcasts> 
			<results>
				<result name="ShowCatListing" do="cs.questionlist" redirect="true"/>
				<result name="NotLoggedIn" do="user.login" redirect="true" />
				<result name="NotAuthorized" do="user.notauthorized" redirect="true" />
				<result do="view.template" />
			</results>
			<views>
				<include name="body" template="questions/editquestion.cfm" />
			</views>
		</event-handler>
		
			<!-- Edit Question Save, for saving after editing for cs -->
		<event-handler name="cs.editquestionsave">
			<broadcasts>
				<message name="checkLogin">
					<argument name="role" value="administrator,subadmin" />
				</message>
				<message name="processQuestionEdit" />
				<message name="validateSaveQuestionTags"></message>
			</broadcasts> 
			<results>
				<result name="NotLoggedIn" do="user.login" redirect="true" />
				<result name="NotAuthorized" do="user.notauthorized" redirect="true" />
				<result name="Bad" do="cs.editquestion" redirect="true" append="quid,pgmid" />
				<result name="Delete" do="cs.questiondelete" redirect="true" append="quid,pgmid" />
				<result name="CreateAnswer" do="survey.createanswer" redirect="true" append="quid" />
				<result name="CreateSubQuestion" do="cs.editquestion" redirect="true" append="quid" />
				<result name="CancelSubQuestion" do="cs.editquestion" redirect="true" append="quid" />
				<result name="tagSaved" do="cs.questionlist" redirect="true" append="pgmid" />
			</results>
			<views />
		</event-handler>
		
		<event-handler name="cs.checkDuplicateDataViewingTitle">
			<broadcasts>
				<message name="checkLogin">
					<argument name="role" value="administrator,subadmin" />
				</message>
				<message name="checkDuplicateQuestionByDataViewingTitle" />
			</broadcasts> 
			<results>
				<result name="NotLoggedIn" do="user.login" redirect="true" />
				<result name="NotAuthorized" do="user.notauthorized" redirect="true" />
			</results>
			<views>
				<include name="body" template="questions/dataviewingtitleduplicatecheck.cfm" />
			</views>
		</event-handler>
		
		<!-- delete sub questions for cs -->
		<event-handler name="cs.deletesubquestion">
			<broadcasts>
				<message name="checkLogin">
					<argument name="role" value="administrator,subadmin" />
				</message>
				<message name="deleteQuestionDetails"></message>
			</broadcasts>
			<results>
				<result name="ShowEditQuestion" do="cs.editquestion" redirect="true"/>
				<result name="NotLoggedIn" do="user.login" redirect="true" />
				<result name="NotAuthorized" do="user.notauthorized" redirect="true" />
				<result do="view.template" />
			</results>
		</event-handler>
		
		
		<!-- **************** Block below is for cloning purposes ****************-->
		
		
		<!-- DM: 07/08/2008 clone questions for mc -->
			<event-handler name="mc.clonequestion">
			<broadcasts>
				<message name="checkLogin">
					<argument name="role" value="manager,submanager" />
					<argument name="section" value="16" />	<!--sl-14 added '16' -->
				</message>
				<message name="getQuestion" />				
				<message name="getAssociationsForQuestions" />
				<message name="getUser" />
				<messsage name="GetCategoryList" />
				<message name="getAllCategoryList" />
				<!-- DM - Get all Type 3 associations -->
				<message name="getAssociationList">
					<argument name="associationType" value="3" />
				</message>
				<!--<message name="processSitesForQuestions" />-->
				<message name="processSitesForQuestions">
					<argument name="SiteList" value="1" />
				</message>				
				<message name="getQuestionTags"></message>

				<message name="getStaffRoleList" />
				<message name="getRolesQuestionList" />
			</broadcasts> 
			<results>
				<result name="ShowCatListing" do="mc.questionlist" redirect="true"/>
				<result name="NotLoggedIn" do="user.login" redirect="true" />
				<result name="NotAuthorized" do="user.notauthorized" redirect="true" />
				<result do="view.template" />
			</results>
			<views>
				<include name="body" template="questions/clonequestion.cfm" />
			</views>
		</event-handler>
		<!-- DM: 07/08/2008 clone questions for mc ends here-->
		
		
		<!-- Clone Question Save, for saving after editing for mc -->
		<event-handler name="mc.clonequestionsave">
			<broadcasts>
				<message name="checkLogin">
					<argument name="role" value="manager,submanager" />
				</message>
				<message name="processGoalQuestionClone" /><!-- Start SQM-483 -->
				<message name="processQuestionClone" />
				<message name="validateSaveQuestionTags"></message>
			</broadcasts> 
			<results>
				<result name="NotLoggedIn" do="user.login" redirect="true" />
				<result name="NotAuthorized" do="user.notauthorized" redirect="true" />
				<result name="Bad" do="mc.clonequestion" redirect="true" append="quid,pgmid" />
				<result name="Delete" do="mc.questiondelete" redirect="true" append="quid,pgmid" />
				<result name="CreateAnswer" do="survey.createanswer" redirect="true" append="quid" />
				<result name="CreateSubQuestion" do="mc.clonequestion" redirect="true" append="quid" />
				<result name="CancelSubQuestion" do="mc.clonequestion" redirect="true" append="quid" />
                		<result name="tagSaved" do="mc.questionlist&amp;view=1" redirect="true" />
				<!--<result name="Good" do="mc.questionlist" redirect="true" append="pgmid" />-->
			</results>
			<views />
		</event-handler>
		
		
		<!-- Added by DM Date:8/8/2008 Description: Clone Questions for CS (Administrator) -->
			<event-handler name="cs.clonequestion">
			<broadcasts>
				<message name="checkLogin">
					<argument name="role" value="administrator,subadmin" />
				</message>
				<message name="getQuestion" />				
				<message name="getAssociationsForQuestions" />
				<message name="getUser" />
				<messsage name="GetCategoryList" />	
				<message name="getQuestionTags"></message>
			</broadcasts> 
			<results>
				<result name="ShowCatListing" do="cs.questionlist" redirect="true"/>
				<result name="NotLoggedIn" do="user.login" redirect="true" />
				<result name="NotAuthorized" do="user.notauthorized" redirect="true" />
				<result do="view.template" />
			</results>
			<views>
				<include name="body" template="questions/clonequestion.cfm" />
			</views>
		</event-handler>
		<!-- Added by DM Date:8/8/2008 Description: Clone Questions for CS (Administrator) ends here-->		
		
		<!-- Added by DM Date:8/8/2008 Description: Save Cloned Questions for CS (Administrator) -->
		
			<event-handler name="cs.clonequestionsave">
			<broadcasts>
				<message name="checkLogin">
					<argument name="role" value="administrator,subadmin" />
				</message>
				<message name="processQuestionClone" />
				<message name="validateSaveQuestionTags"></message>
			</broadcasts> 
			<results>
				<result name="NotLoggedIn" do="user.login" redirect="true" />
				<result name="NotAuthorized" do="user.notauthorized" redirect="true" />
				<result name="Bad" do="cs.clonequestion" redirect="true" append="quid,pgmid" />
				<result name="Delete" do="cs.questiondelete" redirect="true" append="quid,pgmid" />
				<result name="CreateAnswer" do="survey.createanswer" redirect="true" append="quid" />
				<result name="CreateSubQuestion" do="cs.clonequestion" redirect="true" append="quid" />
				<result name="CancelSubQuestion" do="cs.clonequestion" redirect="true" append="quid" />
                <result name="tagSaved" do="cs.questionlist" redirect="true" />
				<!-- <result name="Good" do="cs.questionlist" redirect="true" append="pgmid" /> -->
			</results>
			<views />
		</event-handler>		
		
		<!-- Added by DM Date:8/8/2008 Description: Save Cloned Questions for CS (Administrator) ends here-->
		
		<!-- DM: 07/08/2008 clone questions for su -->
			<event-handler name="su.clonequestion">
				<broadcasts>
					<message name="checkLogin">
						<argument name="role" value="suadmin" />
					</message>
					<message name="getQuestion" />				
					<message name="getAssociationsForQuestions" />
					<message name="getUser" />
					<messsage name="GetCategoryList" />
					<message name="getAssociationListForSuperUmbrellaUser">
						<argument name="associationType" value="3" />
					</message>	
				    <message name="getQuestionTags"></message>
				</broadcasts> 
				<results>
					<result name="ShowCatListing" do="su.managequestions" redirect="true"/>
					<result name="NotLoggedIn" do="user.login" redirect="true" />
					<result name="NotAuthorized" do="user.notauthorized" redirect="true" />
					<result do="view.template" />
				</results>
				<views>
					<include name="body" template="questions/clonequestion.cfm" />
				</views>
			</event-handler>
		<!-- DM: 07/08/2008 clone questions for su ends here-->
		
			<!-- Clone Question Save, for saving after editing for mc -->
			<event-handler name="su.clonequestionsave">
				<broadcasts>
					<message name="checkLogin">
						<argument name="role" value="suadmin" />
					</message>
					<message name="processQuestionClone" />
				<message name="validateSaveQuestionTags"></message>
				</broadcasts> 
				<results>
					<result name="NotLoggedIn" do="user.login" redirect="true" />
					<result name="NotAuthorized" do="user.notauthorized" redirect="true" />
					<result name="Bad" do="su.clonequestion" redirect="true" append="quid,pgmid" />
					<result name="Delete" do="su.questiondelete" redirect="true" append="quid,pgmid" />
					<result name="CreateAnswer" do="survey.createanswer" redirect="true" append="quid" />
					<result name="CreateSubQuestion" do="su.clonequestion" redirect="true" append="quid" />
					<result name="CancelSubQuestion" do="su.clonequestion" redirect="true" append="quid" />
                <result name="tagSaved" do="su.managequestions" redirect="true" />
					<!-- <result name="Good" do="su.managequestions" redirect="true" append="pgmid" /> -->
				</results>
				<views />
			</event-handler>
		
		<!-- **************** Block for cloning purposes ends here****************-->
		
		<event-handler name="su.editquestion">
			<broadcasts>
				<message name="checkLogin">
					<argument name="role" value="suadmin" />
				</message>
				<message name="getQuestion" />				
				<message name="getAssociationsForQuestions" />
				<message name="getUser" />
				<messsage name="GetCategoryList" />
				<message name="getAssociationListForSuperUmbrellaUser">
					<argument name="associationType" value="3" />
				</message>	
				<message name="getQuestionTags"></message>
			</broadcasts> 
			<results>
				<result name="ShowCatListing" do="su.managequestions" redirect="true"/>
				<result name="NotLoggedIn" do="user.login" redirect="true" />
				<result name="NotAuthorized" do="user.notauthorized" redirect="true" />
				<result do="view.template" />
			</results>
			<views>
				<include name="body" template="questions/editquestion.cfm" />
			</views>
		</event-handler>
		
		<event-handler name="su.editquestionsave">
			<broadcasts>
				<message name="checkLogin">
					<argument name="role" value="suadmin" />
				</message>
				<message name="processQuestionEdit" />
				<message name="validateSaveQuestionTags"></message>
			</broadcasts> 
			<results>
				<result name="NotLoggedIn" do="user.login" redirect="true" />
				<result name="NotAuthorized" do="user.notauthorized" redirect="true" />
				<result name="Bad" do="su.editquestion" redirect="true" append="quid,pgmid" />
				<result name="Delete" do="su.questiondelete" redirect="true" append="quid,pgmid" />
				<result name="CreateAnswer" do="survey.createanswer" redirect="true" append="quid" />
				<result name="CreateSubQuestion" do="su.editquestion" redirect="true" append="quid" />
				<result name="CancelSubQuestion" do="su.editquestion" redirect="true" append="quid" />
				<result name="tagSaved" do="su.managequestions" redirect="true" append="pgmid" />
			</results>
			<views />
		</event-handler>
		
		<event-handler name="su.checkDuplicateDataViewingTitle">
			<broadcasts>
				<message name="checkLogin">
					<argument name="role" value="suadmin" />
				</message>
				<message name="checkDuplicateQuestionByDataViewingTitle" />
			</broadcasts> 
			<results>
				<result name="NotLoggedIn" do="user.login" redirect="true" />
				<result name="NotAuthorized" do="user.notauthorized" redirect="true" />
			</results>
			<views>
				<include name="body" template="questions/dataviewingtitleduplicatecheck.cfm" />
			</views>
		</event-handler>
		
		<event-handler name="su.deletesubquestion">
			<broadcasts>
				<message name="checkLogin">
					<argument name="role" value="suadmin" />
				</message>
				<message name="deleteQuestionDetails"></message>
			</broadcasts>
			<results>
				<result name="ShowEditQuestion" do="su.editquestion" redirect="true"/>
				<result name="NotLoggedIn" do="user.login" redirect="true" />
				<result name="NotAuthorized" do="user.notauthorized" redirect="true" />
				<result do="view.template" />
			</results>
		</event-handler>
		
		<event-handler name="question.savenewsurvey">
			<broadcasts>
				<message name="checkLogin">
					<argument name="role" value="manager,submanager" />
				</message>
				<message name="createEditSurveyAction"></message>
				<message name="saveSurveyQuestionOrder"></message>
			</broadcasts>
			<results>
				<result name="Good" do="survey.editsurveys" redirect="true"/>
				<result name="Bad" do="survey.createsurvey&amp;surveyactionn=1" redirect="true"/>
				<result name="BadClone" do="survey.createsurvey&amp;surveyactionn=1" redirect="true"/>
				<result name="NotLoggedIn" do="user.login" redirect="true" />
				<result name="NotAuthorized" do="user.notauthorized" redirect="true" />
				<result do="view.template" />
			</results>
		</event-handler>
		
		<event-handler name="question.savesurveyeditorder">
			<broadcasts>
				<message name="checkLogin">
					<argument name="role" value="manager,submanager" />
				</message>
				<message name="createEditSurveyAction"></message>
				<message name="saveSurveyQuestionOrder"></message>
			</broadcasts>
			<results>
				<result name="Good" do="survey.editsurveys" redirect="true"/>
				<result name="NotLoggedIn" do="user.login" redirect="true" />
				<result name="NotAuthorized" do="user.notauthorized" redirect="true" />
				<result do="view.template" />
			</results>
		</event-handler>
		
		<event-handler name="question.savesurveyorder">
			<broadcasts>
				<message name="checkLogin">
					<argument name="role" value="manager,submanager" />
				</message>
				<message name="saveSurveyQuestionOrder"></message>
			</broadcasts>
			<results>
				<result name="Good" do="survey.editsurveys" redirect="true"/>
				<result name="NotLoggedIn" do="user.login" redirect="true" />
				<result name="NotAuthorized" do="user.notauthorized" redirect="true" />
				<result do="view.template" />
			</results>
		</event-handler>
		
		<event-handler name="question.dashboarddatabyquestiontype">
			<broadcasts>
				<message name="checkLogin">
					<argument name="role" value="manager,submanager" />
				</message>
			</broadcasts>
			<views>
				<include name="body" template="questions/getdashboarddatabyquestiontype.cfm" />
			</views>
		</event-handler>
        
        <!-- SQM-14: Created by window popup -->
		<event-handler name="questions.createdbywindow">
			<broadcasts>
				<message name="checkLogin">
					<argument name="role" value="manager,submanager,administrator,subadmin,suadmin" />
				</message>
				<message name="getAllCategoryList" />
			</broadcasts> 
			<results>
				<result name="NotLoggedIn" do="user.login" redirect="true" />
				<result name="NotAuthorized" do="user.notauthorized" redirect="true" />
			</results>
			<views>
				<include name="body" template="questions/createdbywindow.cfm" />
			</views>
		</event-handler>
        <!-- SQM-14: Table Properties window popup -->
		<event-handler name="questions.tablepropertieswindow">
			<broadcasts>
				<message name="checkLogin">
					<argument name="role" value="manager,submanager,administrator,subadmin,suadmin" />	
				</message>
				<message name="getAllCategoryList" />
			</broadcasts> 
			<results>
				<result name="NotLoggedIn" do="user.login" redirect="true" />
				<result name="NotAuthorized" do="user.notauthorized" redirect="true" />
			</results>
			<views>
				<include name="body" template="questions/tablepropertieswindow.cfm" />
			</views>
		</event-handler>
		<!-- SQM-14: Load Questions By Category AJAX -->
		<event-handler name="questions.getQuestions">
			<broadcasts>
				<message name="checkLogin">
					<argument name="role" value="manager,submanager" />
				</message>
				<message name="getQuestions"></message>
				<message name="getArrangements"></message>
				<message name="getGradeLevels"></message>
				<message name="getStrategyHT"></message>
				<message name="getBulkEditQuestionCount"></message>
				<message name="getAssociationList"></message>
				<message name="getTPValue"></message>
			</broadcasts>
			<views>
				<include name="body" template="questions/getQuestions.cfm" />
			</views>
		</event-handler>
		<!-- SQM-14: Load Frequently Used Category AJAX -->
		<event-handler name="questions.getFrequentlyUsedCategory">
			<broadcasts>
				<message name="checkLogin">
					<argument name="role" value="manager,submanager" />
				</message>
				<message name="getAllCategoryList" />
				<message name="getFrequentlyUsedCategory"></message>
			</broadcasts>
			<views>
				<include name="body" template="questions/getFrequentlyUsedCategory.cfm" />
			</views>
		</event-handler>
		
		<!-- SQM-14: Load Frequently Used Category AJAX -->
		<event-handler name="questions.showSuperUmbrellaCategories">
			<broadcasts>
				<message name="checkLogin">
					<argument name="role" value="manager,submanager" />
				</message>
				<message name="getAllCategoryList" />
				<message name="showSuperUmbrellaCategories"></message>
			</broadcasts>
			<views>
				<include name="body" template="questions/showSuperUmbrellaCategories.cfm" />
			</views>
		</event-handler>
		
		<!-- SQM-14: Load Recently Used Category AJAX -->
        <event-handler name="questions.getRecentlyUsedCategory">
			<broadcasts>
				<message name="checkLogin">
					<argument name="role" value="manager,submanager" />
				</message>
				<message name="getAllCategoryList" />
				<message name="getRecentlyUsedCategory"></message>
			</broadcasts>
			<views>
				<include name="body" template="questions/getRecentlyUsedCategory.cfm" />
			</views>
		</event-handler>
        
        <event-handler name="questions.getAmericaLearnsCategoryListQuestions">
			<broadcasts>
				<message name="checkLogin">
					<argument name="role" value="manager,submanager" />
				</message>
				<message name="getAmericaLearnsRequiredQuestion"></message>
			</broadcasts>
			<views>
				<include name="body" template="questions/getAmericaLearnsCategoryListQuestions.cfm" />
			</views>
		</event-handler>
        
        <event-handler name="questions.showAllCategoryListFilter">
			<broadcasts>
				<message name="checkLogin">
					<argument name="role" value="manager,submanager" />
				</message>
				<message name="getAllCategoryList" />
				<message name="getAmericaLearnsRequiredQuestion"/>
				<message name="getRetiredQuestions"/>
			</broadcasts>
			<views>
				<include name="body" template="questions/showAllCategoryListFilter.cfm" />
			</views>
		</event-handler>
        
        <event-handler name="questions.showMyCategoryFilter">
			<broadcasts>
				<message name="checkLogin">
					<argument name="role" value="manager,submanager" />
				</message>
				<message name="getAllCategoryList" />
				<message name="showMyCategoryFilter"/>
			</broadcasts>
			<views>
				<include name="body" template="questions/showMyCategoryFilter.cfm" />
			</views>
		</event-handler>
        
        <event-handler name="questions.getBulkEditQuestionCount">
			<broadcasts>
				<message name="checkLogin">
					<argument name="role" value="manager,submanager" />
				</message>
				<message name="getBulkEditQuestionCount"></message>
			</broadcasts>
            <views>
				<include name="body" template="questions/getBulkEditQuestionCount.cfm" />
			</views>
		</event-handler>

        
        <event-handler name="questions.restoreCurrentUserView">
			<broadcasts>
				<message name="checkLogin">
					<argument name="role" value="manager,submanager" />
				</message>
				<message name="restoreCurrentUserView"></message>
			</broadcasts>
            <views/>
		</event-handler>

		<event-handler name="questions.deletequestionsNotArchived">
			<broadcasts>
				<message name="checkLogin">
					<argument name="role" value="manager,submanager" />
				</message>
				<message name="deletequestionsNotArchived"></message>
			</broadcasts>
            <views/>
		</event-handler>
		
		<!-- SQM-14: Save And Load View -->
		<event-handler name="questions.loadAndSaveViewWindow">
			<broadcasts>
				<message name="checkLogin">
					<argument name="role" value="manager,submanager" />
				</message>
				<message name="loadSavedViews"></message>
			</broadcasts>
			<views>
				<include name="body" template="questions/loadAndSaveViewWindow.cfm" />
			</views>
		</event-handler>
		<!-- SQM-14: "Save And Load View" Data Saving Via Ajax -->
		<event-handler name="questions.saveView">
			<broadcasts>
				<message name="checkLogin">
					<argument name="role" value="manager,submanager" />
				</message>
				<message name="setSaveView"></message>
			</broadcasts>
			<views>
				<include name="body" template="questions/saveView.cfm" />
			</views>
		</event-handler>
		<!-- SQM-14: Update view Via Ajax -->
		<event-handler name="questions.updateViewName">
			<broadcasts>
				<message name="checkLogin">
					<argument name="role" value="manager,submanager" />
				</message>
				<message name="updateViewName"></message>
			</broadcasts>
			<views>
			</views>
		</event-handler>
		<!-- SQM-14: Update view Via Ajax -->
		<event-handler name="questions.deleteView">
			<broadcasts>
				<message name="checkLogin">
					<argument name="role" value="manager,submanager" />
				</message>
				<message name="deleteView"></message>
			</broadcasts>
			<views>
			</views>
		</event-handler>
		<!-- SQM-14: Update default view Via Ajax -->
		<event-handler name="questions.updateDefaultView">
			<broadcasts>
				<message name="checkLogin">
					<argument name="role" value="manager,submanager" />
				</message>
				<message name="updateDefaultView"></message>
			</broadcasts>
			<views>
			</views>
		</event-handler>
		
		<!-- SQM-14: Showing survey history of questions window -->
		<event-handler name="questions.surveyHistoryWindow">
			<broadcasts>
				<message name="checkLogin">
					<argument name="role" value="manager,submanager" />
				</message>
				<message name="surveyHistoryWindow"></message>
			</broadcasts>
			<views>
				<include name="body" template="questions/surveyHistoryWindow.cfm" />
			</views>
		</event-handler>
		
		<!-- SQM-14: To get question list based on filter settings passed -->
		<event-handler name="questions.getAllFilteredQuestion">
			<broadcasts>
				<message name="checkLogin">
					<argument name="role" value="manager,submanager" />
				</message>
				<message name="getAllFilteredQuestion"></message>
			</broadcasts>
			<views>
				<include name="body" template="questions/displayQuestionList.cfm" />
			</views>
		</event-handler>
		
		<!-- SQM-14: Get questionids based on group sequence -->
		<event-handler name="questions.getQuestonIdByGroupSequence">
			<broadcasts>
				<message name="checkLogin">
					<argument name="role" value="manager,submanager" />
				</message>
				<message name="getQuestonIdByGroupSequence"></message>
			</broadcasts>
			<views>
				<include name="body" template="questions/getQuestonIdByGroupSequence.cfm" />
			</views>
		</event-handler>
		<!-- Lajin 01 : SQM-14: Get questionids based on group sequence : END -->

		<!-- Rejtih : SQM-14: Question category archive folders : START -->
		<event-handler name="questions.archivewindow">
			<broadcasts>
				<message name="checkLogin">
					<argument name="role" value="manager,submanager" />
				</message>
				<message name="getQuestionCategoryArchives"></message>
			</broadcasts>
			<views>
				<include name="body" template="questions/questioncategoryarchives.cfm" />
			</views>
		</event-handler>
		<event-handler name="questions.savequestionarchive">
			<broadcasts>
				<message name="checkLogin">
					<argument name="role" value="manager,submanager" />
				</message>
				<message name="setQuestionCategoryArchives"></message>
			</broadcasts>
			<views>
				<include name="body" template="questions/archiveValidation.cfm" />
			</views>
		</event-handler>
		<event-handler name="questions.validatequestionarchive">
			<broadcasts>
				<message name="checkLogin">
					<argument name="role" value="manager,submanager" />
				</message>
				<message name="validateQuestionCategoryArchives"></message>
			</broadcasts>
			<views>
				<include name="body" template="questions/archiveValidation.cfm" />
			</views>
		</event-handler>
		<!-- Rejtih : SQM-14: Question category archive folders : END -->
		<!-- Rejtih : SQM-14: Question tags : START -->
		<event-handler name="questions.managequestiontagwindow">
			<broadcasts>
				<message name="checkLogin">
					<argument name="role" value="manager,submanager" />
				</message>
				<message name="getQuestionTags"></message>
				<message name="getProgramQuestionTags"></message>
			</broadcasts>
			<views>
				<include name="body" template="questions/managequestiontagwindow.cfm" />
			</views>
		</event-handler>
		<event-handler name="questions.savequestiontags">
			<broadcasts>
				<message name="checkLogin">
					<argument name="role" value="manager,submanager" />
				</message>
				<message name="validateSaveQuestionTags"></message>
			</broadcasts>
			<views/>
		</event-handler>
		<event-handler name="questions.filterbytagwindow">
			<broadcasts>
				<message name="checkLogin">
					<argument name="role" value="manager,submanager,administrator,subadmin,suadmin" />		
				</message>
				<message name="getProgramQuestionTags" />
				<message name="getFilterTags" />
			</broadcasts> 
			<results>
				<result name="NotLoggedIn" do="user.login" redirect="true" />
				<result name="NotAuthorized" do="user.notauthorized" redirect="true" />
			</results>
			<views>
				<include name="body" template="questions/managequestiontagwindow.cfm" />
			</views>
		</event-handler>
		<!-- SQM-14: Load Questions By Category AJAX -->
		<event-handler name="questions.getquestionsforform">
			<broadcasts>
				<message name="checkLogin">
					<argument name="role" value="manager,submanager" />
				</message>
				<message name="getQuestions"></message>
				<message name="getArrangements"></message>
				<message name="getGradeLevels"></message>
				<message name="getStrategyHT"></message>
			</broadcasts>
			<views>
				<include name="body" template="questions/getQuestionsForForm.cfm" />
			</views>
		</event-handler>
 		<!-- SQM-14: Load survey form list -->
        <event-handler name="questions.showAllSurveyListFilter">
			<broadcasts>
				<message name="checkLogin">
					<argument name="role" value="manager,submanager" />
				</message>
				<message name="getAllSurveyFormList" />
			</broadcasts>
			<views>
				<include name="body" template="questions/showAllSurveyFormListFilter.cfm" />
			</views>
		</event-handler>
        
		<!-- Rejtih : SQM-14: Question tags : END -->
		<!-- Adminfunct-94 start -->
        <event-handler name="questions.getDateRecentCreatedQuestion">
			<broadcasts>
				<message name="checkLogin">
					<argument name="role" value="manager,submanager" />
				</message>
				<message name="dateRecentCreatedQuestion" />
			</broadcasts>
			<views>
				<include name="body" template="questions/showAllSurveyFormListFilter.cfm" />
			</views>
		</event-handler>
        <!-- Adminfunct-94 End -->
		
		<!-- SQM-483 Goal Tracking Start -->
		<event-handler name="mc.checkDuplicatePanelName">
			<broadcasts>
				<message name="checkLogin">
					<argument name="role" value="manager,submanager" />
				</message>
					<message name="checkDuplicatePanelNameByBeneficiaryGroup" />
			</broadcasts> 
			<results>
				<result name="NotLoggedIn" do="user.login" redirect="true" />
				<result name="NotAuthorized" do="user.notauthorized" redirect="true" />
			</results>
			<views>
				<include name="body" template="questions/panelnameduplicatecheck.cfm" />
			</views>
		</event-handler>
		<event-handler name="mc.goalColumnOptionValidation">
			<broadcasts>
				<message name="checkLogin">
					<argument name="role" value="manager,submanager,administrator,subadmin,suadmin" />		
				</message>
				<message name="getGoalTrackinColumnOptionIdentifier" />				
			</broadcasts> 
			<results>
				<result name="NotLoggedIn" do="user.login" redirect="true" />
				<result name="NotAuthorized" do="user.notauthorized" redirect="true" />
			</results>
			<views>
				<include name="body" template="questions/goalTrackingColumnOptionValidation.cfm" />
			</views>
		</event-handler>
		<!-- SQM-483 Goal Tracking End -->
		<!-- SF-21 Display logic start-->
		<event-handler name="questions.saveDisplayLogic">
			<broadcasts>
				<message name="checkLogin">
					<argument name="role" value="manager,submanager" />
				</message>
				<message name="saveSurveyQuestionDisplayLogic"></message>
			</broadcasts>
			<results>
				<result name="NotLoggedIn" do="user.login" redirect="true" />
				<result name="NotAuthorized" do="user.notauthorized" redirect="true" />					
			</results>
		</event-handler>

		<event-handler name="questions.deleteAllDisplayLogic">
			<broadcasts>
				<message name="checkLogin">
					<argument name="role" value="manager,submanager" />
				</message>
				<message name="deleteAllQuestionDisplayLogic"></message>
			</broadcasts>
			<results>
				<result name="NotLoggedIn" do="user.login" redirect="true" />
				<result name="NotAuthorized" do="user.notauthorized" redirect="true" />					
			</results>
		</event-handler>
		<!-- SF-21 Display logic end-->
	</event-handlers>
</modelglue>