<modelglue>

	<controllers>
		<controller name="sitecontroller" type="mvcamericalearns.controller.sitecontroller">
			<message-listener message="UpdateCurrentAgeSiteFieldValueDaily" function="UpdateCurrentAgeSiteFieldValueDaily" /><!--Update Current Age Field Scheduler For Site-->
			<!-- Sitemanage-2(Hari) : Start -->
			<message-listener message="getsitePanelDetails" function="getsitePanelDetails"/>
			<message-listener message="getsitesubPanelDetails" function="getsitesubPanelDetails"/>
			<message-listener message="getsiteFieldValueDetailsByProgramId" function="getsiteFieldValueDetailsByProgramId"/>
			<message-listener message="getsiteSubPanelDetailsByProgramId" function="getsiteSubPanelDetailsByProgramId"/>
			<message-listener message="getsiteContentblockDetails" function="getsiteContentblockDetails"/>
			<message-listener message="getsiteFieldDetails" function="getsiteFieldDetails"/>
			<message-listener message="getSignFieldTemplateDetailsForSite" function="getSignFieldTemplateDetailsForSite"/>
			<message-listener message="getSignFieldTemplateCompleteDetailsForSite" function="getSignFieldTemplateCompleteDetailsForSite"/>
			<message-listener message="createSitepanel" function="createSitepanel"/>
			<message-listener message="getsitePanelDetailById" function="getsitePanelDetailById"/>
			<message-listener message="getsitePanelDetailsByAjax" function="getsitePanelDetailsByAjax"/>
			<message-listener message="getsitepanelSubPanelDetails" function="getsitepanelSubPanelDetails"/>
			<message-listener message="getsiteSubPanelDetailsByID" function="getsiteSubPanelDetailsByID"/>
			<message-listener message="getsiteFieldDetailById" function="getsiteFieldDetailById"/>
			<message-listener message="getsiteDefaultPanelDetails" function="getsiteDefaultPanelDetails"/>
			<message-listener message="getsiteFieldQualitativeOptions" function="getsiteFieldQualitativeOptions"/>
			<message-listener message="getsiteDetailsByFieldId" function="getsiteDetailsByFieldId"/>
			<message-listener message="createSiteSubpanel" function="createSiteSubpanel"/>
			<message-listener message="savesitecontentblock" function="savesitecontentblock"/>
			<message-listener message="editsitecontextblock" function="editsitecontextblock"/>
			<message-listener message="checksiteContentBlockForPanelandSubpanel" function="checksiteContentBlockForPanelandSubpanel"/>
			<message-listener message="deletesitecontextblock" function="deletesitecontextblock"/>
			<message-listener message="createsitefields" function="createsitefields"/>
			<message-listener message="deletesitepanelSubpanel" function="deletesitepanelSubpanel"/>
			<message-listener message="createclonesitePanel" function="createclonesitePanel"/>
			<message-listener message="clonesiteSubpanel" function="clonesiteSubpanel"/>
			<message-listener message="updatesiteFieldPosition" function="updatesiteFieldPosition"/>
			<message-listener message="updatesitePanelPosition" function="updatesitePanelPosition"/>
			<message-listener message="UpdatesiteFieldPositionAndName" function="UpdatesiteFieldPositionAndName"/>
			<message-listener message="updatesiteSubPanelPosition" function="updatesiteSubPanelPosition"/>
			<message-listener message="getPanelFieldValuesOfSite" function="getPanelFieldValuesOfSite"/>
			<message-listener message="getsiteQualitativeOptions" function="getsiteQualitativeOptions"/>
			<message-listener message="getFieldFileAttachmentbysiteId" function="getFieldFileAttachmentbysiteId"/>
			<message-listener message="getsiteSignedFilesdetails" function="getsiteSignedFilesdetails"/>
			<message-listener message="getsiteQuickAccessFieldDetails" function="getsiteQuickAccessFieldDetails"/>
			<message-listener message="getSitesDetailsById" function="getSitesDetailsById"/>
			<message-listener message="getProgramsiteFieldsById" function="getProgramsiteFieldsById"/>
			<message-listener message="getStaffAndVolunteerBySiteId" function="getStaffAndVolunteerBySiteId"/>
			<!-- BG-577 -->
			<message-listener message="getSiteAssociationItems" function="getSiteAssociationItems"/> 
			<message-listener message="getSiteAssociationItems_edit" function="getSiteAssociationItems_edit"/>
			<message-listener message="updateSiteAssociAssignments" function="updateSiteAssociAssignments"/>
			<!-- BG-577:End -->
			<message-listener message="uploadsiteFiles" function="uploadsiteFiles"/>
			<message-listener message="savesitePanel_FieldValueVFU" function="savesitePanel_FieldValueVFU"/>
			<message-listener message="getsiteFieldDetailsAjax" function="getsiteFieldDetailsAjax"/>
			<message-listener message="getsiteFieldFileAttachment" function="getsiteFieldFileAttachment"/>
			<message-listener message="DecryptSiteFile" function="DecryptSiteFile"/>
			<message-listener message="updatesiteprofile" function="updatesiteprofile"/>
			<message-listener message="checkAssociateDataForSite" function="checkAssociateDataForSite"/>
			<message-listener message="getDeleteSite" function="getDeleteSite"/>
			<message-listener message="getProcessSiteEdit" function="getProcessSiteEdit"/> <!--MV-1697-->
			
			<!-- Sign Now Related code : Start -->
			<message-listener message="authenticateSigNowCredsForSite" function="authenticateSigNowCredsForSite"/>
			<message-listener message="getSignNowUserInfoForSite" function="getSignNowUserInfoForSite"/>
			<message-listener message="uploadsiteTemplatetoSignNow" function="uploadsiteTemplatetoSignNow"/>
			<message-listener message="viewUploadsiteTemplatetoSignNow" function="viewUploadsiteTemplatetoSignNow"/>
			<message-listener message="getUploadedDocStatusfromsiteSignNow" function="getUploadedDocStatusfromsiteSignNow"/>
			<message-listener message="deletesiteSignNowDocumentByid" function="deletesiteSignNowDocumentByid"/>
			<message-listener message="getsiteListForUniqueSignNow" function="getsiteListForUniqueSignNow"/>
			<message-listener message="SignNowsiteTemplateNameValidation" function="SignNowsiteTemplateNameValidation"/>
			<message-listener message="signNowTemplateSavedWithoutsiteFields" function="signNowTemplateSavedWithoutsiteFields"/>
			<message-listener message="createsiteSignNowDocumentForAll" function="createsiteSignNowDocumentForAll"/>
			<message-listener message="decryptsiteSignedDocument" function="decryptsiteSignedDocument"/>
			<message-listener message="opensiteSignNowDocSigning" function="opensiteSignNowDocSigning"/>
			<message-listener message="siteSignNowDocumnetSignSaved" function="siteSignNowDocumnetSignSaved"/>
			<message-listener message="uploadsiteScannedDocumentToSignNow" function="uploadsiteScannedDocumentToSignNow"/>
			<message-listener message="getsiteDocSignedStatusfromSignNow" function="getsiteDocSignedStatusfromSignNow"/>
			<message-listener message="getUnassignedsiteListForUniqueSignNow" function="getUnassignedsiteListForUniqueSignNow"/>
			<message-listener message="getsiteListForEditUniqueSignNow" function="getsiteListForEditUniqueSignNow"/>
			<message-listener message="checksiteSignNowAccessToken" function="checksiteSignNowAccessToken"/>
			<message-listener message="checksiteAlreadyAssigned" function="checksiteAlreadyAssigned"/>
			<message-listener message="removeUntrackedSiteAssigned" function="removeUntrackedSiteAssigned"/> <!-- MV-1323 -->
			<message-listener message="sitedocumentUpdateCallbackfromSignNow" function="sitedocumentUpdateCallbackfromSignNow"/>
			<message-listener message="sitedocumentCompleteCallbackfromSignNow" function="sitedocumentCompleteCallbackfromSignNow"/>

			<!--start:1422-lp-->
				<message-listener message="getEditSiteSignNowTemplateDetails" function="getEditSiteSignNowTemplateDetails" /> 
				<message-listener message="getSiteEditedTemplateDetails" function="getSiteEditedTemplateDetails" />
			<!--end:1422-lp-->

			<!-- Sign Now Related code : Stops -->			
			<message-listener message="getsitesiteassigneduserbysiteid" function="getsitesiteassigneduserbysiteid"/>
			<!-- Sitemanage-2(Hari) : Start -->

			<!-- Sitemanage-2(MN) Code For Listing : Start -->
			<message-listener message="getsiteFieldDetailsforsite" function="getsiteFieldDetailsforsite"/>
			<message-listener message="clearSiteSessionsCreated" function="clearSiteSessionsCreated"/>
			<message-listener message="sitePasswordReminderSchedular" function="sitePasswordReminderSchedular"/>
			<message-listener message="functionSitePasswordReminder" function="functionSitePasswordReminder"/>
			<message-listener message="signInImportSite" function="signInImportSite"/>
			<message-listener message="importSiteEnableSmsPopUp" function="importSiteEnableSmsPopUp"/>
			<message-listener message="insertOrUpdateImportedSiteExcelData" function="insertOrUpdateImportedSiteExcelData"/>
			<message-listener message="sitecrmperformSiteimport" function="sitecrmperformSiteimport"/>
			<message-listener message="downloadSiteImportedExcelWithErrors" function="downloadSiteImportedExcelWithErrors"/>
			<message-listener message="validateSiteImportedExcel" function="validateSiteImportedExcel"/>
			<message-listener message="mapsitefieldspreview" function="mapsitefieldspreview"/>
			<message-listener message="getSiteFields" function="getSiteFields"/>
			<message-listener message="mapsiteuploadfields" function="mapsiteuploadfields"/>
			<message-listener message="downloadsave_siteselectedtemplate" function="downloadsave_siteselectedtemplate" />
			<message-listener message="sitetemplateselectedvalues" function="sitetemplateselectedvalues" />
			<message-listener message="renameSiteDeleteTemplate" function="renameSiteDeleteTemplate" />
			<message-listener message="siteRenameDeleteTemplate" function="siteRenameDeleteTemplate" />
			<message-listener message="showSiteSavedTemplate" function="showSiteSavedTemplate" />
			<message-listener message="downloadsave_sitetemplate" function="downloadsave_sitetemplate" />
			<message-listener message="getsiteFieldDetailsforimport" function="getsiteFieldDetailsforimport" />
			<message-listener message="saveASiteView" function="saveASiteView" />
			<message-listener message="renameSiteSavedView" function="renameSiteSavedView" />
			<message-listener message="checksiteSavedViewToRename" function="checksiteSavedViewToRename" />
			<message-listener message="siteMakeDefault" function="siteMakeDefault" />
			<message-listener message="deleteSiteView" function="deleteSiteView" />
			<message-listener message="getSiteSavedViews" function="getSiteSavedViews" />
			<message-listener message="getcohortDataList" function="getcohortDataList" />
			<message-listener message="getAllFieldDetails" function="getAllFieldDetails" /><!-- TS-1193 -->
			<message-listener message="getAllTimeZone" function="getAllTimeZone" /><!-- TS-1193 -->
			<message-listener message="qgetallSiteListWithTimeZone" function="qgetallSiteListWithTimeZone" /><!-- TS-1193 -->
			<message-listener message="getTimeZoneHistory" function="getTimeZoneHistory" /><!-- TS-1193 -->
			<message-listener message="getTimeZoneHistoryByUserID" function="getTimeZoneHistoryByUserID" /><!-- TS-1193 -->
			<message-listener message="sortSiteList" function="sortSiteList" /><!-- TS-1193 -->
			<message-listener message="updateTimeZoneForSite" function="updateTimeZoneForSite" /><!-- TS-1193 -->
			<message-listener message="getSavedViewIdSite" function="getSavedViewIdSite" /><!--MV-1697-->
			<message-listener message="getcohortAccessforsite" function="getcohortAccess" />
			<message-listener message="getSites" function="getSites" />
			<message-listener message="getRemoveMultipleSite" function="getRemoveMultipleSite" />
			<message-listener message="getSiteAfterValidate" function="getSiteAfterValidate" />
			<message-listener message="getAssociateData" function="getAssociateData" />
			<message-listener message="processEditSites" function="processEditSites" />
			<message-listener message="siteAssignAnySurvey" function="siteAssignAnySurvey" />
			<!-- Sitemanage-2(MN) Code For Listing : Stops-->

			<!-- Sitemanage-2(SN) : Start -->
			<message-listener message="getSiteListingSection" function="getSiteListingSection" />
			<message-listener message="processManageSites" function="processManageSites" />
			<message-listener message="getRelatedSiteValues" function="getRelatedSiteValues" />
			<message-listener message="getUsersBasedonSitesAssignments" function="getUsersBasedonSitesAssignments" />
			<message-listener message="updateSiteAssignments" function="updateSiteAssignments" />
			<message-listener message="getStaffRoleListForSitesAssignments" function="getStaffRoleListForSitesAssignments" />
			<message-listener message="getStaff" function="getStaff" />
			<message-listener message="getSiteCustomizeViewSection" function="getSiteCustomizeViewSection" />
			<!--Start:: Action Center-->
			<message-listener message="getSitebyName" function="getSitebyName"/>
			<message-listener message="getStaffsOrVolunteersNameBySiteId" function="getStaffsOrVolunteersNameBySiteId" />
			<message-listener message="getsitePendingDocSign" function="getsitePendingDocSign"/>
			<message-listener message="getSignNowsiteInfo" function="getSignNowsiteInfo"/>
			<message-listener message="deleteSiteSignedSignNowDocument" function="deleteSiteSignedSignNowDocument"/>
			<!--Start:: Action Center-->
			<message-listener message="updateSiteFieldSettings" function="updateSiteFieldSettings"/>
			<!-- Sitemanage-2(SN) : Stops -->
			
			<!-- Start: Site Export -->
			<message-listener message="getCohortAccessEnabled" function="getCohortAccessEnabled" />
			<message-listener message="getPanelDetails" function="getPanelDetails" />
			<message-listener message="getSubPanelDetails" function="getSubPanelDetails" />
			<message-listener message="getFieldsForExport" function="getFieldsForExport" />
			<message-listener message="checkSitesSavedReport" function="checkSitesSavedReport" />
			<message-listener message="getSiteExportFieldValues" function="getSiteExportFieldValues" />
			<message-listener message="getSiteExportSelectedFieldValue" function="getSiteExportSelectedFieldValue" />
			<message-listener message="getSiteFieldOperators" function="getSiteFieldOperators" />
			<message-listener message="getSiteFilterFieldValueOptions" function="getSiteFilterFieldValueOptions" />
			<message-listener message="saveSiteExportReportDetails" function="saveSiteExportReportDetails" />
			<message-listener message="reportSiteActionProcess" function="reportSiteActionProcess" />
			<message-listener message="getSiteExportSavedReportDetails" function="getSiteExportSavedReportDetails" />
			<message-listener message="getSiteReportAllDetails" function="getSiteReportAllDetails" />
			<message-listener message="setSiteFileDownloadParametersToSession" function="setSiteFileDownloadParametersToSession" />
			<message-listener message="setSignedDocumentDownloadParametersToSession" function="setSignedDocumentDownloadParametersToSession" />
			<message-listener message="getSiteAssigments" function="getSiteAssigments" />
			<message-listener message="updateSiteValues" function="updateSiteValues" />
			<!-- End: Site Export -->

			<!-- Start : Site Profile Photo (Kameshwar) -->
			<message-listener message="getProcessSiteProfilePhoto" function="getProcessSiteProfilePhoto"/>
			<message-listener message="getUpdateSiteProfilePhoto" function="getUpdateSiteProfilePhoto"/>
			<message-listener message="getRemovesiteProfilePhoto" function="getRemovesiteProfilePhoto" />
			<!-- Stops : Site Profile Photo (Kameshwar) -->
			<!-- Prepare Email Chart by MN -->
			<message-listener message="dailyHourlySummaryEmailIntervalNotification" function="dailyHourlySummaryEmailIntervalNotification" /><!--MS-365-->
			<message-listener message="dailySiteSummaryEmailNotificationDigest" function="dailySiteSummaryEmailNotificationDigest" />
			<!-- Prepare Email Chart by MN -->
			<message-listener message="getsiteDateId" function="getsiteDateId" />
			<message-listener message="updateSiteStatus" function="updateSiteStatus" /><!--Site-Profile-->
			<!-- Checking Existence of site ID by MN:Start-->
			<message-listener message="checkifSiteIdExistForSiteProfile" function="checkifSiteIdExistForSiteProfile"/> 			
			<!-- Checking Existence of site ID by MN:Start-->
			<!--Start:MV-1389-->
			<message-listener message="checkSiteAssignmentForVolunteer" function="checkSiteAssignmentForVolunteer" />
			<!--End:MV-1389-->
			<!--Start:MS-512-->
			<message-listener message="checkSiteAssignmentForStaff" function="checkSiteAssignmentForStaff" />
			<message-listener message="checkCohortAssignmentForStaff" function="checkCohortAssignmentForStaff" />
			<!--End:MS-512-->
			<message-listener message="getSiteFieldDetailByFieldId" function="getSiteFieldDetailByFieldId" /><!--Sitemanage-240-->
			<message-listener message="getIdentifierassignedtosite" function="getIdentifierassignedtosite" /><!-- Dhreeti BG-577-->
			<message-listener message="getSiteListForVolunteer" function="getSiteListForVolunteer" /><!--SM-273-->
		</controller>
	</controllers>  
	
	<event-handlers>

		<!-- Sitemanage-2(Hari) : Start -->
		<event-handler name="site.managesitepagelayout">
			<broadcasts>
				<message name="checkLogin">
				 <argument name="role" value="manager,submanager" /> 
				 <argument name="section" value="901,902,903" /><!--Sitemanage-2(Permission Settings)-->
				</message>    
				<message name="getUser" />
				<message name="getsitePanelDetails" />
				<message name="getsitesubPanelDetails" />
				<message name ="getsiteFieldValueDetailsByProgramId"/>
				<message name ="getsiteSubPanelDetailsByProgramId"/>
				<message name="getsiteContentblockDetails" />
				<message name="getsiteFieldDetails" />
				<message name="getSignFieldTemplateDetailsForSite"/>
				<message name="getSignFieldTemplateCompleteDetailsForSite"/>
				<message name="getcohortAccess"/>
			   </broadcasts> 
			   <results>
				<result name="NotLoggedIn" do="user.login" redirect="true" />
				<result name="NotAuthorized" do="user.notauthorized" redirect="true" />    
				<result do="view.templateThird" />
			   </results>
			   <views>
				<include name="body" template="site/crm/managepagelayout.cfm" />
			   </views>
		</event-handler>

		<event-handler name="site.createsitepanel">
			<broadcasts>
				<!--Sitemanage-2(Permission Settings) : Start-->
				<message name="checkLogin">
					<argument name="role" value="manager,submanager" />
			 		<argument name="section" value="903" />
				</message>
				<!--Sitemanage-2(Permission Settings) : Stops-->
				<message name="createSitepanel"></message>
			</broadcasts>
		</event-handler>
		<event-handler name="site.createsitepanelwindow">
			<broadcasts>
				<!--Sitemanage-2(Permission Settings) : Start-->
				<message name="checkLogin">
					<argument name="role" value="manager,submanager" />
			 		<argument name="section" value="903" />
				</message>
				<!--Sitemanage-2(Permission Settings) : Stops-->
				<message name="getUser" />
				<message name="getsitePanelDetailById"/>
			</broadcasts>
			<views>
				<include name="body" template="site/crm/createsitepanel.cfm" />
			</views>
		</event-handler>

		<event-handler name="site.managesitepagelayoutajax">
			<broadcasts>
				<message name="checkLogin">
				 <argument name="role" value="manager,submanager" /> 
				 <argument name="section" value="901,902,903" /><!--Sitemanage-2(Permission Settings)-->  
				</message>    
				<message name="getUser" />
				<message name="getsitePanelDetails" />
				<message name="getsitesubPanelDetails" />
				<message name ="getsiteFieldValueDetailsByProgramId"/>
				<message name ="getsiteSubPanelDetailsByProgramId"/>
				<message name="getsiteContentblockDetails" />
				<message name="getsitePanelDetailsByAjax" />
				<message name="getsiteFieldDetails" />
				<message name="getSignFieldTemplateDetailsForsite"/>
				<message name="getSignFieldTemplateCompleteDetailsForsite"/>
				<message name="getcohortAccess"/>
			   </broadcasts> 
			   <results>
				<result name="NotLoggedIn" do="user.login" redirect="true" />
				<result name="NotAuthorized" do="user.notauthorized" redirect="true" />    
			   </results>
			   <views>
					<include name="body" template="site/crm/manageSitePageLayoutAjax.cfm" >
					</include>
			   </views>
		</event-handler>
		<event-handler name="site.createsiteContentBlockWindow">
			<broadcasts>
				<!--Sitemanage-2(Permission Settings) : Start-->
				<message name="checkLogin">
					<argument name="role" value="manager,submanager" />
			 		<argument name="section" value="902" />
				</message>
				<!--Sitemanage-2(Permission Settings) : Stops-->
				<message name="getsitePanelDetails" />
				<message name="getsitesubPanelDetails" />
				<message name="getsiteContentblockDetails" />
			</broadcasts>
			<views>
				<include name="body" template="site/crm/createsiteContentBlock.cfm" />
			</views>
		</event-handler>
		<event-handler name="site.createsitenewfieldswindow">
			<broadcasts>
				<!--Sitemanage-2(Permission Settings) : Start-->
				<message name="checkLogin">
					<argument name="role" value="manager,submanager" />
			 		<argument name="section" value="902" />
				</message>
				<!--Sitemanage-2(Permission Settings) : Stops-->
				<message name="getsitePanelDetails" />
				<message name="getsitesubPanelDetails" />
				<message name="getsiteFieldDetails" />
				<message name="getsiteFieldDetailById" />
				<message name="getsiteDetailsByFieldId" />
				<message name="getsiteDefaultPanelDetails" /> 
				<message name="getsiteFieldQualitativeOptions"/>
			</broadcasts>
			<views>
				<include name="body" template="site/crm/createsitenewfields.cfm" />
			</views>
		</event-handler>

		<!--Sitemanage-240:Start-->
		<event-handler name="site.getSiteFieldDetailByFieldId">
			<broadcasts>
				<message name="checkLogin">
					<argument name="role" value="manager,submanager" />
			 		<argument name="section" value="414" />
				</message>
				<message name="getSiteFieldDetailByFieldId"/>
			</broadcasts> 
		</event-handler>
		<!--Sitemanage-240:Stops-->

		<event-handler name="site.createsitesubpanel">
			<broadcasts>
				<!--Sitemanage-2(Permission Settings) : Start-->
				<message name="checkLogin">
					<argument name="role" value="manager,submanager" />
			 		<argument name="section" value="903" />
				</message>
				<!--Sitemanage-2(Permission Settings) : Stops-->
				<message name="createSiteSubpanel" />
			</broadcasts>
		</event-handler>
		<event-handler name="site.createsitesubpanelwindow">
			<broadcasts>
				<!--Sitemanage-2(Permission Settings) : Start-->
				<message name="checkLogin">
					<argument name="role" value="manager,submanager" />
			 		<argument name="section" value="903" />
				</message>
				<!--Sitemanage-2(Permission Settings) : Stops-->
				<message name="getsitePanelDetails" />
				<message name="getsitepanelSubPanelDetails"/>
				<message name="getsiteSubPanelDetailsByID"/>
			</broadcasts>
			<views>
				<include name="body" template="site/crm/createsitesubpanel.cfm" />
			</views>
		</event-handler>

		<event-handler name="site.savesitecontentblock">
			<broadcasts>
				<!--Sitemanage-2(Permission Settings) : Start-->
				<message name="checkLogin">
					<argument name="role" value="manager,submanager" />
			 		<argument name="section" value="902" />
				</message>
				<!--Sitemanage-2(Permission Settings) : Stops-->
				<message name="savesitecontentblock" />
			</broadcasts> 	
		</event-handler>

		<event-handler name="site.checksiteContentBlockForPanelandSubpanel">
			<broadcasts>
				<!--Sitemanage-2(Permission Settings) : Start-->
				<message name="checkLogin">
					<argument name="role" value="manager,submanager" />
			 		<argument name="section" value="902" />
				</message>
				<!--Sitemanage-2(Permission Settings) : Stops-->
				<message name="checksiteContentBlockForPanelandSubpanel"/>
			</broadcasts> 
		</event-handler>

		<event-handler name="site.editsitecontextblock">
			<broadcasts>
				<!--Sitemanage-2(Permission Settings) : Start-->
				<message name="checkLogin">
					<argument name="role" value="manager,submanager" />
			 		<argument name="section" value="902" />
				</message>
				<!--Sitemanage-2(Permission Settings) : Stops-->
				<message name="editsitecontextblock" />
			</broadcasts> 	
		</event-handler>

		<event-handler name="site.createsiteContentBlockWindow">
			<broadcasts>
				<!--Sitemanage-2(Permission Settings) : Start-->
				<message name="checkLogin">
					<argument name="role" value="manager,submanager" />
			 		<argument name="section" value="902" />
				</message>
				<!--Sitemanage-2(Permission Settings) : Stops-->
				<message name="getsitePanelDetails" />
				<message name="getsitesubPanelDetails" />
				<message name="getsiteContentblockDetails" />
			</broadcasts>
			<views>
				<include name="body" template="site/crm/createsiteContentBlock.cfm" />
			</views>
		</event-handler>

		<event-handler name="site.deletesiteContentBlockWindow">
			<broadcasts>
				<!--Sitemanage-2(Permission Settings) : Start-->
				<message name="checkLogin">
					<argument name="role" value="manager,submanager" />
			 		<argument name="section" value="902" />
				</message>
				<!--Sitemanage-2(Permission Settings) : Stops-->
			</broadcasts>	
			<views>
				<include name="body" template="site/crm/deletesiteContentBlockWindow.cfm" />
			</views>
		</event-handler>

		<event-handler name="site.deletesitecontextblock">
			<broadcasts>
				<!--Sitemanage-2(Permission Settings) : Start-->
				<message name="checkLogin">
					<argument name="role" value="manager,submanager" />
			 		<argument name="section" value="902" />
				</message>
				<!--Sitemanage-2(Permission Settings) : Stops-->
				<message name="deletesitecontextblock" />
			</broadcasts> 	
		</event-handler>

		<event-handler name="site.createsitefields">
			<broadcasts>
				<!--Sitemanage-2(Permission Settings) : Start-->
				<message name="checkLogin">
					<argument name="role" value="manager,submanager" />
			 		<argument name="section" value="902" />
				</message>
				<!--Sitemanage-2(Permission Settings) : Stops-->
				<message name="createsitefields" />
			</broadcasts>
		</event-handler>

		<event-handler name="site.deletesitepanelwindow">
			<broadcasts>
				<!--Sitemanage-2(Permission Settings) : Start-->
				<message name="checkLogin">
					<argument name="role" value="manager,submanager" />
			 		<argument name="section" value="903" />
				</message>
				<!--Sitemanage-2(Permission Settings) : Stops-->
				<message name="getsiteSubPanelDetailsByID" />
				<message name="getsitePanelDetailById"/>
			</broadcasts>
			<views>
				<include name="body" template="site/crm/deletesitePanel.cfm" />
			</views>
		</event-handler>

		<event-handler name="site.deletesitepanelsubpanel">
			<broadcasts>
				<!--Sitemanage-2(Permission Settings) : Start-->
				<message name="checkLogin">
					<argument name="role" value="manager,submanager" />
			 		<argument name="section" value="903" />
				</message>
				<!--Sitemanage-2(Permission Settings) : Stops-->
				<message name="deletesitepanelSubpanel" />
			</broadcasts>
		</event-handler>

		<event-handler name="site.clonesitepanelWindow">
			<broadcasts>
				<!--Sitemanage-2(Permission Settings) : Start-->
				<message name="checkLogin">
					<argument name="role" value="manager,submanager" />
			 		<argument name="section" value="903" />
				</message>
				<!--Sitemanage-2(Permission Settings) : Stops-->
				<message name="getsitePanelDetails" /> 
				<message name ="getsiteSubPanelDetailsByProgramId"/>
				<message name="getsitePanelDetailById"/>
			</broadcasts>
			<views>
				<include name="body" template="site/crm/clonesitepanel.cfm" />
			</views>
		</event-handler>

		<event-handler name="site.clonesitepanel">
			<broadcasts>
				<!--Sitemanage-2(Permission Settings) : Start-->
				<message name="checkLogin">
					<argument name="role" value="manager,submanager" />
			 		<argument name="section" value="903" />
				</message>
				<!--Sitemanage-2(Permission Settings) : Stops-->
				<message name="createclonesitePanel" />
			</broadcasts>   
		</event-handler>

		<event-handler name="site.updatesiteFieldPosition">
			<broadcasts>
				<message name="checkLogin">
					<argument name="role" value="manager,submanager" />
					<argument name="section" value="901" /><!--Sitemanage-2(Permission Settings)-->
				</message>
				<message name="getUser" />   
				<message name="updatesiteFieldPosition" />				
			</broadcasts> 
			<results>
				<result name="NotLoggedIn" do="user.login" redirect="true" />
				<result name="NotAuthorized" do="user.notauthorized" redirect="true" />				
			</results>
		</event-handler>

		<event-handler name="site.siteFieldRename">
			<broadcasts>
				<message name="checkLogin">
					<argument name="role" value="manager,submanager" />
			 		<argument name="section" value="902" /><!--Sitemanage-2(Permission Settings)-->
				</message>
				<message name="getUser" />				
			</broadcasts> 
			<results>		
				<result name="NotLoggedIn" do="user.login" redirect="true" />
				<result name="NotAuthorized" do="user.notauthorized" redirect="true" />	
			</results>
			<views>
				<include name="body" template="site/crm/siteRenamefield.cfm" />
			</views>
		</event-handler>

		<event-handler name="site.updatesitePanelPosition">
			<broadcasts>
				<message name="checkLogin">
					<argument name="role" value="manager,submanager" />
			 		<argument name="section" value="903" /><!--Sitemanage-2(Permission Settings)-->
				</message>
				<message name="getUser" />   
				<message name="updatesitePanelPosition" />				
			</broadcasts> 
			<results>
				<result name="NotLoggedIn" do="user.login" redirect="true" />
				<result name="NotAuthorized" do="user.notauthorized" redirect="true" />				
			</results>
		</event-handler>

		<event-handler name="site.clonesiteSubpanelWindow">
			<broadcasts>
				<!--Sitemanage-2(Permission Settings) : Start-->
				<message name="checkLogin">
					<argument name="role" value="manager,submanager" />
			 		<argument name="section" value="903" />
				</message>
				<!--Sitemanage-2(Permission Settings) : Stops-->
				<message name="getsitePanelDetails" />
				<message name ="getsiteSubPanelDetailsByProgramId"/>
				<message name ="getsitepanelSubPanelDetails"/>
			</broadcasts>
			<views>
				<include name="body" template="site/crm/clonesiteSubpanel.cfm" />
			</views>
		</event-handler>		
			
		<event-handler name="site.clonesiteSubpanel">
			<broadcasts>
				<!--Sitemanage-2(Permission Settings) : Start-->
				<message name="checkLogin">
					<argument name="role" value="manager,submanager" />
			 		<argument name="section" value="903" />
				</message>
				<!--Sitemanage-2(Permission Settings) : Stops-->
				<message name="clonesiteSubpanel" />
			</broadcasts>   
		</event-handler>

		<event-handler name="site.updatesiteDragFieldPosition">
			<broadcasts>
				<!--Sitemanage-2(Permission Settings) : Start-->
				<message name="checkLogin">
					<argument name="role" value="manager,submanager" />
			 		<argument name="section" value="902" />
				</message>
				<!--Sitemanage-2(Permission Settings) : Stops-->
				<message name="getUser" />   
				<message name="UpdatesiteFieldPositionAndName" />				
			</broadcasts> 
			<results>
				<result name="NotLoggedIn" do="user.login" redirect="true" />
				<result name="NotAuthorized" do="user.notauthorized" redirect="true" />	
			</results>
		</event-handler>

		<event-handler name="site.updatesiteSubPanelPosition">
			<broadcasts>
				<message name="checkLogin">
					<argument name="role" value="manager,submanager" />
			 		<argument name="section" value="903" /><!--Sitemanage-2(Permission Settings)-->
				</message>
				<message name="getUser" />   
				<message name="updatesiteSubPanelPosition" />				
			</broadcasts> 
			<results>
				<result name="NotLoggedIn" do="user.login" redirect="true" />
				<result name="NotAuthorized" do="user.notauthorized" redirect="true" />				
			</results>
		</event-handler>

		<event-handler name="site.editsite">
			<broadcasts>
				<message name="checkLogin">
					<argument name="role" value="manager,submanager" />
					<argument name="section" value="411,412,726" /><!--Sitemanage-2(Permission Settings)-->
				</message>						
				<message name="checkifSiteIdExistForSiteProfile" /><!--Added By MN-->
				<message name="getUser" />
				<message name="getsitePanelDetails" />
			   	<message name="getsiteFieldDetails" /> 
				<message name="getsitesubPanelDetails"/>
				<message name="getPanelFieldValuesOfSite" />
				<message name="getsiteQualitativeOptions" />
				<message name="getFieldFileAttachmentbysiteId" />
				<message name="getsiteSignedFilesdetails" />
				<message name="getsiteQuickAccessFieldDetails" />
				<message name="getsiteContentblockDetails" />
				<!-- <message name="validateSForDelete"/> -->
				<message name="getcohortAccess"/>
				<message name="getSitesDetailsById"/>
				<message name="getStaffAndVolunteerBySiteId"/>
				<message name="getUSstateterritories" />
				<message name="checkAssociateDataForSite" />
				<message name="getsitesiteassigneduserbysiteid" />
				<message name="getStaff" /><!--MS-522,MS-524-->
				<message name="getAllTimeZone" /> <!--TS-1193 priyanka-->
				<message name="getTimeZoneHistory"/><!--TS-1193 priyanka-->
				<message name="getSiteAssociationItems"/><!-- BG-577 -->
			</broadcasts> 
			<results>
				<result name="NotLoggedIn" do="user.login" redirect="true" />
				<result name="NotAuthorized" do="user.notauthorized" redirect="true" />	 
				<!--<result name="MissingParams" do="user.createandmanagesite" redirect="true" />
				<result name="InvalidUserType" do="user.createandmanagesite" redirect="true" />-->
				<result do="view.templateThird" />
			</results>
			<views>
				<include name="body" template="site/profile/editsite.cfm" />
			</views>
		</event-handler>

		<!-- Bg-577:start Akashagrawal -->
		<event-handler name="site.siteassociationassignment">
			<broadcasts>
				<message name="checkLogin">
					<argument name="role" value="administrator,manager,submanager" />
				</message>
				<message name="getUser" />
				<message name="getSiteAssociationItems_edit" />
				<message name="getSitesDetailsById" />
			</broadcasts> 
			<results>		
				<result name="NotLoggedIn" do="user.login" redirect="true" />
				<result name="NotAuthorized" do="user.notauthorized" redirect="true" />	
			</results>
			<views>
				<include name="body" template="site/siteassociationassignment.cfm" />
			</views>
		</event-handler>

		<event-handler name="site.updateSiteAssociAssignments">
			<broadcasts>
				<message name="checkLogin">
					<argument name="role" value="manager,submanager" />
				</message>
				<message name="updateSiteAssociAssignments" />	
			</broadcasts>
			<results>
				<result name="NotLoggedIn"   do="user.login" redirect="true" />
				<result name="NotAuthorized" do="user.notauthorized" redirect="true" />
			</results>
			<views>
			<include name="body" template="site/managesites.cfm" />
			</views>
		</event-handler>

		<!-- BG-577:end Akashagrawal -->
		<event-handler name="site.siteInformation">
			<broadcasts>
				<message name="checkLogin">
					<argument name="role" value="manager,submanager" />
				</message>	
				<message name="getUser" />				
				<message name="getcohortAccess"/>
				<message name="getSitesDetailsById"/>
				<message name="getAllTimeZone" /> <!--TS-1193 priyanka-->
				<message name="getTimeZoneHistory"/><!--TS-1193 priyanka-->
				<message name="getcohortDataList"/>
			</broadcasts> 
			<views>
				<include name="body" template="site/profile/siteinformation.cfm" />
			</views>
		</event-handler>

		<event-handler name="site.siteassignments">
			<broadcasts>
				<message name="checkLogin">
					<argument name="role" value="manager,submanager" />
				</message>
				<message name="getVolEnrollFieldDetails" /><!--MV-1389-->
			</broadcasts>
			<results>
				<result name="NotLoggedIn"   do="user.login" redirect="true" />
				<result name="NotAuthorized" do="user.notauthorized" redirect="true" />
			</results>
			<views>
				<include name="body" template="site/siteassignments.cfm" />
			</views>
		</event-handler>

		<event-handler name="site.sitepanelinfo">
			<broadcasts>
				<message name="checkLogin">
					<argument name="role" value="administrator,manager,volunteer" /><!--Sitemanage-2(Permission Settings)--><!--SM-273-->
				</message>
				<message name="getUser" />
				<message name="getProgramsiteFieldsById" />
				<message name="getsiteQualitativeOptions" />
				<message name="getsiteFieldFileAttachment" />
				<message name="getsiteSignedFilesdetails" />
				<message name="getUSstateterritories" />
				<message name="getsitesiteassigneduserbysiteid" />
				<message name="getSitesDetailsById" />

			</broadcasts> 

			<results>		
				<result name="NotLoggedIn" do="user.login" redirect="true" />
				<result name="NotAuthorized" do="user.notauthorized" redirect="true" />	
			</results>
			<views>
				<include name="body" template="site/crm/sitepanelinfoform.cfm" />
			</views>
		</event-handler>

		<event-handler name="site.editSitepanelprocess">
			<broadcasts>
				<message name="checkLogin">
					<argument name="role" value="administrator,manager,volunteer" /><!--Sitemanage-2(Permission Settings)--><!--SM-273-->
				</message>
				<message name="getUser" />	
				<message name="uploadsiteFiles" />
				<message name="savesitePanel_FieldValueVFU" />	
				<message name="getsiteFieldDetailsAjax" />				
				<message name="getPanelFieldValuesOfSite" />
				<message name="getFieldFileAttachmentbysiteId" />
				<message name="getsiteQualitativeOptions" />
				<message name="getUSstateterritories" />
				<!-- <message name="checkSucessStory"/> -->				
				<message name="getsiteSignedFilesdetails" />
				<message name="getsiteContentblockDetails" />
				<message name="getSitesDetailsById" />
			</broadcasts> 
			<results>		
				<result name="NotLoggedIn" do="user.login" redirect="true" />
				<result name="NotAuthorized" do="user.notauthorized" redirect="true" />	
			</results>			
			<views>
				<include name="body" template="site/ajaxsitePanelFieldView.cfm" />
			</views>			
		</event-handler>

		<event-handler name="site.displaysitefile">
			<broadcasts>
				<message name="checkLogin">
					<argument name="role" value="manager,submanager,volunteer" /><!--SM-273-->
				</message>
				<message name="getUser" />	
				<message name="DecryptSiteFile" />
			</broadcasts> 

			<results>		
				<result name="NotLoggedIn" do="user.login" redirect="true" />
				<result name="NotAuthorized" do="user.notauthorized" redirect="true" />	
			</results>
			<views>
				<include name="body" template="site/displaysitefile.cfm" />
			</views>
		</event-handler>

		<event-handler name="site.siteprofileupdate">
			<broadcasts>
				<message name="checkLogin">
					<argument name="role" value="manager,submanager,volunteer" /><!--SM-273-->
				</message>
				<message name="getUser" />
				<message name="updatesiteprofile" />
			</broadcasts> 
			<results>
				<result name="NotLoggedIn" do="user.login" redirect="true" />
				<result name="NotAuthorized" do="user.notauthorized" redirect="true" />
			</results>
			<views />
		</event-handler>

		<event-handler name="site.sitenameandstatusajax">
			<broadcasts>
				<message name="checkLogin">
					<argument name="role" value="manager,submanager" />
				</message>
				<message name="getUser" />
				<message name="getsiteFieldDetailsajax" />
				<message name="getSitesDetailsById" />
				<message name="getStaffAndVolunteerBySiteId"/>
				<message name="checkAssociateDataForSite" />
				<message name="getStaff" /><!--MS-522,MS-524-->
				<message name="getAllTimeZone" /> <!--TS-1193 priyanka-->
				<message name="getTimeZoneHistory"/><!--TS-1193 priyanka-->
				<message name="getSiteAssociationItems"/><!-- BG-577 -->
			</broadcasts> 
			<results>
				<result name="NotLoggedIn" do="user.login" redirect="true" />
				<result name="NotAuthorized" do="user.notauthorized" redirect="true" />				
			</results>
			<views>
				<include name="body" template="site/ajaxeditsite.cfm" />
			</views>
		</event-handler>

		<event-handler name="site.deletesiteprocess">
			<broadcasts>
				<message name="checkLogin">
					<argument name="role" value="manager,submanager" />
				</message>
				<message name="getUser" />
				<message name="getDeleteSite" />
			</broadcasts> 
			<results>
				<result name="NotLoggedIn" do="user.login" redirect="true" />
				<result name="NotAuthorized" do="user.notauthorized" redirect="true" />				
				<result name="GoodDelete" do="site.managesites" redirect="true" />				
			</results>
			<views>
			</views>
		</event-handler>

		<event-handler name="site.editsiteFieldValue">
			<broadcasts>
				<message name="checkLogin">
					<argument name="role" value="manager,submanager,volunteer" /> <!--SM-273-->				
				</message>
				<message name="getUser" />
				<message name="getProgramsiteFieldsById" />
				<message name="getUSstateterritories" />
				<message name="getsiteQualitativeOptions" />
				<message name="getsiteFieldFileAttachment" />
			</broadcasts> 
			<results>		
				<result name="NotLoggedIn" do="user.login" redirect="true" />
				<result name="NotAuthorized" do="user.notauthorized" redirect="true" />	
			</results>
			<views>
				<include name="body" template="site/editsiteFieldValue.cfm" />
			</views>
		</event-handler>

		<event-handler name="site.ajaxQuickAccess">
			<broadcasts>
				<message name="checkLogin">
					<argument name="role" value="manager,submanager,volunteer" /><!--SM-273-->
				</message>	
				<message name="getUser" />
				<message name="getsitePanelDetails" />
			   	<message name="getsiteFieldDetails" /> 
				<message name="getsiteSignedFilesdetails" />
				<message name="getsiteQuickAccessFieldDetails" />
				<message name="getSitesDetailsById"/>
			</broadcasts> 
			<results>
			<result name="NotLoggedIn" do="user.login" redirect="true" />
			<result name="NotAuthorized" do="user.notauthorized" redirect="true" />    
			</results>
			<views>
				<include name="body" template="site/ajaxsiteQuickAccess.cfm" >
				</include>
			</views>
		</event-handler>

		<!-- Sign Now Related Code : Start -->
		<event-handler name="site.siteUploadTemplateforSigndoc">
			<broadcasts/>
			<results/>
			<views>
				<include name="body" template="site/signNow/signNowlogin.cfm" />
			</views>
		</event-handler>
		<event-handler name="site.siteAuthenticateSignNow">
			<broadcasts>
				<message name="checkLogin">
					<argument name="role" value="manager,submanager" />
				</message>	
				<message name="authenticateSigNowCredsForSite"/>
			</broadcasts>
			<results>
				<result name="NotLoggedIn" do="user.login" redirect="true" />				
			</results>		
		</event-handler>

		<event-handler name="site.siteStep2SignNow">
			<broadcasts>
				<message name="checkLogin">
					<argument name="role" value="manager,submanager" />
				</message>	
				<message name="getSignNowUserInfoForSite"/>
			</broadcasts>
			<results>
				<result name="NotLoggedIn" do="user.login" redirect="true" />				
			</results>
			<views>
				<include name="body" template="site/signNow/showSignnowStep.cfm" />
			</views>
		</event-handler>

		<event-handler name="site.siteUploadSignTemplate">
			<broadcasts/>
			<results/>
			<views>
				<include name="body" template="site/signNow/uploadSignTemplate.cfm" />
			</views>
		</event-handler>

		<event-handler name="site.siteUploadUserTemplatetoSignNow">
			<broadcasts>
				<message name="checkLogin">
					<argument name="role" value="manager,submanager" />
				</message>	
				<message name="removeUntrackedSiteAssigned" /> <!-- MV-1323 -->
				<message name="uploadsiteTemplatetoSignNow"/>
			</broadcasts>
			<results>
				<result name="NotLoggedIn" do="user.login" redirect="true" />	
				<result name="NotAuthorized" do="user.notauthorized" redirect="true" />				
			</results>
			<views/>	
		</event-handler>	

		<event-handler name="site.siteViewUploadUserTemplatetoSignNow">
			<broadcasts>
				<message name="checkLogin">
					<argument name="role" value="manager,submanager" />
				</message>	
				<message name="viewUploadsiteTemplatetoSignNow"/>
			</broadcasts>
			<results>
				<result name="NotLoggedIn" do="user.login" redirect="true" />				
			</results>
			<views>
				<include name="body" template="site/signNow/editSignTemplate.cfm" />
			</views>			
		</event-handler>
		<event-handler name="site.getsiteSignNowDocumentStatus">
			<broadcasts>
				<message name="getUploadedDocStatusfromsiteSignNow"/>
			</broadcasts>
			<results/>
			<views/>
		</event-handler>
		<event-handler name="site.deletesiteSignNowDocument">
			<broadcasts>
				<message name="checkLogin">
					<argument name="role" value="manager,submanager" />
				</message>	
				<message name="deletesiteSignNowDocumentByid"/>
			</broadcasts>	
			<results>
				<result name="NotLoggedIn" do="user.login" redirect="true" />				
			</results>			
			<views />			
		</event-handler>
		<event-handler name="site.getsiteListForUniqueSignNow">
			<broadcasts>
				<message name="checkLogin">
					<argument name="role" value="manager,submanager" />
				</message>
				<message name="getsiteListForUniqueSignNow" />
			</broadcasts> 
			<results>
				<result name="NotLoggedIn" do="user.login" redirect="true" />		
				<result name="NotAuthorized" do="user.notauthorized" redirect="true" />			
			</results>
			<views>
				<include name="body" template="site/signNow/signNowUploadDocumentStaffList.cfm" />
			</views>
		</event-handler>
		<event-handler name="site.generateandsignsiteUploadedDocumnent">
			<broadcasts>
				<message name="checkLogin" />					
				<message name="createsiteSignNowDocumentForAll"/>
			</broadcasts>	
			<results>
				<result name="NotLoggedIn" do="user.login" redirect="true" />				
			</results>	
			<views/>				
		</event-handler>

		<event-handler name="site.SignNowsiteTemplateNameValidation">
			<broadcasts>
				<message name="SignNowsiteTemplateNameValidation"/>
			</broadcasts>
			<results/>
			<views/>
		</event-handler>

		<event-handler name="site.signNowsiteTemplateSavedWithoutFields">
			<broadcasts>
				<message name="signNowTemplateSavedWithoutsiteFields"/>
			</broadcasts>
			<results/>
			<views>				
				<include name="body" template="site/signNow/signNowWaitNotification.cfm" />
			</views>
		</event-handler>

		<event-handler name="site.getsiteListForEditUniqueSignNowField">
			<broadcasts>
				<message name="getsiteListForEditUniqueSignNow" />
			</broadcasts> 
			<views>
				<include name="body" template="site/signNow/editSignNowUniqueDocumentSiteList.cfm" />
			</views>
		</event-handler>

		<event-handler name="site.downloadsiteSignedDocument">
			<broadcasts>
				<message name="checkLogin" />				
				<message name="getUser" />	
				<message name="decryptsiteSignedDocument" />
			</broadcasts> 
			<results>
				<result name="NotLoggedIn" do="user.login" redirect="true" />
				<result name="NotAuthorized" do="user.notauthorized" redirect="true" />	
			</results>
			<views>
				<include name="body" template="site/signNow/displaySignedDocument.cfm" />
			</views>
		</event-handler>

		<event-handler name="site.opensiteSignNowDocSigning">
			<broadcasts>
				<message name="checkLogin">
					<argument name="role" value="manager,submanager" />
				</message>	
				<message name="opensiteSignNowDocSigning"/>
			</broadcasts>	
			<results>
				<result name="NotLoggedIn" do="user.login" redirect="true" />			
			</results>	
			<views>
				<include name="body" template="site/signNow/signSignNowDocument.cfm" />
			</views>			
		</event-handler>
		<event-handler name="site.siteSignNowDocumnetSignSaved">
			<broadcasts>
				<message name="siteSignNowDocumnetSignSaved"/>
			</broadcasts>
			<results/>
			<views>				
				<include name="body" template="site/signNow/signNowWaitNotification.cfm" />
			</views>
		</event-handler>

		<event-handler name="site.siteresourceupload">	
			<broadcasts>
				<message name="checkLogin">
					<argument name="role" value="manager,suadmin,submanager" />
				</message>
					
			</broadcasts>		
			<views>
				<include name="body" template="site/resourceupload.cfm" />
			</views>
		</event-handler>

		<event-handler name="site.uploadsiteSignedDoctoSignNow">
			<broadcasts>
				<message name="checkLogin">
					<argument name="role" value="manager,submanager" />
				</message>	
				<message name="uploadsiteScannedDocumentToSignNow"/>
			</broadcasts>
			<results>
				<result name="NotLoggedIn" do="user.login" redirect="true" />				
			</results>
			<views/>	
		</event-handler>

		<event-handler name="site.getsiteSignNowDocSignedStatus">
			<broadcasts>
				<message name="getsiteDocSignedStatusfromSignNow"/>
			</broadcasts>
			<results/>
			<views/>
		</event-handler>

		<event-handler name="site.getsiteSignNowSignStatus">
			<broadcasts/>		
			<results/>
			<views>				
				<include name="body" template="site/signNow/signNowDocumentNotSigned.cfm" />
			</views>
		</event-handler>

		<event-handler name="site.getUnassignedsiteListForUniqueSignNow">
			<broadcasts>
				<message name="getUnassignedsiteListForUniqueSignNow" />
			</broadcasts> 
			<views>				
			</views>
		</event-handler>
		<event-handler name="site.checksiteSignNowAccess">		
			<broadcasts>
				<message name="checksiteSignNowAccessToken"/>
			</broadcasts>		
		</event-handler>
		<event-handler name="site.checksiteAlreadyAssigned">
			<broadcasts>
				<message name="removeUntrackedSiteAssigned" /> <!-- MV-1323 -->
				<message name="checksiteAlreadyAssigned" />
			</broadcasts> 
			<views>				
			</views>
		</event-handler>

		<!--start:1422-lp-->
		<event-handler name="site.editSiteSignNowTemplate">
			<broadcasts>
				<message name="getEditSiteSignNowTemplateDetails" />
			</broadcasts>
			<results/>
			<views>
				<include name="body" template="site/signNow/editCurrentSignNowTemplate.cfm" />
			</views>
		</event-handler>

		<event-handler name="site.getSiteEditedTemplateDetails">
			<broadcasts>
				<message name="getSiteEditedTemplateDetails" />
			</broadcasts>		
		</event-handler>
		<!--end:1422-lp-->

		<!-- Event to get Call Back Details -->
		<event-handler name="site.getSignNowDocumentUpdateAlerts">
			<broadcasts>
				<message name="sitedocumentUpdateCallbackfromSignNow"/>
			</broadcasts>
			<results/>
			<views>				
				<include name="body" template="user/signNowWaitNotification.cfm" />
			</views>
		</event-handler>
		
		<event-handler name="site.getSignNowDocumentCompleteAlerts">
			<broadcasts>
				<message name="sitedocumentCompleteCallbackfromSignNow"/>
			</broadcasts>
			<results/>
			<views>				
				<include name="body" template="user/signNowWaitNotification.cfm" />
			</views>
		</event-handler>
		
		<event-handler name="site.getSignNowDocumentDeclineSignAlerts">
			<broadcasts>
				<message name="documentDeclineSignCallbackfromSignNow"/>
			</broadcasts>
			<results/>
			<views>				
				<include name="body" template="user/signNowWaitNotification.cfm" />
			</views>
		</event-handler>

		<!-- Sign Now Related Code : Stops -->

		<!-- Sitemanage-2(Hari) : Stops -->

		<!-- Sitemanage-2(SN) : Start -->
		<event-handler name="site.sitelistingsection">
			<broadcasts>
				<message name="getSiteListingSection" >
					<argument name="programfilter" value="currentprogram" />
					<argument name="invisible" value="true" />
				</message>
			</broadcasts>
			<results>
				<result name="NotLoggedIn" do="user.login" redirect="true" />
				<result name="NotAuthorized" do="user.notauthorized" redirect="true" />
			</results>
			<views/>
		</event-handler>

		<event-handler name="site.managesitesaction">
			<broadcasts>
				<message name="checkLogin">
					<argument name="role" value="manager" />
				</message>
				<message name="processManageSites" />
			</broadcasts>
			<results>
				<result name="NotLoggedIn" do="user.login" redirect="true" />
				<result name="NotAuthorized" do="user.notauthorized" redirect="true" />
			</results>
			<views />
		</event-handler>

		<event-handler name="site.getRelatedSiteValues">
			<broadcasts>
				<message name="getRelatedSiteValues" >
					<argument name="programfilter" value="currentprogram" />
					<argument name="invisible" value="true" />
				</message>
			</broadcasts>
			<views/>
		</event-handler>
		<event-handler name="site.getUsersBasedonSitesAssignments">
			<broadcasts>
				<message name="checkLogin">
					<argument name="role" value="manager,submanager,suadmin" />
				</message>
				<message name="getUsersBasedonSitesAssignments" />
			</broadcasts>
			<results>
				<result name="NotLoggedIn"   do="user.login" redirect="true" />
				<result name="NotAuthorized" do="user.notauthorized" redirect="true" />
			</results>
			<views>
				<include name="body" template="strategy/usersiteassignments.cfm" />
			</views>
		</event-handler>

		<event-handler name="site.updateSiteAssignments">
			<broadcasts>
				<message name="checkLogin">
					<argument name="role" value="manager,submanager" />
				</message>
				<message name="updateSiteAssignments" />	
			</broadcasts>
			<results>
				<result name="NotLoggedIn"   do="user.login" redirect="true" />
				<result name="NotAuthorized" do="user.notauthorized" redirect="true" />
			</results>
			<views>
				<include name="body" template="site/managesites.cfm" />
			</views>
		</event-handler>

		<event-handler name="site.getStaffRoleBasedonSitesAssignments">
			<broadcasts>
				<message name="checkLogin">
					<argument name="role" value="manager,submanager,suadmin" />
				</message>			
				<message name="getStaffRoleListForSitesAssignments" />
			</broadcasts>
			<results>
				<result name="NotLoggedIn"   do="user.login" redirect="true" />
				<result name="NotAuthorized" do="user.notauthorized" redirect="true" />
			</results>
			<views>
				<include name="body" template="strategy/staffrolesiteassignments.cfm" />
			</views>
		</event-handler>

		<event-handler name="site.getStaffBasedonSitesAssignments">
			<broadcasts>
				<message name="checkLogin">
					<argument name="role" value="manager,submanager,suadmin" />
				</message>			
				<message name="getStaff">
						<argument name="children" value="true" />
						<argument name="requireenrolled" value="false" />					
				</message>
			</broadcasts>
			<results>
				<result name="NotLoggedIn"   do="user.login" redirect="true" />
				<result name="NotAuthorized" do="user.notauthorized" redirect="true" />
			</results>
			<views>
				<include name="body" template="strategy/staffsiteassignments.cfm" />
			</views>
		</event-handler>

		<event-handler name="site.getCustomizeViewSectionForSite">
			<broadcasts>		
				<message name="getSiteCustomizeViewSection" />
			</broadcasts>
			<views />
		</event-handler>
		<!--Start:: Action Center-->
		<event-handler name="mc.displayPendingSiteDocSign">
			<broadcasts>
				<message name="checkLogin">
					<argument name="role" value="manager,submanager" />
				</message>	
				<message name="getSitebyName" />
				<!--<message name="getStaffsOrVolunteersNameBySiteId" />-->
				<message name="getsitePendingDocSign" />				
			</broadcasts> 
			<results>
				<result name="NotLoggedIn" do="user.login" redirect="true" />
				<result name="NotAuthorized" do="user.notauthorized" redirect="true" />							
			</results>
			<views>				
				<include name="body" template="displayPendingSiteDocSign.cfm" />
			</views>
		</event-handler>
		<event-handler name="site.deleteSiteSignNowSignedDocument">		
			<broadcasts>
				<message name="getSignNowsiteInfo"/>
			</broadcasts>
			<views>
				<include name="body" template="site/signNow/deleteSiteSignedDocConfirmation.cfm" />
			</views>
		</event-handler>
		<event-handler name="site.deleteSiteSignedSignNowDocument">
			<broadcasts>
				<message name="checkLogin">
					<argument name="role" value="manager,submanager" />
				</message>	
				<message name="deleteSiteSignedSignNowDocument"/>
			</broadcasts>	
			<results>
				<result name="NotLoggedIn" do="user.login" redirect="true" />				
			</results>			
			<views />			
		</event-handler>
		<!-- Stops : Action Center-->

		<!-- Sitemanage-2(SN) : Stops -->
		
		<!-- Sitemanage-2(MN) : Start -->
		<event-handler name="site.getAssociateData">
			<broadcasts>
				<message name="checkLogin">
					<argument name="role" value="manager" />
					
				</message>				
				<message name="getAssociateData" />
			</broadcasts>
			<results>
				<result name="NotLoggedIn" do="user.login" redirect="true" />
				<result name="NotAuthorized" do="user.notauthorized" redirect="true" />
			</results>
			<views/>
		</event-handler>

		<event-handler name="site.editsitesprocess">
			<broadcasts>
				<message name="checkLogin">
					<argument name="role" value="manager" />
				</message>
				<message name="processEditSites" />
			</broadcasts>
			<results>
				<result name="NotLoggedIn" do="user.login" redirect="true" />
				<result name="NotAuthorized" do="user.notauthorized" redirect="true" />
			</results>
			<views />
		</event-handler>

		<event-handler name="site.siteAssignAnySurvey">
			<broadcasts>
				<message name="checkLogin">
					<argument name="role" value="suadmin,manager,volunteer,umbrella,submanager" />
				</message>
				<message name="siteAssignAnySurvey"></message>
			</broadcasts>
			<results>
				<result name="NotLoggedIn" do="user.login" redirect="true" />
				<result name="NotAuthorized" do="user.notauthorized" redirect="true" />				
			</results>			
		</event-handler>
		<event-handler name="site.getSiteAfterValidate">
			<broadcasts>
				<message name="checkLogin">
					<argument name="role" value="manager" />
				</message>				
				<message name="getSiteAfterValidate" />
			</broadcasts>
			<results>
				<result name="NotLoggedIn" do="user.login" redirect="true" />
				<result name="NotAuthorized" do="user.notauthorized" redirect="true" />
			</results>
			<views>
				<include name="body" template="strategy/validatemultiplesitepopup.cfm" />
			</views>
		</event-handler>
		<event-handler name="site.getRemoveMultipleSite">
			<broadcasts>
				<message name="checkLogin">
					<argument name="role" value="manager" />
				</message>			
				<message name="getRemoveMultipleSite" />
			</broadcasts>
			<results>
				<result name="NotLoggedIn" do="user.login" redirect="true" />
				<result name="NotAuthorized" do="user.notauthorized" redirect="true" />
			</results>
			<views />
		</event-handler>

		<event-handler name="site.managesites">
			<broadcasts>
				<message name="checkLogin">
					<argument name="role" value="manager" /> 
					<argument name="section" value="13,433,434,436,435,443,444,440,437,442,401,402,410,411,412,726"/><!--Sitemanage-2(Permission Settings)-->
				</message>
				<!-- <message name="getsites">
					<argument name="programfilter" value="currentprogram" />
					<argument name="invisible" value="true" />
				</message> -->
				<message name="getAllTimeZone" /> <!--TS-1193 shivani-->
				<message name="getcohortAccessforsite"></message>
				<message name="getcohortDataList"></message>
				<message name="getSavedViewIdSite"></message>  <!--MV-1697-->
				<message name="getTimeZoneHistory" /><!--TS-1193 shivani--> 
				
				
			</broadcasts>
			 <results>
				<result name="NotLoggedIn" do="user.login" redirect="true" />
				<result name="NotAuthorized" do="user.notauthorized" redirect="true" />    
				<result do="view.templateThird" />
			   </results>
			<views>
				<include name="body" template="site/managesites.cfm" />
			</views>
		</event-handler>

		<!-- S:TS-1193 -->
		<event-handler name="site.managetimezones">
			<broadcasts>
				<message name="checkLogin">
					<argument name="role" value="manager,submanager" /> 
					<!--<argument name="section" value="13,433,434,436,435,443,444,440,437,442,401,402,410,411,412,726"/>-->
				</message>
				<message name="getAllFieldDetails" />
				<message name="getAllTimeZone" />
				<message name="qgetallSiteListWithTimeZone" />
				<message name="getTimeZoneHistory" /><!--TS-1193 new-->
			</broadcasts>
			 <results>
				<result name="NotLoggedIn" do="user.login" redirect="true" />
				<result name="NotAuthorized" do="user.notauthorized" redirect="true" />    
				<!--<result do="view.templateThird" />-->
			   </results>
			<views>
				<include name="body" template="site/profile/managetimezones.cfm" />
			</views>
		</event-handler>
	
		<event-handler name="site.sortingSiteList">
			<broadcasts>
				<message name="checkLogin">
					<argument name="role" value="manager,submanager" /> 
				</message>
				<message name="sortSiteList" />
			</broadcasts>
			 <results>
				<result name="NotLoggedIn" do="user.login" redirect="true" />
				<result name="NotAuthorized" do="user.notauthorized" redirect="true" />    
			   </results>
		</event-handler>

		<event-handler name="site.siteTimeZoneAssignment">
			<broadcasts>
				<message name="checkLogin">
					<argument name="role" value="manager,submanager" /> 
				</message>
				<message name="updateTimeZoneForSite" />
			</broadcasts>
			 <results>
				<result name="NotLoggedIn" do="user.login" redirect="true" />
				<result name="NotAuthorized" do="user.notauthorized" redirect="true" />    
			   </results>
		</event-handler>
		<!-- E:TS-1193 -->

		<event-handler name="site.crmSiteImportPreview2">
			<broadcasts>
				<message name="checkLogin">
					<argument name="role" value="administrator,manager" />
				</message>
				<message name="validateSiteImportedExcel" />   
				<message name="getSiteFields" />
			</broadcasts>
			<results>
				<result name="NotLoggedIn" do="user.login" redirect="true" />
				<result name="NotAuthorized" do="user.notauthorized" redirect="true"/>
				<result name="Bad" do="site.sitecrmimportvalidationfailed" redirect="true" />
				<result name="Redirect" do="site.imortsite" redirect="true" />
				<result do="view.templateThird" />
			</results>
			<views>
			<include name="body" template="site/crm/import/preview_import.cfm" />
			</views>
		</event-handler> 

		<event-handler name="site.insertupdatefromimportedexcel">
			<broadcasts>
				<message name="checkLogin">
					<argument name="role" value="administrator,manager" />
				</message>
				<message name="insertOrUpdateImportedSiteExcelData" />
				<message name="clearSiteSessionsCreated" />
			</broadcasts>
			<results>
				<result name="NotLoggedIn" do="user.login" redirect="true" />
				<result name="NotAuthorized" do="user.notauthorized" redirect="true" />
				<result do="view.template" />
			</results>
			<views>
				<include name="body" template="site/crm/import/import_Siteconfirmation.cfm" />
			</views>
        </event-handler>

	<event-handler name="site.sitecrmperformSiteimport">
		<broadcasts>
			<message name="sitecrmperformSiteimport" />
		</broadcasts>
		<results>
			<result do="view.template" />
			<result name="Noduplicate" do="site.insertupdatefromimportedexcel" redirect="true" />
		</results>
		<views>
			<include name="body" template="site/crm/import/duplicate_option.cfm" />
		</views>
        </event-handler>

	<event-handler name="site.downloadSiteImportTemplate">
		<broadcasts>
			<!--Sitemanage-2(Permission Settings) : Start-->
			<message name="checkLogin">
				<argument name="role" value="manager,submanager" />
				<argument name="section" value="410,411,412"/>
			</message>
			<!--Sitemanage-2(Permission Settings) : Stops-->
			<message name="downloadSiteImportedExcelWithErrors" />
		</broadcasts>
		<results>
			<result name="NotLoggedIn" do="user.login" redirect="true" />
			<result name="NotAuthorized" do="user.notauthorized" redirect="true" />
		</results>
        </event-handler>

	<event-handler name="site.sitecrmimportvalidationfailed">
		<broadcasts>
			<message name="clearSiteSessionsCreated" />
		</broadcasts>
		<results>
			<result do="view.templateThird" />
		</results>
		<views>
			<include name="body" template="site/crm/import/fielderror.cfm" />
		</views>
        </event-handler>

	<event-handler name="site.crmsiteimportpreview">
		<broadcasts>
			<message name="checkLogin">
				<argument name="role" value="administrator,manager" />
			</message>
			<message name="validateSiteImportedExcel" />
			<message name="getSiteFields" />
		</broadcasts>
		<results>
			<result name="NotLoggedIn" do="user.login" redirect="true" />
			<result name="NotAuthorized" do="user.notauthorized" redirect="true"/>
			<result name="Bad" do="site.sitecrmimportvalidationfailed" redirect="true" />
			<result name="Redirect" do="site.importsite" redirect="true" />
			<result do="view.templateThird" />
		</results>
		<views>
			<include name="body" template="site/crm/import/preview_import.cfm" />            
		</views>
        </event-handler>

	<event-handler name="site.mapsitefieldspreview">
		<broadcasts>
			<message name="checkLogin">
				<argument name="role" value="manager,submanager" />
				<argument name="section" value="410,411,412"/><!--Sitemanage-2(Permission Settings)-->
			</message>
			<message name="mapsitefieldspreview"/>
		</broadcasts>
		<results>
			<result name="NotLoggedIn" do="user.login" redirect="true" />
			<result name="NotAuthorized" do="user.notauthorized" redirect="true" />
		</results>
        </event-handler>

	<event-handler name="site.showsitefieldspreviewwindow">
		<broadcasts>
			<message name="checkLogin">
				<argument name="role" value="manager,submanager" />
				<argument name="section" value="410,411,412"/><!--Sitemanage-2(Permission Settings)-->
			</message>
		</broadcasts>
		<results>
			<result name="NotLoggedIn" do="user.login" redirect="true" />
			<result name="NotAuthorized" do="user.notauthorized" redirect="true" />
		</results>
		<views>
			<include name="body" template="site/crm/import/field_error_popup.cfm" />
		</views>
        </event-handler>

	<event-handler name="site.sitemapfields">
		<broadcasts>
			<message name="checkLogin">
				<argument name="role" value="manager,submanager" />
				<argument name="section" value="410,411,412"/><!--Sitemanage-2(Permission Settings)-->
			</message>
			<message name="getUser"/>
			<message name="mapsiteuploadfields"/>
			<message name="getSiteFields" />
			<message name="getTimeZoneHistory" /><!-- TS-1193 -->
		</broadcasts>
		<results>
			<result name="NotLoggedIn" do="user.login" redirect="true" />
			<result name="NotAuthorized" do="user.notauthorized" redirect="true" />
			<result name="Redirect" do="site.importsite" redirect="true" />
			<result do="view.templateThird" />
		</results>
		<views>
			<include name="body" template="site/crm/import/fieldmapping.cfm" />
		</views>
        </event-handler>

	<event-handler name="site.sitetemplateselectedvalues">
		<broadcasts>
			<message name="checkLogin">
				<argument name="role" value="manager,submanager" />
				<argument name="section" value="410,411,412"/><!--Sitemanage-2(Permission Settings)-->
			</message>
			<message name="getUser"/>
			<message name="sitetemplateselectedvalues"/>
		</broadcasts>
        </event-handler>

	<event-handler name="site.renameSiteDeleteTemplate">
		<broadcasts>
			<message name="checkLogin">
				<argument name="role" value="manager,submanager" />
				<argument name="section" value="410,411,412"/><!--Sitemanage-2(Permission Settings)-->
			</message>
			<message name="getUser"/>
			<message name="renameSiteDeleteTemplate"/>
		</broadcasts>
		<results>
			<result name="NotLoggedIn" do="user.login" redirect="true" />
			<result name="NotAuthorized" do="user.notauthorized" redirect="true" />
			<result name="NoUpdate" do="site.importsite" redirect="true" />
			<result name="GoodUpdate" do="site.importsite" redirect="true" />				
		</results>
        </event-handler>

	<event-handler name="site.renameSitetemplate">
		<broadcasts>
			<message name="checkLogin">
				<argument name="role" value="manager,submanager" />
				<argument name="section" value="410,411,412"/><!--Sitemanage-2(Permission Settings)-->
			</message>
			<message name="getUser"/>
		</broadcasts>
		<results>
			<result name="NotLoggedIn" do="user.login" redirect="true" />
			<result name="NotAuthorized" do="user.notauthorized" redirect="true" />            
		</results>
		<views>
			<include name="body" template="site/crm/import/rename_popup.cfm" />
		</views>
        </event-handler>

	<event-handler name="site.siteRefreshTemplate">
		<broadcasts>
			<message name="checkLogin">
				<argument name="role" value="manager,submanager" />
			</message>            
			<message name="showSiteSavedTemplate" />
		</broadcasts>
		<results>
			<result name="NotLoggedIn" do="user.login" redirect="true" />
			<result name="NotAuthorized" do="user.notauthorized" redirect="true" />				
		</results>          
        </event-handler>

	<event-handler name="site.siteRenameDeleteTemplate">
		<broadcasts>
			<message name="checkLogin">
				<argument name="role" value="manager,submanager" />
				<argument name="section" value="410,411,412"/><!--Sitemanage-2(Permission Settings)-->
			</message>
			<message name="getUser"/>
			<message name="siteRenameDeleteTemplate"/>
		</broadcasts>
		<results>
			<result name="NotLoggedIn" do="user.login" redirect="true" />
			<result name="NotAuthorized" do="user.notauthorized" redirect="true" />
			<result name="NoUpdate" do="site.importsite" redirect="true" />
			<result name="GoodUpdate" do="site.importsite" redirect="true" />				
		</results>
        </event-handler>

	<event-handler name="site.deletesitetemplate">
		<broadcasts>
			<message name="checkLogin">
				<argument name="role" value="manager,submanager" />
				<argument name="section" value="410,411,412"/><!--Sitemanage-2(Permission Settings)-->
			</message>
			<message name="getUser"/>
		</broadcasts>
		<results>
			<result name="NotLoggedIn" do="user.login" redirect="true" />
			<result name="NotAuthorized" do="user.notauthorized" redirect="true" />				
		</results>
		<views>
			<include name="body" template="site/crm/import/delete_popup.cfm" />
		</views>
        </event-handler>

	<event-handler name="site.getsavedtemplate">
		<broadcasts>
			<message name="checkLogin">
				<argument name="role" value="manager,submanager" />
				<argument name="section" value="410,411,412"/><!--Sitemanage-2(Permission Settings)-->
			</message>
			<message name="showSiteSavedTemplate" />
		</broadcasts>
        </event-handler>

	<event-handler name="site.downloadsiteselectedtemplate">
		<broadcasts>
			<message name="checkLogin">
				<argument name="role" value="manager,submanager" />
				<argument name="section" value="410,411,412"/><!--Sitemanage-2(Permission Settings)-->
			</message>
			<message name="getUser"/>
			<message name="downloadsave_siteselectedtemplate" />
		</broadcasts>
        </event-handler>

	<event-handler name="site.downloadsiteselectedtemplatepage">
		<broadcasts>
			<message name="checkLogin">
				<argument name="role" value="manager,submanager" />
				<argument name="section" value="410,411,412"/><!--Sitemanage-2(Permission Settings)-->
			</message>
		</broadcasts>
		<views>
			<include name="body" template="site/crm/import/downloadsitetemplate.cfm" />
		</views>
        </event-handler>

	<event-handler name="site.downloadSitetemplate">
		<broadcasts>
			<message name="checkLogin">
				<argument name="role" value="manager,submanager" />
				<argument name="section" value="410,411,412"/><!--Sitemanage-2(Permission Settings)-->
			</message>
			<message name="getUser" />
			<message name="downloadsave_sitetemplate" />
		</broadcasts>
		<results>
			<result name="NotLoggedIn" do="user.login" redirect="true" />
			<result name="NotAuthorized" do="user.notauthorized" redirect="true" />
			<result name="NoUpdate" do="site.importsite" redirect="true" />
			<result name="AllUpdate" do="site.importsite" redirect="true" />
		</results>
        </event-handler>

	<event-handler name="site.importsite">
		<broadcasts>
			<message name="checkLogin">
				<argument name="role" value="manager,submanager" />
				<argument name="section" value="410,411,412"/><!--Sitemanage-2(Permission Settings)-->
			</message>			
			<message name="getUser" />
			<message name="getsiteFieldDetailsforimport" />
			<message name="clearSiteSessionsCreated" />
			<message name="showSiteSavedTemplate" /> 
			<message name="getTimeZoneHistory" /><!-- TS-1193 -->
			<message name ="getAllTimeZone" /><!-- TS-1193 -->
			<message name="getSiteAssociationItems"/><!-- BG-577 -->
		</broadcasts>
		<results>
			<result name="NotLoggedIn" do="user.login" redirect="true" />
			<result name="NotAuthorized" do="user.notauthorized" redirect="true" />
			<result do="view.templateThird" />
		</results>
		<views>
			<include name="body" template="site/crm/import/importSite.cfm" />
		</views>
        </event-handler>
		<!-- Sitemanage-2(MN) : Start -->	

		<event-handler name="site.sitesavedviews">
			<broadcasts>
				<message name="getSiteSavedViews" />
			</broadcasts>
			<results>
				<result name="NotLoggedIn" do="user.login" redirect="true" />
				<result name="NotAuthorized" do="user.notauthorized" redirect="true" />
			</results>
			<views/>
		</event-handler>

		<event-handler name="site.deleteaview">
			<broadcasts>
				<message name="deleteSiteView" />
			</broadcasts>
			<results>
				<result name="NotLoggedIn" do="user.login" redirect="true" />
				<result name="NotAuthorized" do="user.notauthorized" redirect="true" />
			</results>
			<views/>
		</event-handler>

		<event-handler name="site.makeDefault">
			<broadcasts>
				<message name="siteMakeDefault" />
			</broadcasts>
			<results>
				<result name="NotLoggedIn" do="user.login" redirect="true" />
				<result name="NotAuthorized" do="user.notauthorized" redirect="true" />
			</results>
			<views/>
		</event-handler>

		<event-handler name="site.renameSavedViewWindow">
			<broadcasts>
				<message name="checkLogin">
					<argument name="role" value="manager,submanager" />
					<!--<argument name="section" value="902"/>--> <!--Sitemanage-2(Permission Settings)-->
				</message>
				<message name="checksiteSavedViewToRename"/>
			</broadcasts> 
			<results>
				<result name="NotLoggedIn" do="user.login" redirect="true" />
				<result name="NotAuthorized" do="user.notauthorized" redirect="true" />		
			</results>
			<views>
				<include name="body" template="site/renameSavedViewWindow.cfm" />
			</views>
		</event-handler>

		<event-handler name="site.renameSavedView">
			<broadcasts>
				<message name="checkLogin">
					<argument name="role" value="manager,submanager" />
					<!--<argument name="section" value="902"/>--><!--Sitemanage-2(Permission Settings)-->
				</message>
				<message name="renameSiteSavedView"/>
			</broadcasts> 
			<results>
				<result name="NotLoggedIn" do="user.login" redirect="true" />
				<result name="NotAuthorized" do="user.notauthorized" redirect="true" />		
			</results>
			<views />
		</event-handler>

		<event-handler name="site.saveASiteView">
			<broadcasts>
				<message name="saveASiteView" />
			</broadcasts>
			<results>
				<result name="NotLoggedIn" do="user.login" redirect="true" />
				<result name="NotAuthorized" do="user.notauthorized" redirect="true" />
			</results>
			<views/>
		</event-handler>

		<!-- Sitemanage-2 (Field Manager) : Start -->
		<event-handler name="site.sitemanagefields">
			<broadcasts>
				<message name="checkLogin">
					<argument name="role" value="manager,submanager" />
					<argument name="section" value="902" /><!--Sitemanage-2(Permission Settings)-->
				</message> 
				<message name="getUser" />			
			</broadcasts> 
			<results>
				<result name="NotLoggedIn" do="user.login" redirect="true" />
				<result name="NotAuthorized" do="user.notauthorized" redirect="true" /> 
				<result do="view.template" />  
			</results>
			<views>
				<include name="body" template="site/crm/siteManagefields.cfm" />
			</views>
		</event-handler>

		<event-handler name="site.siteFieldlistingsection">
			<broadcasts>
				<message name="checkLogin">
					<argument name="role" value="manager,submanager" />
					<argument name="section" value="902" /><!--Sitemanage-2(Permission Settings)-->
				</message> 
				<message name="getUser" />
				<message name="getsitePanelDetails" />
				<message name="getsitesubPanelDetails" />
				<message name="getsiteFieldDetailsforsite" />
				<message name="getStaffrollidforlockimage" /><!--MV-1366-->
			</broadcasts> 
			<results>
				<result name="NotLoggedIn" do="user.login" redirect="true" />
				<result name="NotAuthorized" do="user.notauthorized" redirect="true" />		  
			</results>
			<views>
				<include name="body" template="site/crm/siteFieldslist.cfm" />
			</views>	   
		</event-handler>
		<!-- Sitemanage-2 (Field Manager) : Start -->
		
		<!-- Start: Site Export -->
		<event-handler name="site.exportsites">
			<broadcasts>
				<message name="checkLogin">
					<argument name="role" value="manager,submanager" />
					<argument name="section" value="410,411,412,723,724,726" /><!--Sitemanage-2(Permission Settings)-->
				</message>				
				<message name="getUser" />
				<message name="getCohortAccessEnabled" />						
				<message name="getPanelDetails" />
				<message name="getSubPanelDetails" />
				<message name="getFieldsForExport" />
				<message name="getSiteFieldOperators" />
				<message name="checkSitesSavedReport" />
				<message name="getVolEnrollFieldDetails" /><!--MV-1389-->
				<message name="getTimeZoneHistory" /><!-- TS-1193 -->
				<message name="getSiteAssociationItems"/><!-- BG-577 -->
			</broadcasts> 
			<results>
				<result name="NotLoggedIn" do="user.login" redirect="true" />
				<result name="NotAuthorized" do="user.notauthorized" redirect="true" />    
				<result do="view.templateThird" />
			</results>
			<views>
				<include name="body" template="site/crm/export/exportsites.cfm" />
			</views>
		</event-handler>
		
		<event-handler name="site.cancelexportwindow">
			<broadcasts>
				<message name="checkLogin">
					<argument name="role" value="manager,submanager" />					
				</message>
			</broadcasts> 		
			<views>
				<include name="body" template="site/crm/export/cancelexportpopup.cfm" />
			</views>
		</event-handler>
		
		<event-handler name="site.siteExportFieldValues">
			<broadcasts>
				<message name="checkLogin">
					<argument name="role" value="manager,submanager" />					
				</message>
				<message name="getUser" />				
				<message name="getSiteExportFieldValues" />											
			</broadcasts>
			<results>
				<result name="NotLoggedIn" do="user.login" redirect="true" />
				<result name="NotAuthorized" do="user.notauthorized" redirect="true" />				
			</results>			
		</event-handler>
		
		<event-handler name="site.getSiteExportSelectedFieldValue">	
			<broadcasts>
				<message name="checkLogin">
					<argument name="role" value="manager,submanager" />					
				</message>
				<message name="getSiteExportSelectedFieldValue"/>
			</broadcasts>		
		</event-handler>
		
		<event-handler name="site.filterFieldValuepopup">
			<broadcasts>
				<message name="checkLogin">	
					 	<argument name="role" value="manager,submanager" />
				</message>		
				<message name="getUser" />						
				<message name="getSiteFilterFieldValueOptions" />				
			</broadcasts> 
			<results>		
				<result name="NotLoggedIn" do="user.login" redirect="true" />
				<result name="NotAuthorized" do="user.notauthorized" redirect="true" />	
			</results>
			<views>
				<include name="body" template="site/crm/export/filterfieldvaluepopup.cfm" />
			</views>
		</event-handler>
		
		<event-handler name="site.saveSiteExportReportDetails">
			<broadcasts>			
				<message name="getUser" />	
				<message name="saveSiteExportReportDetails" />
			</broadcasts>		
		</event-handler>
		
		<event-handler name="site.reportAction">
			<broadcasts>
				<message name="checkLogin">
					<argument name="role" value="manager,submanager" />			
				</message>
				<message name="getUser"/>
			</broadcasts>
			<results>
				<result name="NotLoggedIn" do="user.login" redirect="true" />
				<result name="NotAuthorized" do="user.notauthorized" redirect="true" />			
			</results>
			<views>
				<include name="body" template="site/crm/export/reportactionpopup.cfm" />
			</views>
		</event-handler>
		
		<event-handler name="site.reportActionProcess">
			<broadcasts>
				<message name="checkLogin">
					<argument name="role" value="manager,submanager" />			
				</message>
				<message name="getUser"/>
				<message name="reportSiteActionProcess"/>
			</broadcasts>
			<results>
				<result name="NotLoggedIn" do="user.login" redirect="true" />
				<result name="NotAuthorized" do="user.notauthorized" redirect="true" />			
			</results>			
		</event-handler>
		
		<event-handler name="site.reportSaveOverWritewindow">
			<broadcasts>
				<message name="checkLogin">
					<argument name="role" value="manager,submanager" />
				</message>
				<message name="getUser"/>
			</broadcasts> 
			<results>
				<result name="NotLoggedIn" do="user.login" redirect="true" />
				<result name="NotAuthorized" do="user.notauthorized" redirect="true" />		
			</results>
			<views>
				<include name="body" template="site/crm/export/reportsaveoverwritepopup.cfm" />
			</views>
		</event-handler>
		
		<event-handler name="site.loadSiteSavedReports">
			<broadcasts>				
				<message name="getUser" />
				<message name="getSiteExportSavedReportDetails" />
			</broadcasts>			
		</event-handler>
		
		<event-handler name="site.getSiteReportDetails">
			<broadcasts>				
				<message name="getUser" />
				<message name="getSiteReportAllDetails" />
			</broadcasts>			
		</event-handler>
		
		<event-handler name="site.downloadfile">			
			<broadcasts>
				<message name="setSiteFileDownloadParametersToSession" />
			</broadcasts>			
			<views>				
				<include name="body" template="site/moveurl.cfm" />
			</views>
		</event-handler>
		
		<event-handler name="site.downloadsitefile">			
			<views>
				<include name="body" template="site/downloadfile.cfm" />
			</views>
		</event-handler>
		
		<event-handler name="site.downloadfilezip">			
			<broadcasts>
				<message name="setSiteFileDownloadParametersToSession" />
			</broadcasts>			
			<views>
				<include name="body" template="site/moveurl.cfm" />
			</views>
		</event-handler>				
		
		<event-handler name="site.downloadsitefilezip">			
			<views>
				<include name="body" template="site/downloadfilezip.cfm" />
			</views>
		</event-handler>
		
		<event-handler name="site.downloadsignedfile">		
			<broadcasts>
				<message name="setSignedDocumentDownloadParametersToSession" />
			</broadcasts>		
			<views>				
				<include name="body" template="site/moveurlsignedfile.cfm" />
			</views>
		</event-handler>
		
		<event-handler name="site.downloaddocumentsigningfile">			
			<views>
				<include name="body" template="site/downloadsignedfile.cfm" />
			</views>
		</event-handler>
		
		<event-handler name="site.downloadsignedfilezip">
			
			<broadcasts>
				<message name="setSignedDocumentDownloadParametersToSession" />
			</broadcasts>		
			<views>
				<include name="body" template="site/moveurlsignedfile.cfm" />
			</views>
		</event-handler>
		
		<event-handler name="site.downloaddocumentsigningfilezip">			
			<views>
				<include name="body" template="site/downloadsignedfilezip.cfm" />
			</views>
		</event-handler>
		
		<event-handler name="site.editSiteInfo">
			<broadcasts>
				<message name="checkLogin">
					<argument name="role" value="manager,submanager" />
					<argument name="section" value="411,412" />
				</message>
				<message name="getUser" />	
				<message name="getcohortAccess"/>
				<message name="getSitesDetailsById"/>
				<message name="getAllTimeZone" /> <!--TS-1193 priyanka-->
				<message name="getcohortDataList"/>			
			</broadcasts>
			<results>		
				<result name="NotLoggedIn" do="user.login" redirect="true" />
				<result name="NotAuthorized" do="user.notauthorized" redirect="true" />	
			</results>
			<views>
				<include name="body" template="site/crm/export/showEditSiteInfoPopup.cfm" />
			</views>
		</event-handler>					
		
		<event-handler name="site.updateSiteValues">
			<broadcasts>
				<message name="checkLogin">
					<argument name="role" value="manager,submanager" />
				</message>
				<message name="getUser" />
				<message name="updateSiteValues" />
			</broadcasts> 
			<results>
				<result name="NotLoggedIn" do="user.login" redirect="true" />
				<result name="NotAuthorized" do="user.notauthorized" redirect="true" />
			</results>
			<views />
		</event-handler>					
		
		<event-handler name="site.editSiteAssignments">
			<broadcasts>
				<message name="checkLogin">
					<argument name="role" value="manager,submanager" />
				</message>								
			</broadcasts>
			<results>
				<result name="NotLoggedIn"   do="user.login" redirect="true" />
				<result name="NotAuthorized" do="user.notauthorized" redirect="true" />
			</results>
			<views>
				<include name="body" template="site/crm/export/showEditAssignmentsPopup.cfm" />
			</views>
		</event-handler>
		
		<event-handler name="site.editSiteExportFieldValue">
			<broadcasts>
				<message name="checkLogin">
					<argument name="role" value="manager,submanager" />					
				</message>				
				<message name="getUser" />
				<message name="getProgramsiteFieldsById" />
				<message name="getsiteQualitativeOptions" />
				<message name="getsiteFieldFileAttachment" />				
				<message name="getUSstateterritories" />				
				<message name="getSitesDetailsById" />								
			</broadcasts>
			<results>		
				<result name="NotLoggedIn" do="user.login" redirect="true" />
				<result name="NotAuthorized" do="user.notauthorized" redirect="true" />	
			</results>
			<views>
				<include name="body" template="site/crm/export/showEditSiteFieldValuePopup.cfm" />
			</views>
		</event-handler>
		
		<event-handler name="site.editSiteFieldValueProcess">
			<broadcasts>
				<message name="checkLogin">
					<argument name="role" value="manager,submanager" />
				</message>
				<message name="getUser" />	
				<message name="uploadsiteFiles" />
				<message name="savesitePanel_FieldValueVFU" />	
				<message name="getsiteFieldDetailsAjax" />				
				<message name="getPanelFieldValuesOfSite" />
				<message name="getFieldFileAttachmentbysiteId" />
				<message name="getsiteQualitativeOptions" />
				<message name="getUSstateterritories" />							
				<message name="getsiteSignedFilesdetails" />
				<message name="getsiteContentblockDetails" />
				<message name="getSitesDetailsById" />
			</broadcasts> 
			<results>		
				<result name="NotLoggedIn" do="user.login" redirect="true" />
				<result name="NotAuthorized" do="user.notauthorized" redirect="true" />	
			</results>						
		</event-handler>
		<!-- End: Site Export -->

		<!-- Site Profile Photo (Kameshwar) : Start -->
		<event-handler name="site.showSiteProfilephoto">
			<broadcasts>
				<message name="checkLogin">
					<argument name="role" value="manager" />
				</message>
			</broadcasts> 
			<results>		
				<result name="NotLoggedIn" do="user.login" redirect="true" />
				<result name="NotAuthorized" do="user.notauthorized" redirect="true" />	
			</results>
			<views>
				<include name="body" template="site/profile/siteprofilephoto.cfm" />
			</views>
		</event-handler>

		<event-handler name="site.processsiteProfilephoto">
			<broadcasts>
				<message name="checkLogin">
					<argument name="role" value="manager" />
				</message>
				<message name="getUser" /> 
				<message name="getProcessSiteProfilePhoto" />		
			</broadcasts> 
			<results>		
				<result name="NotLoggedIn" do="user.login" redirect="true" />
				<result name="NotAuthorized" do="user.notauthorized" redirect="true" />	
			</results>
			<views/>
		</event-handler>
      
		<event-handler name="site.updatesiteProfilePhoto">
			<broadcasts>
				<message name="checkLogin">
					<argument name="role" value="administrator,manager" />
				</message>
				<message name="getUpdateSiteProfilePhoto" />
			</broadcasts> 
			<results>
				<result name="NotLoggedIn" do="user.login" redirect="true" />
				<result name="NotAuthorized" do="user.notauthorized" redirect="true" />	
			</results>
			<views>
				<include name="body" template="site/profile/ajaxcallresult.cfm" />
			</views>
		</event-handler>	

		<event-handler name="site.removesiteProfilePhoto">
			<broadcasts>
				<message name="getRemovesiteProfilePhoto" />
			</broadcasts> 
			<results>
				<result name="NotLoggedIn" do="user.login" redirect="true" />
				<result name="NotAuthorized" do="user.notauthorized" redirect="true" />	
			</results>
			<views>
				<include name="body" template="site/profile/ajaxcallresult.cfm" />
			</views>
		</event-handler>
		<!-- Site Profile Photo (Kameshwar) : Start -->

		<event-handler name="site.getsiteDateId">
			<broadcasts>
				<message name="checkLogin">
				<argument name="role" value="manager,volunteer"/><!--SM-273-->
				</message>
				<message name="getUser" /> 
				<message name="getsiteDateId" />  
			</broadcasts> 
			<results>  
				<result name="NotLoggedIn" do="user.login" redirect="true" />
				<result name="NotAuthorized" do="user.notauthorized" redirect="true" /> 
			</results>
			<views>
				<include name="body" template="site/profile/editsite.cfm" />
			</views>
		</event-handler>

		<!-- Sitemanage-2(SN) : Start -->
		<event-handler name="site.updateSiteFieldSettings">
			<broadcasts>
				<message name="checkLogin">
					<argument name="role" value="manager,submanager" />
				</message>
				<message name="updateSiteFieldSettings" />
			</broadcasts> 
			<results>
				<result name="NotLoggedIn" do="user.login" redirect="true" />		
			</results>		
		</event-handler>
		<!-- Sitemanage-2(SN) : Stops -->
		<!-- Prepare Email Chart by MN Start-->
			<event-handler name="site.dailyHourlySummaryEmailIntervalNotification">
				<broadcasts>
					<message name="dailyHourlySummaryEmailIntervalNotification" />
				</broadcasts> 
				<results />				
				<views />
			</event-handler>
			<event-handler name="site.dailySiteSummaryEmailNotificationDigest">
				<broadcasts>
					<message name="dailySiteSummaryEmailNotificationDigest" />
				</broadcasts> 
				<results />				
				<views />
			</event-handler>
		<!-- Prepare Email Chart by MN -->
		
		<!--Site-Profile : Start-->
		<event-handler name="site.updateSiteStatus">
			<broadcasts>
				<message name="checkLogin">
					<argument name="role" value="manager,submanager" />
				</message>
				<message name="updateSiteStatus" />
			</broadcasts> 
			<results>
				<result name="NotLoggedIn" do="user.login" redirect="true" />
				<result name="NotAuthorized" do="user.notauthorized" redirect="true" /> 		
			</results>		
		</event-handler>
		<!--Site-Profile : Start-->
		<!--Check if site exist for manager or submanager: MN -->
		<event-handler name="site.checkSiteIfExist">
			<broadcasts>
				<message name="checkifSiteIdExistForSiteProfile" />
				<message name="getAllTimeZone" /> <!--TS-1193 priyanka-->
			</broadcasts> 
		</event-handler>
		<!--Check if site exist for manager or submanager: MN -->
		<!--Start:MV-1389-->
		<event-handler name="site.checkSiteAssignmentForVolunteer">
			<broadcasts>
				<message name="checkSiteAssignmentForVolunteer" />
			</broadcasts> 
			<results>
				<result name="NotLoggedIn" do="user.login" redirect="true" />
				<result name="NotAuthorized" do="user.notauthorized" redirect="true" />	
			</results>			
		</event-handler>
		<!--End:MV-1389-->
		<!--Start:MS-512-->
		<event-handler name="site.checkSiteAssignmentForStaff">
			<broadcasts>
				<message name="checkSiteAssignmentForStaff" />
			</broadcasts> 
			<results>
				<result name="NotLoggedIn" do="user.login" redirect="true" />
				<result name="NotAuthorized" do="user.notauthorized" redirect="true" />	
			</results>			
		</event-handler>
		<event-handler name="site.checkCohortAssignmentForStaff">
			<broadcasts>
				<message name="checkCohortAssignmentForStaff" />
			</broadcasts> 
			<results>
				<result name="NotLoggedIn" do="user.login" redirect="true" />
				<result name="NotAuthorized" do="user.notauthorized" redirect="true" />	
			</results>			
		</event-handler>
		<!--End:MS-512-->
		<!--MV-1697-->
		<event-handler name="site.getprocessSiteEdite">	
			<broadcasts>
				<message name="checkLogin">
					<argument name="role" value="manager,submanager" />
				</message>
				<message name="getUser" />
				<message name="getProcessSiteEdit" /> 
			</broadcasts> 
			<results>
				<result name="NotLoggedIn" do="user.login" redirect="true" />
				<result name="NotAuthorized" do="user.notauthorized" redirect="true" />				
				<result name="Returnwithurlparams" do="site.managesites" redirect="true" append="viewselectedradio,savedviewselect" />
				<result name="Returnwithurlparamscust" do="site.managesites" redirect="true"  append="viewselectedradio,custviewselect"/>
				<result name="Returnwithalpha" do="site.managesites" redirect="true" />			
			</results>
			<views>
			</views>
		</event-handler>
		<!--END::MV-1697-->

		<!--Update Current Age Field Scheduler For Site : Start-->
		<event-handler name="site.UpdateCurrentAgeSiteFieldValueDaily">
			<broadcasts>				
				<message name="UpdateCurrentAgeSiteFieldValueDaily"></message>
			</broadcasts>
		</event-handler>
		<!--Update Current Age Field Scheduler For Site : Stops-->

       <!--dhreeti BG-577 start -->
		<event-handler name="site.getIdentifierassignedtosite">
			<broadcasts>
				<message name="checkLogin">
					<argument name="role" value="manager" />
				</message>				
				<message name="getIdentifierassignedtosite" />
			</broadcasts>
		</event-handler>
		<!-- BG-577 end -->
		
       		<!--SM-273:Start-->
		
		<event-handler name="site.viewandeditsiteprofiles">
			<broadcasts>
				<message name="checkLogin">
					<argument name="role" value="volunteer" />
				</message>
			</broadcasts> 
			 <results> 
			 	<result name="NotLoggedIn" do="user.login" redirect="true" />
				<result name="NotAuthorized" do="user.notauthorized" redirect="true" />	  
				<result do="view.layoutResponsivenew" />
			   </results>
			<views>
				<include name="body" template="site/profile/sitelistingforvolunteer.cfm" />
			</views>
		</event-handler>

		<event-handler name="site.sitelistingsectionforvol">
			<broadcasts>
				<message name="getSiteListForVolunteer" >
					<argument name="programfilter" value="currentprogram" />
				</message>
			</broadcasts>
			<results>
				<result name="NotLoggedIn" do="user.login" redirect="true" />
				<result name="NotAuthorized" do="user.notauthorized" redirect="true" />
			</results>
			<views/>
		</event-handler>

		<event-handler name="site.editsiteforvolunteer">
			<broadcasts>
				<message name="checkLogin">
					<argument name="role" value="volunteer" />
				</message>						
				<!-- <message name="checkifSiteIdExistForSiteProfile" /> --><!--Added By MN-->
				<message name="getUser" />
				<message name="getsitePanelDetails" />
			   	<message name="getsiteFieldDetails" /> 
				<message name="getsitesubPanelDetails"/>
				<message name="getPanelFieldValuesOfSite" />
				<message name="getsiteQualitativeOptions" />
				<message name="getFieldFileAttachmentbysiteId" />
				<message name="getsiteSignedFilesdetails" />
				<message name="getsiteQuickAccessFieldDetails" />
				<message name="getsiteContentblockDetails" />
				<!-- <message name="validateSForDelete"/> -->
				<message name="getcohortAccess"/>
				<message name="getSitesDetailsById"/>
				<message name="getStaffAndVolunteerBySiteId"/>
				<message name="getUSstateterritories" />
				<message name="checkAssociateDataForSite" />
				<message name="getsitesiteassigneduserbysiteid" />
				<message name="getStaff" /><!--MS-522,MS-524-->
				<message name="getAllTimeZone" /> <!--TS-1193 priyanka-->
				<message name="getTimeZoneHistory"/><!--TS-1193 priyanka-->
				<message name="getSiteAssociationItems"/><!-- BG-577 -->
			</broadcasts> 
			<results>
				<result name="NotLoggedIn" do="user.login" redirect="true" />
				<result name="NotAuthorized" do="user.notauthorized" redirect="true" />	 
				<!--<result name="MissingParams" do="user.createandmanagesite" redirect="true" />
				<result name="InvalidUserType" do="user.createandmanagesite" redirect="true" />-->
				<result do="view.layoutResponsivenew" />
			</results>
			<views>
				<include name="body" template="site/profile/viewandeditsiteprofiles.cfm" />
			</views>
		</event-handler>

		<event-handler name="site.getprocessSiteEditeVolunteer">	
			<broadcasts>
				<message name="checkLogin">
					<argument name="role" value="volunteer" />
				</message>
				<message name="getUser" />
				<message name="getProcessSiteEdit" /> 
			</broadcasts> 
			<results>
				<result name="NotLoggedIn" do="user.login" redirect="true" />
				<result name="NotAuthorized" do="user.notauthorized" redirect="true" />				
				<result name="Returnwithalpha" do="site.viewandeditsiteprofiles" redirect="true" />			
			</results>
			<views>
			</views>
		</event-handler>
		<!--SM-273:End-->

	</event-handlers>	

</modelglue>
