<modelglue>
	<controllers>
		<controller name="staffcontroller" type="mvcamericalearns.controller.staffcontroller">	
			<message-listener message="UpdateCurrentAgeStaffFieldValueDaily" function="UpdateCurrentAgeStaffFieldValueDaily" /><!--Update Current Age Field Scheduler For Staff-->		
			<!-- staff Management -->
			<message-listener message="getinsertStaffpanel" function="getinsertStaffpanel"/> 
			<message-listener message="getstaffPanelDetails" function="getstaffPanelDetails"/>
			<message-listener message="getinsertstaffSubpanel" function="getinsertstaffSubpanel"/>
			<message-listener message="getstaffsubPanelDetails" function="getstaffsubPanelDetails"/>
			<message-listener message="getinsertstaffFields" function="getinsertstaffFields"/>
			<message-listener message="getstaffFieldsDetails" function="getstaffFieldsDetails"/>
			<message-listener message="getstaffFieldValueDetailsByProgramId" function="getstaffFieldValueDetailsByProgramId"/>
			<message-listener message="getstaffSubPanelDetailsByProgramId" function="getstaffSubPanelDetailsByProgramId"/>
			<message-listener message="getstaffPanelDetailById" function="getstaffPanelDetailById"/> 
			<message-listener message="getstaffSubPanelDetailsByID" function="getstaffSubPanelDetailsByID"/>
			<message-listener message="getstaffFieldDetails" function="getstaffFieldDetails"/>
			<message-listener message="getstaffFieldDetailsformanagefields" function="getstaffFieldDetailsformanagefields"/>
			<message-listener message="getstaffpanelSubPanelDetails" function="getstaffpanelSubPanelDetails"/>
			<message-listener message="getstaffFieldDetailById" function="getstaffFieldDetailById"/>
			<message-listener message="getstaffFieldQualitativeOptions" function="getstaffFieldQualitativeOptions"/>
			<message-listener message="checkstaffContentBlockForPanelandSubpanel" function="checkstaffContentBlockForPanelandSubpanel"/>
			<message-listener message="savesatffcontentblock" function="savesatffcontentblock"/> 
			<message-listener message="SatffContentblockDetails" function="SatffContentblockDetails"/>
			<message-listener message="editStaffContentBlock" function="editStaffContentBlock"/> 
			<message-listener message="deleteStaffContentBlock" function="deleteStaffContentBlock"/>
			<message-listener message="createclonestaffSubpanel" function="createclonestaffSubpanel"/> 
			<message-listener message="createclonestaffPanel" function="createclonestaffPanel"/>
			<!-- staff Management -->
			<!--Start:atul-->
			<message-listener message="getStaffFields" function="getStaffFields"/>
			<message-listener message="showStaffSavedTemplate" function="showStaffSavedTemplate"/>
			<message-listener message="downloadsave_stafftemplate" function="downloadsave_stafftemplate"/>
			<message-listener message="stafftemplateselectedvalues" function="stafftemplateselectedvalues"/>
			<message-listener message="downloadsave_staffselectedtemplate" function="downloadsave_staffselectedtemplate"/>
			<message-listener message="mapstaffuploadfields" function="mapstaffuploadfields"/>
			<message-listener message="mapstafffieldspreview" function="mapstafffieldspreview"/>
			<message-listener message="clearStaffSessionsCreated" function="clearStaffSessionsCreated"/>
			<message-listener message="validateStaffImportedExcel" function="validateStaffImportedExcel"/>
			<message-listener message="staffCrmPerformImport" function="staffCrmPerformImport"/>
			<message-listener message="insertOrUpdateStaffImportedExcelData" function="insertOrUpdateStaffImportedExcelData"/>
			<message-listener message="staffRenameDeleteTemplate" function="staffRenameDeleteTemplate"/>
			<message-listener message="renameStaffDeleteTemplate" function="renameStaffDeleteTemplate"/>
			<message-listener message="functionStaffPasswordReminder" function="functionStaffPasswordReminder"/>
			<message-listener message="staffPasswordReminderSchedular" function="staffPasswordReminderSchedular"/>
			<message-listener message="staffPasswordCreation" function="staffPasswordCreation"/>
			<message-listener message="checkStaffReceiveTextInPasswordPage" function="checkStaffReceiveTextInPasswordPage"/>
			<message-listener message="downloadStaffImportedExcelWithErrors" function="downloadStaffImportedExcelWithErrors"/>
			
			<!--<message-listener message="authenticateSigNowCreds" function="authenticateSigNowCreds"/>-->
			<message-listener message="getSignNowUserInfo" function="getSignNowUserInfo"/>
			<message-listener message="uploadStaffTemplatetoSignNow" function="uploadStaffTemplatetoSignNow"/>
			<message-listener message="viewUploadStaffTemplatetoSignNow" function="viewUploadStaffTemplatetoSignNow"/>
			<message-listener message="documentUpdateCallbackfromStaffSignNow" function="documentUpdateCallbackfromStaffSignNow"/>
			<message-listener message="documentCompleteCallbackfromStaffSignNow" function="documentCompleteCallbackfromStaffSignNow"/>
			<message-listener message="documentDeclineSignCallbackfromStaffSignNow" function="documentDeclineSignCallbackfromStaffSignNow"/>
			<message-listener message="signNowTemplateSavedWithoutStaffFields" function="signNowTemplateSavedWithoutStaffFields"/>
			<message-listener message="getUploadedDocStatusfromStaffSignNow" function="getUploadedDocStatusfromStaffSignNow"/>
			<message-listener message="deleteStaffSignNowDocumentByid" function="deleteStaffSignNowDocumentByid"/>
			<message-listener message="getStaffListForUniqueSignNow" function="getStaffListForUniqueSignNow"/>
			<message-listener message="SignNowStaffTemplateNameValidation" function="SignNowStaffTemplateNameValidation"/>
			<message-listener message="getStaffListForEditUniqueSignNow" function="getStaffListForEditUniqueSignNow"/>
			<message-listener message="getUnassignedStaffListForUniqueSignNow" function="getUnassignedStaffListForUniqueSignNow"/>
			<message-listener message="getStaffSignedFilesdetails" function="getStaffSignedFilesdetails"/>
			<message-listener message="createStaffSignNowDocumentForAll" function="createStaffSignNowDocumentForAll"/>
			<message-listener message="openStaffSignNowDocSigning" function="openStaffSignNowDocSigning"/>
			<message-listener message="staffSignNowDocumnetSignSaved" function="staffSignNowDocumnetSignSaved"/>
			<message-listener message="getStaffDocSignedStatusfromSignNow" function="getStaffDocSignedStatusfromSignNow"/>
			<message-listener message="decryptStaffSignedDocument" function="decryptStaffSignedDocument"/>
			<message-listener message="checkStaffSignNowAccessToken" function="checkStaffSignNowAccessToken"/>
			<message-listener message="deleteStaffSignedSignNowDocument" function="deleteStaffSignedSignNowDocument"/>
			<message-listener message="uploadStaffScannedDocumentToSignNow" function="uploadStaffScannedDocumentToSignNow"/>
			<message-listener message="checkStaffAlreadyAssigned" function="checkStaffAlreadyAssigned"/>
			<message-listener message="removeUntrackedStaffAssigned" function="removeUntrackedStaffAssigned"/> <!-- MV-1323 -->
			<message-listener message="resetStaffSignNowPasswordLink" function="resetStaffSignNowPasswordLink"/>
			<message-listener message="signInImportStaff" function="signInImportStaff"/>
			<message-listener message="importStaffEnableSmsPopUp" function="importStaffEnableSmsPopUp"/>
			
			<!--End:atul-->
			<!--START :: Hari -->
			<message-listener message="deleteStaffpanelSubpanel" function="deleteStaffpanelSubpanel"/>
			<message-listener message="getSignFieldTemplateDetailsForStaff" function="getSignFieldTemplateDetailsForStaff"/>
			<message-listener message="getSignFieldTemplateCompleteDetailsForStaff" function="getSignFieldTemplateCompleteDetailsForStaff"/>
			<message-listener message="updateStaffPanelPosition" function="updateStaffPanelPosition"/>
			<message-listener message="getProgramStaffFieldsById" function="getProgramStaffFieldsById"/>
			<message-listener message="getStaffQualitativeOptions" function="getStaffQualitativeOptions"/>
			<message-listener message="getStaffFieldFileAttachment" function="getStaffFieldFileAttachment"/>
			<message-listener message="saveStaffPanel_FieldValueVFU" function="saveStaffPanel_FieldValueVFU"/>
			<message-listener message="getstaffFieldDetailsAjax" function="getstaffFieldDetailsAjax"/>
			<message-listener message="getstaffPanelFieldValuesOfUser" function="getstaffPanelFieldValuesOfUser"/>
			<message-listener message="uploadStaffFiles" function="uploadStaffFiles"/>
			<message-listener message="getstaffFieldFileAttachmentbyUserId" function="getstaffFieldFileAttachmentbyUserId"/>
			<message-listener message="UpdateStaffFieldPosition" function="UpdateStaffFieldPosition"/>
			<message-listener message="UpdateStaffFieldPositionAndName" function="UpdateStaffFieldPositionAndName"/>
			<message-listener message="getStaffPanelDetailsByAjax" function="getStaffPanelDetailsByAjax"/>
			<message-listener message="getStaffDetailsByFieldId" function="getStaffDetailsByFieldId"/>
			<message-listener message="getStaffDefaultPanelDetails" function="getStaffDefaultPanelDetails"/>
			<message-listener message="UpdateStaffSubPanelPosition" function="UpdateStaffSubPanelPosition"/>
			<message-listener message="getStaffQuickAccessFieldDetails" function="getStaffQuickAccessFieldDetails" />
			<message-listener message="DecryptStaffFile" function="DecryptStaffFile" />
			<message-listener message="getstaffDateId" function="getstaffDateId" />
			<!--END :: Hari-->

			<!--start:1422-lp-->
			<message-listener message="getEditStaffSignNowTemplateDetails" function="getEditStaffSignNowTemplateDetails" />
			<message-listener message="getStaffEditedTemplateDetails" function="getStaffEditedTemplateDetails" />
			<!--end:1422-lp-->

			<!--SC:MS-147:Start-->
			<message-listener message="getStaffPanelsForCustomFields" function="getStaffPanelsForCustomFields" />
			<message-listener message="getStaffUSstateterritories" function="getStaffUSstateterritories" />
			<message-listener message="getFieldsForStaffExport" function="getFieldsForStaffExport" />
			<message-listener message="editStaffNameAndContactInfo" function="editStaffNameAndContactInfo" />
			<message-listener message="getSitesForStaff" function="getSitesForStaff" />
			<message-listener message="processStaffSiteAssignment" function="processStaffSiteAssignment" />  
			<message-listener message="getStaffExportFieldsById" function="getStaffExportFieldsById" />    
			<message-listener message="getStaffExportQualitativeOptions" function="getStaffExportQualitativeOptions" />  
			<message-listener message="getStaffExportFieldFileAttachment" function="getStaffExportFieldFileAttachment" />    
			<message-listener message="uploadStaffExportFiles" function="uploadStaffExportFiles" />    
			<message-listener message="editSaveStaffExportFieldValue" function="editSaveStaffExportFieldValue" />    
			<!--SC:MS-147:Start-->
			
			<!-- Start: Staff Export -->
			<message-listener message="getStaffFieldOperators" function="getStaffFieldOperators" />
			<message-listener message="getStaffExportFieldValues" function="getStaffExportFieldValues" />
			<message-listener message="getStaffExportSelectedFieldValue" function="getStaffExportSelectedFieldValue" />
			<message-listener message="getFieldValueToEdit" function="getFieldValueToEdit" />
			<message-listener message="getFilterFieldValueOptions" function="getFilterFieldValueOptions" />
			<message-listener message="saveExportReportDetails" function="saveExportReportDetails" />
			<message-listener message="getStaffExportSavedReport" function="getStaffExportSavedReport" />
			<message-listener message="reportActionProcess" function="reportActionProcess" />
			<message-listener message="getStaffReportAllDetails" function="getStaffReportAllDetails" />
			<message-listener message="getStaffExportSavedReportDetails" function="getStaffExportSavedReportDetails" />
			<message-listener message="setStaffFileDownloadParametersToSession" function="setStaffFileDownloadParametersToSession" />
			<message-listener message="setSignedDocumentDownloadParametersToSession" function="setSignedDocumentDownloadParametersToSession" />
			<!-- End: Staff Export -->
			<message-listener message="updateStaffFieldSettings" function="updateStaffFieldSettings" /><!-- MS-343-->
			
			<message-listener message="checkCurrentSubmanager" function="checkCurrentSubmanager" /><!--MS-382-->
			<message-listener message="checkSubmanagerAccess" function="checkSubmanagerAccess" /><!--MS-382-->
			<message-listener message="getUpdatedStaffRoleName" function="getUpdatedStaffRoleName" /><!--MS-384-->
			
			<message-listener message="dailyHourlySummaryEmailIntervalNotification" function="dailyHourlySummaryEmailIntervalNotification" /><!--MS-365-->
			<message-listener message="dailyStaffSummaryEmailNotificationDigest" function="dailyStaffSummaryEmailNotificationDigest" /><!--MS-365-->
			
			<message-listener message="getSignNowFieldsManagerNotAccess" function="getSignNowFieldsManagerNotAccess" /><!-- MS-330 -->
			<message-listener message="getStaffFieldDetailByFieldId" function="getStaffFieldDetailByFieldId" /><!--Sitemanage-240-->
			<message-listener message="getSitesAssigenedToStaff" function="getSitesAssigenedToStaff"/>  <!--SiteManage-248:SM-244-->
			
			<message-listener message="getProgramContactsForChurnZero" function="getProgramContactsForChurnZero" /><!-- ADMINFUNCT-303 -->
			<message-listener message="getDailyUpdatedProgramContactsForChurnZero" function="getDailyUpdatedProgramContactsForChurnZero" /><!-- ADMINFUNCT-303 -->
		</controller>

	</controllers>
  
	<event-handlers>

		<!--Start:atul-->
		<event-handler name="user.importstaff">
          <broadcasts>
            <message name="checkLogin">
              <argument name="role" value="manager,submanager" />
              <argument name="section" value="6,421,422" />
            </message>
            <message name="getUser" />
            <message name="getStaffFields" />
			<message name="clearStaffSessionsCreated" />
            <message name="showStaffSavedTemplate" />
          </broadcasts>
          <results>
            <result name="NotLoggedIn" do="user.login" redirect="true" />
            <result name="NotAuthorized" do="user.notauthorized" redirect="true" />
            <result do="view.templateThird" />
          </results>
          <views>
            <include name="body" template="staff/crm/import/importStaffs.cfm" />
          </views>
        </event-handler>
		<event-handler name="user.downloadstafftemplate">
          <broadcasts>
            <message name="checkLogin">
              <argument name="role" value="manager,submanager" />
              <argument name="section" value="421,422" /><!--MS-384 :424-->
            </message>
            <message name="getUser" />
            <message name="downloadsave_stafftemplate" />
          </broadcasts>
          <results>
            <result name="NotLoggedIn" do="user.login" redirect="true" />
            <result name="NotAuthorized" do="user.notauthorized" redirect="true" />
            <result name="NoUpdate" do="user.importstafft" redirect="true" />
            <result name="AllUpdate" do="user.importstaff" redirect="true" />
          </results>
        </event-handler>
		<event-handler name="user.downloadstaffselectedtemplatepage">
          <broadcasts>
            <message name="checkLogin">
              <argument name="role" value="manager,submanager" />
              <argument name="section" value="421" />
            </message>
          </broadcasts>
          <views>
            <include name="body" template="staff/crm/import/downloadtemplate.cfm" />
          </views>
        </event-handler>
		<event-handler name="user.getsavedtemplate">
          <broadcasts>
            <message name="checkLogin">
              <argument name="role" value="manager,submanager" />
              <argument name="section" value="421" />
            </message>
            <message name="showStaffSavedTemplate" />
          </broadcasts>
        </event-handler>
		<event-handler name="user.stafftemplateselectedvalues">
          <broadcasts>
            <message name="checkLogin">
              <argument name="role" value="manager,submanager" />
              <argument name="section" value="421" />
            </message>
            <message name="getUser"/>
            <message name="stafftemplateselectedvalues"/>
          </broadcasts>
        </event-handler>
		<event-handler name="user.downloadstaffselectedtemplate">
          <broadcasts>
            <message name="checkLogin">
              <argument name="role" value="manager,submanager" />
              <argument name="section" value="421" />
            </message>
            <message name="getUser"/>
            <message name="downloadsave_staffselectedtemplate" />
          </broadcasts>
        </event-handler>
		<event-handler name="user.deletestafftemplate">
          <broadcasts>
            <message name="checkLogin">
              <argument name="role" value="manager,submanager" />
              <argument name="section" value="421" />
            </message>
            <message name="getUser"/>
          </broadcasts>
          <results>
            <result name="NotLoggedIn" do="user.login" redirect="true" />
            <result name="NotAuthorized" do="user.notauthorized" redirect="true" />
            <!--<result do="view.template" />-->
          </results>
          <views>
            <include name="body" template="staff/crm/import/delete_popup.cfm" />
          </views>
        </event-handler>
		<event-handler name="user.staffmapfields">
          <broadcasts>
            <message name="checkLogin">
              <argument name="role" value="manager,submanager" />
              <argument name="section" value="421,422" />
            </message>
            <message name="getUser"/>
            <message name="mapstaffuploadfields"/>
            <message name="getStaffFields" />
          </broadcasts>
          <results>
            <result name="NotLoggedIn" do="user.login" redirect="true" />
            <result name="NotAuthorized" do="user.notauthorized" redirect="true" />
			<result name="Redirect" do="user.importstaff" redirect="true" />
            <result do="view.templateThird" />
          </results>
          <views>
            <include name="body" template="staff/crm/import/fieldmapping.cfm" />
          </views>
        </event-handler>
		<event-handler name="user.showstafffieldspreviewwindow">
          <broadcasts>
            <message name="checkLogin">
              <argument name="role" value="manager,submanager" />
              <argument name="section" value="421,422" />
            </message>
          </broadcasts>
          <results>
            <result name="NotLoggedIn" do="user.login" redirect="true" />
            <result name="NotAuthorized" do="user.notauthorized" redirect="true" />
          </results>
          <views>
            <include name="body" template="staff/crm/import/field_error_popup.cfm" />
          </views>
        </event-handler>
		<event-handler name="user.mapstafffieldspreview">
          <broadcasts>
            <message name="checkLogin">
              <argument name="role" value="manager,submanager" />
              <argument name="section" value="421,422" />
            </message>
            <message name="mapstafffieldspreview"/>
          </broadcasts>
          <results>
            <result name="NotLoggedIn" do="user.login" redirect="true" />
            <result name="NotAuthorized" do="user.notauthorized" redirect="true" />
          </results>
        </event-handler>
		<event-handler name="user.crmstaffimportpreview">
          <broadcasts>
            <message name="checkLogin">
              <argument name="role" value="administrator,manager" />
            </message>
            <message name="validateStaffImportedExcel" />
            <message name="getStaffFields" />
          </broadcasts>
          <results>
            <result name="NotLoggedIn" do="user.login" redirect="true" />
            <result name="NotAuthorized" do="user.notauthorized" redirect="true"/>
            <result name="Bad" do="user.staffcrmimportvalidationfailed" redirect="true" />
			 <result name="Redirect" do="user.importstaff" redirect="true" />
            <result do="view.templateThird" />
          </results>
          <views>
            <include name="body" template="staff/crm/import/preview_import.cfm" />            
          </views>
        </event-handler>
		<event-handler name="user.staffcrmimportvalidationfailed">
          <broadcasts>
		  <message name="clearStaffSessionsCreated" />
		  </broadcasts>
          <results>
            <result do="view.templateThird" />
          </results>
          <views>
            <include name="body" template="staff/crm/import/fielderror.cfm" />
          </views>
        </event-handler>
		<event-handler name="user.staffCrmPerformImport">
          <broadcasts>
            <message name="staffCrmPerformImport" />
          </broadcasts>
          <results>
            <result do="view.templateThird" />
            <result name="Noduplicate" do="user.insertStaffUpdateFromImportedExcel" redirect="true" />
          </results>
          <views>
            <include name="body" template="staff/crm/import/duplicate_option.cfm" />
          </views>
        </event-handler>
		<event-handler name="user.insertStaffUpdateFromImportedExcel">
          <broadcasts>
            <message name="checkLogin">
              <argument name="role" value="administrator,manager" />
            </message>
            <message name="insertOrUpdateStaffImportedExcelData" />
			<message name="clearStaffSessionsCreated" />
          </broadcasts>
          <results>
            <result name="NotLoggedIn" do="user.login" redirect="true" />
            <result name="NotAuthorized" do="user.notauthorized" redirect="true" />
			<result do="view.templateThird" />
          </results>
          <views>
            <include name="body" template="staff/crm/import/import_confirmation.cfm" />
          </views>
        </event-handler>
		<event-handler name="user.crmStaffImportPreview2">
          <broadcasts>
            <message name="checkLogin">
              <argument name="role" value="administrator,manager" />
            </message>           
            <message name="getStaffFields" />
          </broadcasts>
          <results>
            <result name="NotLoggedIn" do="user.login" redirect="true" />
            <result name="NotAuthorized" do="user.notauthorized" redirect="true"/>
            <result name="Bad" do="user.staffcrmimportvalidationfailed" redirect="true" />
			 <result name="Redirect" do="user.importStaff" redirect="true" />
            <result do="view.templateThird" />
          </results>
          <views>
            <include name="body" template="staff/crm/import/preview_import.cfm" />
          </views>
        </event-handler>
		<event-handler name="user.insertUpdateFromStaffImportedExcel">
          <broadcasts>
            <message name="checkLogin">
              <argument name="role" value="administrator,manager" />
            </message>
            <message name="insertOrUpdateStaffImportedExcelData" />
			 <message name="clearStaffSessionsCreated" />
          </broadcasts>
          <results>
            <result name="NotLoggedIn" do="user.login" redirect="true" />
            <result name="NotAuthorized" do="user.notauthorized" redirect="true" />
			<result do="view.templateThird" />
          </results>
          <views>
            <include name="body" template="staff/crm/import/import_confirmation.cfm" />
          </views>
        </event-handler>
		<event-handler name="user.staffRenameDeleteTemplate">
          <broadcasts>
            <message name="checkLogin">
              <argument name="role" value="manager,submanager" />
              <argument name="section" value="421" />
            </message>
            <message name="getUser"/>
            <message name="staffRenameDeleteTemplate"/>
          </broadcasts>
          <results>
            <result name="NotLoggedIn" do="user.login" redirect="true" />
            <result name="NotAuthorized" do="user.notauthorized" redirect="true" />
            <result name="NoUpdate" do="user.importStaff" redirect="true" />
            <result name="GoodUpdate" do="user.importStaff" redirect="true" />
            <!--<result do="view.template" />-->
          </results>
        </event-handler>
		<event-handler name="user.staffRefreshTemplate">
          <broadcasts>
            <message name="checkLogin">
              <argument name="role" value="manager,submanager" />
              <argument name="section" value="6,421" /><!-- [MCR-1] -->
            </message>            
            <message name="showStaffSavedTemplate" />
          </broadcasts>
          <results>
            <result name="NotLoggedIn" do="user.login" redirect="true" />
            <result name="NotAuthorized" do="user.notauthorized" redirect="true" />
            <!--<result do="view.templateThird" />-->
          </results>          
        </event-handler>
		<event-handler name="user.renameStafftemplate">
          <broadcasts>
            <message name="checkLogin">
              <argument name="role" value="manager,submanager" />
              <argument name="section" value="421" />
            </message>
            <message name="getUser"/>
          </broadcasts>
          <results>
            <result name="NotLoggedIn" do="user.login" redirect="true" />
            <result name="NotAuthorized" do="user.notauthorized" redirect="true" />            
          </results>
          <views>
            <include name="body" template="staff/crm/import/rename_popup.cfm" />
          </views>
        </event-handler>
		<event-handler name="user.renameStaffDeleteTemplate">
          <broadcasts>
            <message name="checkLogin">
              <argument name="role" value="manager,submanager" />
              <argument name="section" value="421" />
            </message>
            <message name="getUser"/>
            <message name="renameStaffDeleteTemplate"/>
          </broadcasts>
          <results>
            <result name="NotLoggedIn" do="user.login" redirect="true" />
            <result name="NotAuthorized" do="user.notauthorized" redirect="true" />
            <result name="NoUpdate" do="user.importStaff" redirect="true" />
            <result name="GoodUpdate" do="user.importStaff" redirect="true" />
            <!--<result do="view.template" />-->
          </results>
        </event-handler>
		<event-handler name="user.staffPasswordReminder">
			<broadcasts>
				<message name="checkLogin">
					<argument name="role" value="manager,submanager" />
				</message>					
				<message name="functionStaffPasswordReminder" />
			</broadcasts> 
			<results>
				<result name="NotLoggedIn" do="user.login" redirect="true" />
				<result name="NotAuthorized" do="user.notauthorized" redirect="true" />		
			</results>		
		</event-handler>
		<event-handler name="user.staffPasswordReminderSchedular">
			<broadcasts>
				<message name="staffPasswordReminderSchedular"/>
			</broadcasts> 	
		</event-handler>
		<!--<event-handler name="user.createmypassword">
			<broadcasts>
				<message name="staffPasswordCreation" />
				<message name="checkStaffReceiveTextInPasswordPage" />
			</broadcasts> 
			<results>
				
				<result name="Bad" do="user.login" redirect="true" />											
				<result do="view.template" />
			</results>
			<views>
				<include name="body" template="user/createuserpassword.cfm" />
			</views>
		</event-handler>-->
		<event-handler name="user.downloadStaffImportTemplate">
          <broadcasts>
            <message name="checkLogin">
              <argument name="role" value="manager,submanager" />
              <argument name="section" value="421" />
            </message>
            <message name="downloadStaffImportedExcelWithErrors" />
          </broadcasts>
          <results>
            <result name="NotLoggedIn" do="user.login" redirect="true" />
            <result name="NotAuthorized" do="user.notauthorized" redirect="true" />
          </results>
        </event-handler>
		<event-handler name="user.errorStaffPopup">
          <broadcasts>
            <message name="checkLogin">
              <argument name="role" value="manager" />
              <argument name="section" value="6" />
            </message>
          </broadcasts>
          <views>
            <include name="body" template="staff/crm/import/error_popup.cfm" />
          </views>
        </event-handler>
		<event-handler name="user.signInImportStaff">
			<broadcasts>
				<message name="signInImportStaff" />  
			</broadcasts>
		</event-handler>
		<event-handler name="user.importStaffEnableSmsPopUp">
		  <broadcasts>
            <message name="importStaffEnableSmsPopUp" />
          </broadcasts>
		  <results>
            <result name="NotLoggedIn" do="user.login" redirect="true" />
            <result name="NotAuthorized" do="user.notauthorized" redirect="true" />            
          </results>
          <views>
            <include name="body" template="staff/crm/import/importEnableSmsPopUp.cfm" />
          </views>
        </event-handler>
		<!--End:atul-->
		<!-- Start: Staff Management-->
		<event-handler name="user.managestaffpagelayout">
			<broadcasts>
				<message name="checkLogin">
				 <argument name="role" value="manager,submanager" /> 
				 <argument name="section" value="712,713,714" />  
				</message>    
				
				<message name="getUser" />
				<message name="getstaffPanelDetails" />
				<message name="getstaffsubPanelDetails" />
				<message name ="getstaffFieldValueDetailsByProgramId"/>
				<message name ="getstaffSubPanelDetailsByProgramId"/>
				<message name="SatffContentblockDetails" />
				<message name="getstaffFieldDetails" />
				<message name="getSignFieldTemplateDetailsForStaff"/>
				<message name="getSignFieldTemplateCompleteDetailsForStaff"/>
				<message name="getcohortAccess"/>
			   </broadcasts> 
			   <results>
				<result name="NotLoggedIn" do="user.login" redirect="true" />
				<result name="NotAuthorized" do="user.notauthorized" redirect="true" />    
				<result do="view.templateThird" />
			   </results>
			   <views>
				<!-- <include name="body" template="user/crm/managevolunteerpagelayout.cfm" />  -->
				<include name="body" template="staff/crm/managestaffpagelayout.cfm" />
			   </views>
		</event-handler>
		
		
		<event-handler name="user.createstaffpanel">
			<broadcasts>
				<message name="getinsertStaffpanel"></message>
			</broadcasts>
		</event-handler>
		
		<event-handler name="user.createstaffsubpanel">
			<broadcasts>
				<message name="getinsertstaffSubpanel" />
			</broadcasts>
		</event-handler>
		
		<event-handler name="user.createstaffContentwindow">
			<views>
				<include name="body" template="staff/crm/createstaffContentBlock.cfm" />
			</views>
		</event-handler>
		
		<event-handler name="user.insertstafffields">
			<broadcasts>
				<message name="getinsertstaffFields" />
			</broadcasts>
		</event-handler>
		
		<event-handler name="user.createStaffClonePanel">
			<views>
				<include name="body" template="staff/crm/clonestaffpanel.cfm" />
			</views>
		</event-handler>
    
   	 	<event-handler name="user.createstaffpanelwindow">
			<broadcasts>
				<message name="getUser" />
				<message name="getstaffPanelDetailById"/>
			</broadcasts>
			<views>
				<include name="body" template="staff/crm/createstaffpanel.cfm" />
			</views>
		</event-handler>
		
		<event-handler name="user.createstaffsubpanelwindow">
			<broadcasts>
				<message name="getstaffPanelDetails" />
				<message name="getstaffpanelSubPanelDetails"/>
				<message name="getstaffSubPanelDetailsByID"/>
			</broadcasts>
			<views>
				<include name="body" template="staff/crm/createstaffsubpanel.cfm" />
			</views>
		</event-handler>
		
		<event-handler name="user.createstaffnewfieldswindow">
			<broadcasts>
				<message name="getstaffPanelDetails" />
				<message name="getstaffsubPanelDetails" />
				<message name="getstaffFieldDetails" />
				<message name="getstaffFieldDetailById" />
				<message name="getStaffDetailsByFieldId" />
				<message name="getStaffDefaultPanelDetails" /> 
				<message name="getstaffFieldQualitativeOptions"/>
			</broadcasts>
			<views>
				<include name="body" template="staff/crm/createstaffnewfields.cfm" />
			</views>
		</event-handler>

		<!--Sitemanage-240:Start-->
		<event-handler name="staff.getStaffFieldDetailByFieldId">
			<broadcasts>
				<message name="checkLogin">
					<argument name="role" value="manager,submanager" />
			 		<argument name="section" value="414" />
				</message>
				<message name="getStaffFieldDetailByFieldId"/>
			</broadcasts> 
		</event-handler>
		<!--Sitemanage-240:Stops-->

		<event-handler name="user.createStaffContentBlockWindow">
			<broadcasts>
				<message name="getstaffPanelDetails" />
				<message name="getstaffsubPanelDetails" />
				<message name="SatffContentblockDetails" />
			</broadcasts>
			<views>
				<include name="body" template="staff/crm/createstaffContentBlock.cfm" />
			</views>
		</event-handler>
		
		<event-handler name="user.staffmanagefields">
			<broadcasts>
			<message name="getUser" />	
		   </broadcasts> 
		   <results>
			<result do="view.templateThird" />  
		   </results>
			<views>
				<include name="body" template="staff/crm/stafffields.cfm" />
			</views>
		</event-handler>
		<event-handler name="user.staffmanagefieldlisting">
			<broadcasts>
				<message name="getstaffPanelDetails" />	
				<message name="getstaffpanelSubPanelDetails"/>
				<message name="getstaffFieldDetailsformanagefields"/>
				<message name="getStaffrollidforlockimage" /><!--DS::MV-1606-->
			</broadcasts> 
			<views>
				<include name="body" template="staff/crm/staffFieldlist.cfm" />
			</views>
		</event-handler>
		
		<event-handler name="user.checkstaffContentBlockForPanelandSubpanel">
			<broadcasts>
				
				<message name="checkstaffContentBlockForPanelandSubpanel"/>
			</broadcasts> 
		
		</event-handler>
		
		<event-handler name="user.savesatffcontentblock">
			<broadcasts>
				
				<message name="savesatffcontentblock" />
				
			</broadcasts> 	
		</event-handler>
		
		<event-handler name="user.editStaffcontentblock">
			<broadcasts>
				
				<message name="editStaffContentBlock" />
				
			</broadcasts> 	
		</event-handler>
		
		<event-handler name="user.deleteStaffContentBlockWindow">
			<views>
				<include name="body" template="staff/crm/deleteStaffContentBlockWindow.cfm" />
			</views>
		</event-handler>
		
		<event-handler name="user.deleteStaffcontentblock">
			<broadcasts>
				<message name="deleteStaffContentBlock" />
			</broadcasts> 	
		</event-handler>
		
		<event-handler name="user.clonestaffpanelWindow">
			<broadcasts>
				<message name="getstaffPanelDetails" /> 
				<message name ="getstaffSubPanelDetailsByProgramId"/>
				<message name="getstaffPanelDetailById"/>
			</broadcasts>
			<views>
				<include name="body" template="staff/crm/clonestaffpanel.cfm" />
			</views>
		</event-handler>
		
		<event-handler name="user.clonestaffSubpanelWindow">
			<broadcasts>
				<message name="getstaffPanelDetails" />
				<message name ="getstaffSubPanelDetailsByProgramId"/>
				<message name ="getstaffpanelSubPanelDetails"/>
			</broadcasts>
			<views>
				<include name="body" template="staff/crm/clonestaffSubpanel.cfm" />
			</views>
		</event-handler>
		<!-- End: Staff Management -->

		<!-- START :: Hari -->
		<event-handler name="user.deletestaffpanelwindow">
			<broadcasts>
				<message name="getstaffSubPanelDetailsByID" />
				<message name="getstaffPanelDetailById"/>
			</broadcasts>
			<views>
				<include name="body" template="staff/crm/deleteStaffPanel.cfm" />
			</views>
		</event-handler>

		<event-handler name="user.deletestaffpanelsubpanel">
			<broadcasts>
				<message name="deleteStaffpanelSubpanel" />
			</broadcasts>
		</event-handler>

		<event-handler name="user.managestaffpagelayoutajax">
			<broadcasts>
				<message name="checkLogin">
				 <argument name="role" value="manager,submanager" /> 
				 <argument name="section" value="712,713,714" />  
				</message>    
				<message name="getUser" />
				<message name="getstaffPanelDetails" />
				<message name="getstaffsubPanelDetails" />
				<message name ="getstaffFieldValueDetailsByProgramId"/>
				<message name ="getstaffSubPanelDetailsByProgramId"/>
				<message name="SatffContentblockDetails" />
				<message name="getStaffPanelDetailsByAjax" />
				<message name="getstaffFieldDetails" />
				<message name="getSignFieldTemplateDetailsForStaff"/>
				<message name="getSignFieldTemplateCompleteDetailsForStaff"/>
			   </broadcasts> 
			   <results>
				<result name="NotLoggedIn" do="user.login" redirect="true" />
				<result name="NotAuthorized" do="user.notauthorized" redirect="true" />    
			   </results>
			   <views>
					<include name="body" template="staff/crm/manageStaffPageLayoutAjax.cfm" >
						<value name="parttype" value="2" />
					</include>
			   </views>
		</event-handler>

		<event-handler name="user.updateStaffPanelPosition">
			<broadcasts>
				<message name="checkLogin">
					<argument name="role" value="manager,submanager" />
			 		<argument name="section" value="714" />
				</message>
				<message name="getUser" />   
				<message name="updateStaffPanelPosition" />				
			</broadcasts> 
			<results>
				<result name="NotLoggedIn" do="user.login" redirect="true" />
				<result name="NotAuthorized" do="user.notauthorized" redirect="true" />				
			</results>
		</event-handler>

		<event-handler name="user.updateStaffFieldPosition">
			<broadcasts>
				<message name="checkLogin">
					<argument name="role" value="manager,submanager" />
			 		<argument name="section" value="712" />
				</message>
				<message name="getUser" />   
				<message name="updateStaffFieldPosition" />				
			</broadcasts> 
			<results>
				<result name="NotLoggedIn" do="user.login" redirect="true" />
				<result name="NotAuthorized" do="user.notauthorized" redirect="true" />				
			</results>
		</event-handler>
		<!--Start: MS-382-->
		<event-handler name="staff.editstaffprofile">
			<broadcasts>
				<message name="checkLogin">
					<argument name="role" value="manager,submanager" />
					<argument name="section" value="711" />
				</message>	
				<message name="checkCurrentSubmanager" />	
				<message name="checkSucessStory" />				
				<message name="getUser" />
				<message name="getCarrierData" />
				<message name="getStaffRoleList"/>
				<message name="getstaffPanelDetails" />
			   	<message name="getstaffFieldDetails" /> 
				<message name="getstaffsubPanelDetails"/>
				<message name="getstaffPanelFieldValuesOfUser" />
				<message name="getstaffQualitativeOptions" />
				<message name="getUSstateterritories" />
				<message name="getstaffFieldFileAttachmentbyUserId" />
				<message name="getStaffSignedFilesdetails" />
				<message name="getSitesAssigenedToStaff" />  <!--SiteManage-248:SM-244-->
				<message name="getStaffQuickAccessFieldDetails" />
				<!-- <message name="getUserCurrentTemplate"/> -->
				<message name="getUserCredentials" /> 
				<message name="getSitesForUserID" />
				<message name="SatffContentblockDetails" />
				<message name="validateSForDelete"/>
				<message name="getStaffRoleforeditStaff"/>
				<message name="getcohortAccess"></message>
				<message name="getCohortForUserID" />
				<message name="getSignNowFieldsManagerNotAccess" /> <!-- MS-330 -->
			</broadcasts> 
			<results>
				<result name="NotLoggedIn" do="user.login" redirect="true" />
				<result name="NotAuthorized" do="user.notauthorized" redirect="true" />	
				<result name="MissingParams" do="user.createandmanagestaff" redirect="true" />
				<result name="InvalidUserType" do="user.createandmanagestaff" redirect="true" />				
				<!-- <result do="view.templateThird" /> -->
				<result do="view.templateResponsive" />  <!--MS-542 -->
			</results>
			<views>
				<include name="body" template="staff/editStaff.cfm" />
			</views>
		</event-handler>
		<!--End:MS-382-->

		<event-handler name="user.editstaff">
			<broadcasts>
				<message name="checkLogin">
					<argument name="role" value="manager,submanager" />
					<argument name="section" value="422,423" /> <!--MS-382-->
				</message>	
				<message name="checkSubmanagerAccess"/>	 <!--MS-382-->
				<message name="checkSucessStory" />				
				<message name="getUser" />
				<message name="getCarrierData" />
				<message name="getStaffRoleList"/>
				<message name="getstaffPanelDetails" />
			   	<message name="getstaffFieldDetails" /> 
				<message name="getstaffsubPanelDetails"/>
				<message name="getstaffPanelFieldValuesOfUser" />
				<message name="getstaffQualitativeOptions" />
				<message name="getUSstateterritories" />
				<message name="getstaffFieldFileAttachmentbyUserId" />
				<message name="getStaffSignedFilesdetails" />
				<message name="getStaffQuickAccessFieldDetails" />
				<message name="getSitesAssigenedToStaff" />  <!--SiteManage-248:SM-244-->
				<!-- <message name="getUserCurrentTemplate"/> -->
				<message name="getUserCredentials" /> 
				<message name="getSitesForUserID" />
				<message name="SatffContentblockDetails" />
				<message name="validateSForDelete"/>
				<message name="getStaffRoleforeditStaff"/>
				<message name="getcohortAccess"></message>
				<message name="getCohortForUserID" />
				<message name="getSignNowFieldsManagerNotAccess" /> <!-- MS-330 -->
			</broadcasts> 
			<results>
				<result name="NotLoggedIn" do="user.login" redirect="true" />
				<result name="NotAuthorized" do="user.notauthorized" redirect="true" />	
				<result name="MissingParams" do="user.createandmanagestaff" redirect="true" />
				<result name="InvalidUserType" do="user.createandmanagestaff" redirect="true" />				
				<!-- <result do="view.templateThird" /> -->
				<result do="view.templateResponsive" />  <!--MS-542 -->
			</results>
			<views>
				<include name="body" template="staff/editStaff.cfm" />
			</views>
		</event-handler>

		<event-handler name="user.staffpanelinfo">
			<broadcasts>
				<message name="checkLogin">
					<argument name="role" value="administrator,manager" />
				</message>
				<message name="getUser" />
				<message name="getProgramStaffFieldsById" />
				<message name="getUSstateterritories" />
				<message name="getStaffQualitativeOptions" />
				<message name="getStaffFieldFileAttachment" />
				<message name="getStaffSignedFilesdetails" />
				<message name="getSignNowFieldsManagerNotAccess"/> <!-- MS-330 -->
			</broadcasts> 

			<results>		
				<result name="NotLoggedIn" do="user.login" redirect="true" />
				<result name="NotAuthorized" do="user.notauthorized" redirect="true" />	
			</results>
			<views>
				<include name="body" template="staff/crm/staffpanelinfoform.cfm" />
			</views>
		</event-handler>

		<event-handler name="user.editStaffpanelprocess">
			<broadcasts>
				<message name="checkLogin">
					<argument name="role" value="administrator,manager" />
				</message>
				<message name="getUser" />	
				<message name="uploadStaffFiles" />
				<message name="saveStaffPanel_FieldValueVFU" />	
				<message name="getstaffFieldDetailsAjax" />				
				<message name="getstaffPanelFieldValuesOfUser" />
				<message name="getstaffFieldFileAttachmentbyUserId" />
				<message name="getstaffQualitativeOptions" />
				<message name="getUSstateterritories" />
				<message name="checkSucessStory"/>
				<message name="getAsk" />						
				<message name="getCarrierData" />
				<!--<message name="getTemplateItemsByUser"/>>
				<message name="getUserCurrentTemplate"/>-->
				<message name="getUserCredentials" />	
				
				<message name="getStaffSignedFilesdetails" />
				<message name="SatffContentblockDetails" />
				
				<message name="getStaffRoleforeditStaff"/>	
				<message name="validateSForDelete"/>
				<message name="getSignNowFieldsManagerNotAccess"/> <!-- MS-330 -->
			</broadcasts> 
			<results>		
				<result name="NotLoggedIn" do="user.login" redirect="true" />
				<result name="NotAuthorized" do="user.notauthorized" redirect="true" />	
			</results>			
			<views>
				<include name="body" template="staff/ajaxStaffPanelFieldView.cfm" />
			</views>			
		</event-handler>

		<event-handler name="user.staffsiteassignmentContent">
			<broadcasts>
				<message name="checkLogin">
					<argument name="role" value="manager,submanager" />
      				<argument name="section" value="422,711" />									
				</message>
				<message name="getUser" />
				<message name="getSitesAssigenedToStaffs" />
				<message name="getCohortsAssigenedToStaffs" />
				<message name="getcohortAccess"></message>
			</broadcasts> 
			<results>		
				<result name="NotLoggedIn" do="user.login" redirect="true" />
				<result name="NotAuthorized" do="user.notauthorized" redirect="true" />	
			</results>
			<views>
				<include name="body" template="staff/staffsiteassignmentContent.cfm" />
			</views>
		</event-handler>
		<event-handler name="user.contactinformationforstaff">
			<broadcasts>
				<message name="checkLogin">
						<argument name="role" value="manager,submanager" />
						<argument name="section" value="422,711" />
				</message>
				<message name="getUser" />
				<message name="getCarrierData" />
				<!-- MS-213 : Start -->
				<!-- <message name="getStaffRoleList"/> -->
				<message name="getStaffRoleListLimitByStaffRole">
					<argument name="decider_flag" value="Edit" />
				</message>
				<!-- MS-213 : Stops -->
			</broadcasts> 
			<results>		
				<result name="NotLoggedIn" do="user.login" redirect="true" />
				<result name="NotAuthorized" do="user.notauthorized" redirect="true" />	
			</results>
			<views>
				<include name="body" template="staff/staffcontactinformationform.cfm" />
			</views>
		</event-handler>	

		<event-handler name="user.updateStaffFieldPosition">
			<broadcasts>
				<message name="checkLogin">
					<argument name="role" value="manager,submanager" />
			 		<argument name="section" value="712" />
				</message>
				<message name="getUser" />   
				<message name="UpdateStaffFieldPosition" />				
			</broadcasts> 
			<results>
				<result name="NotLoggedIn" do="user.login" redirect="true" />
				<result name="NotAuthorized" do="user.notauthorized" redirect="true" />				
			</results>
		</event-handler>

		<event-handler name="user.staffFieldRename">
			<broadcasts>
				<message name="checkLogin">
					<argument name="role" value="manager,submanager" />
			 		<argument name="section" value="713" />
				</message>
				<message name="getUser" />
				<!--<message name="getUserSections" />-->
				
			</broadcasts> 
			<results>		
				<result name="NotLoggedIn" do="user.login" redirect="true" />
				<result name="NotAuthorized" do="user.notauthorized" redirect="true" />	
			</results>
			<views>
				<include name="body" template="staff/crm/staffRenamefield.cfm" />
			</views>
		</event-handler>

		<event-handler name="user.updateStaffDragFieldPosition">
			<broadcasts>
				<message name="checkLogin">
					<argument name="role" value="manager,submanager" />
			 		<argument name="section" value="713" />
				</message>
				<message name="getUser" />   
				<message name="UpdateStaffFieldPositionAndName" />				
			</broadcasts> 
			<results>
				<result name="NotLoggedIn" do="user.login" redirect="true" />
				<result name="NotAuthorized" do="user.notauthorized" redirect="true" />	
			</results>
		</event-handler>

		<event-handler name="user.updateStaffSubPanelPosition">
			<broadcasts>
				<message name="checkLogin">
					<argument name="role" value="manager,submanager" />
			 		<argument name="section" value="714" />
				</message>
				<message name="getUser" />   
				<message name="UpdateStaffSubPanelPosition" />				
			</broadcasts> 
			<results>
				<result name="NotLoggedIn" do="user.login" redirect="true" />
				<result name="NotAuthorized" do="user.notauthorized" redirect="true" />				
			</results>
		</event-handler>

		<event-handler name="user.editStaffFieldValue">
			<broadcasts>
				<message name="checkLogin">
					<argument name="role" value="manager,submanager" />				
				</message>
				<message name="getUser" />
				<message name="getProgramStaffFieldsById" />
				<message name="getUSstateterritories" />
				<message name="getStaffQualitativeOptions" />
				<message name="getStaffFieldFileAttachment" />
				<message name="getUserCredentials" />
			</broadcasts> 
			<results>		
				<result name="NotLoggedIn" do="user.login" redirect="true" />
				<result name="NotAuthorized" do="user.notauthorized" redirect="true" />	
			</results>
			<views>
				<include name="body" template="staff/editStaffFieldValue.cfm" />
			</views>
		</event-handler>
		
		<event-handler name="user.updateStaffquickaccess">
			<broadcasts>
				<message name="checkLogin">
					<argument name="role" value="submanager" />
				</message>			
				<message name="getstaffPanelDetails" />
				<message name="getstaffFieldDetails" /> 			
				<message name="getstaffSignedFilesdetails" />	
				<message name="getStaffQuickAccessFieldDetails" />
			</broadcasts> 
			<results>
				<result name="NotLoggedIn" do="user.login" redirect="true" />
				<result name="NotAuthorized" do="user.notauthorized" redirect="true" />			
			</results>
			<views>
				<include name="body" template="user/profile/quickaccessfields.cfm" />
			</views>
		</event-handler>
		<event-handler name="user.showStaffProfilephoto">
			<broadcasts>
				<message name="checkLogin">
					<argument name="role" value="administrator,manager" />
				</message>
			</broadcasts> 
			<results>		
				<result name="NotLoggedIn" do="user.login" redirect="true" />
				<result name="NotAuthorized" do="user.notauthorized" redirect="true" />	
			</results>
			<views>
				<include name="body" template="staff/profile/staffprofilephoto.cfm" />
			</views>
		</event-handler>
		<event-handler name="user.displayStafffile">
			<broadcasts>
				<message name="checkLogin">
					<argument name="role" value="administrator,manager,submanager" />
				</message>
				<message name="getUser" />	
				<message name="DecryptStaffFile" />
			</broadcasts> 

			<results>		
				<result name="NotLoggedIn" do="user.login" redirect="true" />
				<result name="NotAuthorized" do="user.notauthorized" redirect="true" />	
			</results>
			<views>
				<include name="body" template="staff/displayStaffFile.cfm" />
			</views>
		</event-handler>

		<event-handler name="user.ajaxQuickAccessInfo">
			<broadcasts>
				<message name="checkLogin">
					<argument name="role" value="manager,submanager" />
				</message>	
				
				<message name="checkSucessStory" />				
				<message name="getUser" />
				<message name="getstaffPanelDetails" />
			   	<message name="getstaffFieldDetails" /> 
				<message name="getStaffSignedFilesdetails" />
				<message name="getStaffQuickAccessFieldDetails" />
			</broadcasts> 
			<results>
			<result name="NotLoggedIn" do="user.login" redirect="true" />
			<result name="NotAuthorized" do="user.notauthorized" redirect="true" />    
			</results>
			<views>
				<include name="body" template="staff/ajaxStaffQuickAccess.cfm" >
				</include>
			</views>
		</event-handler>

		<event-handler name="user.getstaffDateId">
			<broadcasts>
				<message name="checkLogin">
				<argument name="role" value="administrator,manager" />
				</message>
				<message name="getUser" /> 
				<message name="getstaffDateId" />  
			</broadcasts> 
			<results>  
				<result name="NotLoggedIn" do="user.login" redirect="true" />
				<result name="NotAuthorized" do="user.notauthorized" redirect="true" /> 
			</results>
			<views>
				<include name="body" template="staff/editstaff.cfm" />
			</views>
		</event-handler>

		<!-- END :: Hari -->

		<!--SC:MS-147:Start-->
		<event-handler name="staff.rosterdatabycustomfield">
			<broadcasts>
				<message name="getStaffPanelsForCustomFields"/>
				<message name="getStaffUSstateterritories"/>
			</broadcasts> 
			<views>
				<include name="body" template="staff/rosterdatabycustomfield.cfm" />
			</views>
		</event-handler>

		<event-handler name="staff.exportstaff">
		<broadcasts>
			<message name="checkLogin">
			<argument name="role" value="manager,submanager" />
					<argument name="section" value="421,422,423" />
			</message>
			<message name="getcohortAccess"/>
			<message name="getFieldsForStaffExport" />
			<message name="getStaffExportSavedReport" />
			<message name="getStaffFieldOperators" />
		</broadcasts>
		<results>
			<result name="NotLoggedIn" do="user.login" redirect="true" />
			<result name="NotAuthorized" do="user.notauthorized" redirect="true" />
			<result name="SelectRosterFilter" do="user.exportstaffroleroster" redirect="true" />
        		<result do="view.templateThird" />
		</results>
		<views>
			<include name="body" template="staff/crm/export/exportstaff.cfm" />
		</views>
		</event-handler>
		
		<event-handler name="staff.cancelexportwindow">
			<views>
				<include name="body" template="staff/crm/export/cancelexportpopup.cfm" />
			</views>
		</event-handler>

		<event-handler name="staff.editStaffContactInfo">
			<broadcasts>
				<message name="checkLogin">
					<argument name="role" value="manager,submanager" />
					<argument name="section" value="421,422,423,711" />
				</message>
				<message name="getUser" />
				<!-- MS-213 : Start -->
				<!-- <message name="getStaffRoleList"/> -->
				<message name="getStaffRoleListLimitByStaffRole">
					<argument name="decider_flag" value="Edit" />
				</message>
				<!-- MS-213 : Stops -->
			</broadcasts> 
			<results>		
				<result name="NotLoggedIn" do="user.login" redirect="true" />
				<result name="NotAuthorized" do="user.notauthorized" redirect="true" />	
			</results>
			<views>
				<include name="body" template="staff/crm/export/editStaffContactInfoForm.cfm" />
			</views>
		</event-handler>

		<event-handler name="staff.editStaffPanelsInfo">
			<broadcasts>
				<message name="checkLogin">
					<argument name="role" value="manager,submanager" />
					<argument name="section" value="421,422,423,711" />
				</message>
				<message name="getUser" />
				<message name="getUSstateterritories" />
				<message name="getStaffExportFieldsById" /> 
				<message name="getStaffExportQualitativeOptions" />
				<message name="getStaffExportFieldFileAttachment" />
			</broadcasts> 

			<results>		
				<result name="NotLoggedIn" do="user.login" redirect="true" />
				<result name="NotAuthorized" do="user.notauthorized" redirect="true" />	
			</results>
			<views>
				<include name="body" template="staff/crm/export/editStaffPanelsInfoForm.cfm" />
			</views>
		</event-handler>

		<event-handler name="staff.editStaffSiteAssignment">
			<broadcasts>
				<message name="checkLogin">
					<argument name="role" value="manager,submanager" />
					<argument name="section" value="421,422,423,711" />
				</message>
				<message name="getUser" />
				<message name="getUserSections" />
				<message name="getSitesForStaff"/>
			</broadcasts> 
			<results>		
				<result name="NotLoggedIn" do="user.login" redirect="true" />
				<result name="NotAuthorized" do="user.notauthorized" redirect="true" />	
			</results>
			<views>
				<include name="body" template="staff/crm/export/editStaffSiteAssignmentForm.cfm" />
			</views>
		</event-handler>

		<event-handler name="staff.editContactInfoProcess">
			<broadcasts>
				<message name="checkLogin">
					<argument name="role" value="manager,submanager" />
					<argument name="section" value="421,422,423,711" />
				</message>
				<message name="getUser" />
				<message name="editStaffNameAndContactInfo" />
			</broadcasts> 
			<results>
				<result name="NotLoggedIn" do="user.login" redirect="true" />
				<result name="NotAuthorized" do="user.notauthorized" redirect="true" />	
			</results>
		</event-handler>

		<event-handler name="staff.staffSiteAssignmentProcess">
			<broadcasts>
				<message name="checkLogin">
					<argument name="role" value="manager,submanager" />
					<argument name="section" value="421,422,423,711" />
				</message>
				<message name="getUser" />
				<message name="processStaffSiteAssignment" />
			</broadcasts> 
			<results>
				<result name="NotLoggedIn" do="user.login" redirect="true" />
				<result name="NotAuthorized" do="user.notauthorized" redirect="true" />	
			</results>
		</event-handler>
		

		<event-handler name="staff.editStaffPanelInfoProcess">
			<broadcasts>
				<message name="checkLogin">
					<argument name="role" value="manager,submanager" />
					<argument name="section" value="421,422,423,711" />      				
				</message>
				<message name="getUser" />	
				<message name="uploadStaffExportFiles" /> 
				<message name="editSaveStaffExportFieldValue" />	
			</broadcasts> 
			<results>		
				<result name="NotLoggedIn" do="user.login" redirect="true" />
				<result name="NotAuthorized" do="user.notauthorized" redirect="true" />					
			</results>			
		</event-handler>
		<!--SC:MS-147:Stops-->

		<!-- start(snehlata) :: staff management-->
			
		<event-handler name="user.clonestaffpanel">
			<broadcasts>
				<message name="createclonestaffPanel" />
			</broadcasts>   
		</event-handler>
			
		<event-handler name="user.clonestaffSubpanel">
			<broadcasts>
				<message name="createclonestaffSubpanel" />
			</broadcasts>   
		</event-handler>

			<!-- End(snehlata) :: staff management-->
			
		<!-- Start: Staff Export -->
		<event-handler name="staff.staffExportFieldValues">
			<broadcasts>
				<message name="getUser" />				
				<message name="getStaffExportFieldValues" />											
			</broadcasts>
			<results>
				<result name="NotLoggedIn" do="user.login" redirect="true" />
				<result name="NotAuthorized" do="user.notauthorized" redirect="true" />				
			</results>			
		</event-handler>
		
		<event-handler name="staff.getStaffExportSelectedFieldValue">		
			<broadcasts>
				<message name="getStaffExportSelectedFieldValue"/>
			</broadcasts>		
		</event-handler>
		
		<event-handler name="staff.showeditfieldvaluepopup">
			<broadcasts>
				<message name="checkLogin">
					<argument name="role" value="manager,submanager" />
				</message>
				<message name="getFieldValueToEdit" />
			</broadcasts>
			<results>
				<result name="NotLoggedIn" do="user.login" redirect="true" />
				<result name="NotAuthorized" do="user.notauthorized" redirect="true" />				
			</results>
			<views>
				<include name="body" template="staff/crm/export/editstafffieldvaluepopup.cfm" />
			</views>
		</event-handler>		
		
		<event-handler name="staff.filterFieldValuepopup">
			<broadcasts>
				<message name="checkLogin">	
					 	<argument name="role" value="manager,submanager" />
				</message>		
				<message name="getUser" />						
				<message name="getFilterFieldValueOptions" />				
			</broadcasts> 
			<results>		
				<result name="NotLoggedIn" do="user.login" redirect="true" />
				<result name="NotAuthorized" do="user.notauthorized" redirect="true" />	
			</results>
			<views>
				<include name="body" template="staff/crm/export/filterfieldvaluepopup.cfm" />
			</views>
		</event-handler>
		
		<event-handler name="staff.saveExportReportDetails">
			<broadcasts>			
				<message name="getUser" />	
				<message name="saveExportReportDetails" />
			</broadcasts>		
		</event-handler>
		
		<event-handler name="staff.reportAction">
			<broadcasts>
				<message name="checkLogin">
					<argument name="role" value="manager,submanager" />			
				</message>
				<message name="getUser"/>
			</broadcasts>
			<results>
				<result name="NotLoggedIn" do="user.login" redirect="true" />
				<result name="NotAuthorized" do="user.notauthorized" redirect="true" />			
			</results>
			<views>
				<include name="body" template="staff/crm/export/reportactionpopup.cfm" />
			</views>
		</event-handler>
		
		<event-handler name="staff.reportActionProcess">
			<broadcasts>
				<message name="checkLogin">
					<argument name="role" value="manager,submanager" />			
				</message>
				<message name="getUser"/>
				<message name="reportActionProcess"/>
			</broadcasts>
			<results>
				<result name="NotLoggedIn" do="user.login" redirect="true" />
				<result name="NotAuthorized" do="user.notauthorized" redirect="true" />			
			</results>			
		</event-handler>
		
		<event-handler name="staff.reportSaveOverWritewindow">
			<broadcasts>
				<message name="checkLogin">
					<argument name="role" value="manager,submanager" />
				</message>
				<message name="getUser"/>
			</broadcasts> 
			<results>
				<result name="NotLoggedIn" do="user.login" redirect="true" />
				<result name="NotAuthorized" do="user.notauthorized" redirect="true" />		
			</results>
			<views>
				<include name="body" template="staff/crm/export/reportsaveoverwritepopup.cfm" />
			</views>
		</event-handler>
		
		<event-handler name="staff.getStaffReportDetails">
			<broadcasts>				
				<message name="getUser" />
				<message name="getStaffReportAllDetails" />
			</broadcasts>			
		</event-handler>	
		
		<event-handler name="staff.loadstaffsavedreports">
			<broadcasts>				
				<message name="getUser" />
				<message name="getStaffExportSavedReportDetails" />
			</broadcasts>			
		</event-handler>
		
		<event-handler name="staff.downloadfile">			
			<broadcasts>
				<message name="setStaffFileDownloadParametersToSession" />
			</broadcasts>			
			<views>				
				<include name="body" template="staff/moveurl.cfm" />
			</views>
		</event-handler>
		
		<event-handler name="staff.downloadstafffile">			
			<views>
				<include name="body" template="staff/downloadfile.cfm" />
			</views>
		</event-handler>
		
		<event-handler name="staff.downloadfilezip">			
			<broadcasts>
				<message name="setStaffFileDownloadParametersToSession" />
			</broadcasts>			
			<views>
				<include name="body" template="staff/moveurl.cfm" />
			</views>
		</event-handler>				
		
		<event-handler name="staff.downloadstafffilezip">			
			<views>
				<include name="body" template="staff/downloadfilezip.cfm" />
			</views>
		</event-handler>
		
		<event-handler name="staff.downloadsignedfile">		
			<broadcasts>
				<message name="setSignedDocumentDownloadParametersToSession" />
			</broadcasts>		
			<views>				
				<include name="body" template="staff/moveurlsignedfile.cfm" />
			</views>
		</event-handler>
		
		<event-handler name="staff.downloaddocumentsigningfile">			
			<views>
				<include name="body" template="staff/downloadsignedfile.cfm" />
			</views>
		</event-handler>
		
		<event-handler name="staff.downloadsignedfilezip">
			
			<broadcasts>
				<message name="setSignedDocumentDownloadParametersToSession" />
			</broadcasts>		
			<views>
				<include name="body" template="staff/moveurlsignedfile.cfm" />
			</views>
		</event-handler>
		
		<event-handler name="staff.downloaddocumentsigningfilezip">			
			<views>
				<include name="body" template="staff/downloadsignedfilezip.cfm" />
			</views>
		</event-handler>
				
		<!-- End: Staff Export -->
		
		<!--Start:Atul:SignNOw-->
		<event-handler name="user.staffUploadTemplateforSigndoc">
			<broadcasts/>
			<results/>
			<views>
				<include name="body" template="staff/crm/signNow/signNowlogin.cfm" />
			</views>
		</event-handler>
		<!--<event-handler name="user.staffAuthenticateSignNow">
			<broadcasts>
				<message name="checkLogin">
					<argument name="role" value="manager,submanager" />
				</message>	
				<message name="authenticateSigNowCreds"/>
			</broadcasts>
			<results>
				<result name="NotLoggedIn" do="user.login" redirect="true" />				
			</results>		
		</event-handler>--><!--trigger from usercontroller-->
		<event-handler name="user.staffStep2SignNow">
			<broadcasts>
				<message name="checkLogin">
					<argument name="role" value="manager,submanager" />
				</message>	
				<message name="getSignNowUserInfo"/>
			</broadcasts>
			<results>
				<result name="NotLoggedIn" do="user.login" redirect="true" />				
			</results>
			<views>
				<include name="body" template="staff/crm/signNow/showSignnowStep.cfm" />
			</views>
		</event-handler>
		<event-handler name="user.staffUploadSignTemplate">
			<broadcasts/>
			<results/>
			<views>
				<include name="body" template="staff/crm/signNow/uploadSignTemplate.cfm" />
			</views>
		</event-handler>
		<event-handler name="user.staffUploadUserTemplatetoSignNow">
		<broadcasts>
			<message name="checkLogin">
				<argument name="role" value="manager,submanager" />
			</message>	
			<message name="removeUntrackedStaffAssigned"/> <!-- MV-1323 -->
			<message name="uploadStaffTemplatetoSignNow"/>
			</broadcasts>
			<results>
				<result name="NotLoggedIn" do="user.login" redirect="true" />	
				<result name="NotAuthorized" do="user.notauthorized" redirect="true" />				
			</results>
			<views/>	
		</event-handler>	
		
		<event-handler name="user.staffViewUploadUserTemplatetoSignNow">
			<broadcasts>
				<message name="checkLogin">
					<argument name="role" value="manager,submanager" />
				</message>	
				<message name="viewUploadStaffTemplatetoSignNow"/>
			</broadcasts>
			<results>
				<result name="NotLoggedIn" do="user.login" redirect="true" />				
			</results>
			<views>
				<include name="body" template="staff/crm/signNow/editSignTemplate.cfm" />
			</views>			
		</event-handler>
		<!-- Event to get Call Back Details -->
		<event-handler name="user.getSignNowStaffDocumentUpdateAlerts">
			<broadcasts>
				<message name="documentUpdateCallbackfromStaffSignNow"/>
			</broadcasts>
			<results/>
			<views>				
				<include name="body" template="staff/crm/signNow/signNowWaitNotification.cfm" />
			</views>
		</event-handler>
	
		<event-handler name="user.getSignNowStaffDocumentCompleteAlerts">
			<broadcasts>
				<message name="documentCompleteCallbackfromStaffSignNow"/>
			</broadcasts>
			<results/>
			<views>				
				<include name="body" template="staff/crm/signNow/signNowWaitNotification.cfm" />
			</views>
		</event-handler>
	
		<event-handler name="user.getSignNowStaffDocumentDeclineSignAlerts">
			<broadcasts>
				<message name="documentDeclineSignCallbackfromStaffSignNow"/>
			</broadcasts>
			<results/>
			<views>				
				<include name="body" template="staff/crm/signNow/signNowWaitNotification.cfm" />
			</views>
		</event-handler>
		
		<event-handler name="user.signNowStaffTemplateSavedWithoutFields">
			<broadcasts>
				<message name="signNowTemplateSavedWithoutStaffFields"/>
			</broadcasts>
			<results/>
			<views>				
				<include name="body" template="staff/crm/signNow/signNowWaitNotification.cfm" />
			</views>
		</event-handler>		
		<event-handler name="user.getStaffSignNowDocumentStatus">
			<broadcasts>
				<message name="getUploadedDocStatusfromStaffSignNow"/>
			</broadcasts>
			<results/>
			<views/>
		</event-handler>
		<event-handler name="user.deleteStaffSignNowDocument">
			<broadcasts>
				<message name="checkLogin">
					<argument name="role" value="manager,submanager" />
				</message>	
				<message name="deleteStaffSignNowDocumentByid"/>
			</broadcasts>	
			<results>
				<result name="NotLoggedIn" do="user.login" redirect="true" />				
			</results>			
			<views />			
		</event-handler>
		<event-handler name="user.getStaffListForUniqueSignNow">
			<broadcasts>
				<message name="checkLogin">
					<argument name="role" value="manager,submanager" />
				</message>	
				<message name="getStaffListForUniqueSignNow" />
			</broadcasts> 
			<results>
				<result name="NotLoggedIn" do="user.login" redirect="true" />	
				<result name="NotAuthorized" do="user.notauthorized" redirect="true" />				
			</results>
			<views>
				<include name="body" template="staff/crm/signNow/signNowUploadDocumentStaffList.cfm" />
			</views>
		</event-handler>
		<event-handler name="user.SignNowStaffTemplateNameValidation">
			<broadcasts>
				<message name="SignNowStaffTemplateNameValidation"/>
			</broadcasts>
			<results/>
			<views/>
		</event-handler>
		<event-handler name="user.getStaffListForEditUniqueSignNowField">
			<broadcasts>
				<message name="getStaffListForEditUniqueSignNow" />
			</broadcasts> 
			<views>
				<include name="body" template="staff/crm/signNow/editSignNowUniqueDocumentStaffList.cfm" />
			</views>
		</event-handler>
		<event-handler name="user.getUnassignedStaffListForUniqueSignNow">
			<broadcasts>
				<message name="getUnassignedStaffListForUniqueSignNow" />
			</broadcasts> 
			<views>				
			</views>
		</event-handler>	
		<event-handler name="user.generateandsignStaffUploadedDocumnent">
			<broadcasts>
				<message name="checkLogin" />					
				<message name="createStaffSignNowDocumentForAll"/>
			</broadcasts>	
			<results>
				<result name="NotLoggedIn" do="user.login" redirect="true" />				
			</results>	
			<views/>				
		</event-handler>
		<event-handler name="user.openStaffSignNowDocSigning">
			<broadcasts>
				<message name="checkLogin">
					<argument name="role" value="manager,submanager" />
				</message>	
				<message name="openStaffSignNowDocSigning"/>
			</broadcasts>	
			<results>
				<result name="NotLoggedIn" do="user.login" redirect="true" />			
			</results>	
			<views>
				<include name="body" template="staff/crm/signNow/signSignNowDocument.cfm" />
			</views>			
		</event-handler>
		<event-handler name="user.staffSignNowDocumnetSignSaved">
			<broadcasts>
				<message name="staffSignNowDocumnetSignSaved"/>
			</broadcasts>
			<results/>
			<views>				
				<include name="body" template="staff/crm/signNow/signNowWaitNotification.cfm" />
			</views>
		</event-handler>
		<event-handler name="user.getStaffSignNowDocSignedStatus">
			<broadcasts>
				<message name="getStaffDocSignedStatusfromSignNow"/>
			</broadcasts>
			<results/>
			<views/>
		</event-handler>
		<event-handler name="user.downloadStaffSignedDocument">
			<broadcasts>
				<message name="checkLogin" />				
				<message name="getUser" />	
				<message name="decryptStaffSignedDocument" />
			</broadcasts> 
			<results>
				<result name="NotLoggedIn" do="user.login" redirect="true" />
				<result name="NotAuthorized" do="user.notauthorized" redirect="true" />	
			</results>
			<views>
				<include name="body" template="staff/crm/signNow/displaySignedDocument.cfm" />
			</views>
		</event-handler>
		<event-handler name="user.checkStaffSignNowAccess">		
			<broadcasts>
				<message name="checkStaffSignNowAccessToken"/>
			</broadcasts>		
		</event-handler>
		<event-handler name="user.deleteStaffSignNowSignedDocument">		
			<broadcasts>
				<message name="getSignNowUserInfo"/>
			</broadcasts>
			<views>
				<include name="body" template="staff/crm/signNow/deleteSignedDocConfirmation.cfm" />
			</views>
		</event-handler>
		<event-handler name="user.deleteStaffSignedSignNowDocument">		
			<broadcasts>
				<message name="deleteStaffSignedSignNowDocument"/>
			</broadcasts>		
		</event-handler>
		<event-handler name="user.getStaffSignNowSignStatus">
			<broadcasts/>		
			<results/>
			<views>				
				<include name="body" template="staff/crm/signNow/signNowDocumentNotSigned.cfm" />
			</views>
		</event-handler>
		<event-handler name="user.staffresourceupload">	
			<broadcasts>
				<message name="checkLogin">
					<argument name="role" value="manager,suadmin,administrator,volunteer" />
				</message>
					
			</broadcasts>		
			<views>
				<include name="body" template="staff/resourceupload.cfm" />
			</views>
		</event-handler>
		<event-handler name="user.uploadStaffSignedDoctoSignNow">
			<broadcasts>
				<message name="checkLogin">
					<argument name="role" value="manager,submanager" />
				</message>	
				<message name="uploadStaffScannedDocumentToSignNow"/>
			</broadcasts>
			<results>
				<result name="NotLoggedIn" do="user.login" redirect="true" />				
			</results>
			<views/>	
		</event-handler>
		<event-handler name="user.checkStaffAlreadyAssigned">
			<broadcasts>
				<message name="removeUntrackedStaffAssigned" /> <!-- MV-1323 -->
				<message name="checkStaffAlreadyAssigned" />
			</broadcasts> 
			<views>				
			</views>
		</event-handler>
		<event-handler name="user.resetStaffSignNowPassword">
			<broadcasts>
				<message name="checkLogin">
					<argument name="role" value="manager,submanager" />
				</message>			
			</broadcasts>
			<results>
				<result name="NotLoggedIn" do="user.login" redirect="true" />				
			</results>
			<views>
				<include name="body" template="staff/crm/signNow/signNowResetPassword.cfm" />
			</views>
		</event-handler>
		<event-handler name="user.backtoStaffLogin">
			<broadcasts/>
			<results/>
			<views>
				<include name="body" template="staff/crm/signNow/signNowlogin.cfm" />
			</views>
		</event-handler>
		<event-handler name="user.resetStaffSignNowPasswordLink">
			<broadcasts>
				<message name="checkLogin">
					<argument name="role" value="manager,submanager" />
				</message>	
				<message name="resetStaffSignNowPasswordLink"/>		
			</broadcasts>
			<results/>
		</event-handler>
		<!--End:Atul:SignNOw-->

		<!--start:1422-lp-->
		<event-handler name="user.editStaffSignNowTemplate">
			<broadcasts>
				<message name="getEditStaffSignNowTemplateDetails" />
			</broadcasts>
			<results/>
			<views>
				<include name="body" template="staff/crm/signNow/editCurrentSignNowTemplate.cfm" />
			</views>
		</event-handler>

		<event-handler name="user.getStaffEditedTemplateDetails">
			<broadcasts>
				<message name="getStaffEditedTemplateDetails" />
			</broadcasts>		
		</event-handler>
		<!--end:1422-lp-->
		
		<!-- MS-343 :: Start-->
		<event-handler name="user.updateStaffFieldSettings">
			<broadcasts>
				<message name="checkLogin">
					<argument name="role" value="manager,submanager" />
				</message>
				<message name="updateStaffFieldSettings" />
			</broadcasts> 
			<results>
				<result name="NotLoggedIn" do="user.login" redirect="true" />		
			</results>		
		</event-handler>
		<!-- MS-343 :: END -->
		<!--Start:MS-384-->
		<event-handler name="user.getUpdatedStaffRoleName">
			<broadcasts>
				<message name="checkLogin">
					<argument name="role" value="manager,submanager" />      				
				</message>								
				<message name="getUpdatedStaffRoleName" />
			</broadcasts> 
			<results>
				<result name="NotLoggedIn" do="user.login" redirect="true" />
				<result name="NotAuthorized" do="user.notauthorized" redirect="true" />					
			</results>
			<views />
		</event-handler>	
		<!--End:MS-384-->
		<!--Start:MS-365-->
		<event-handler name="user.dailyHourlySummaryEmailIntervalNotification">
			<broadcasts>
				<message name="dailyHourlySummaryEmailIntervalNotification" />
			</broadcasts> 
			<results />				
			<views />
		</event-handler>
		<event-handler name="user.dailyStaffSummaryEmailNotificationDigest">
			<broadcasts>
				<message name="dailyStaffSummaryEmailNotificationDigest" />
			</broadcasts> 
			<results />				
			<views />
		</event-handler>
		<!--End:MS-365-->
		<!-- Start:ADMINFUNCT-303 -->
		<event-handler name="user.bulkcontactsSchedulerForChurnZero">
			<broadcasts>
				<message name="getProgramContactsForChurnZero"/>
			</broadcasts> 	
		</event-handler>
		<event-handler name="user.dailyUpdatedcontactsSchedulerForChurnZero">
			<broadcasts>
				<message name="getDailyUpdatedProgramContactsForChurnZero"/>
			</broadcasts> 	
		</event-handler>
		<!-- End:ADMINFUNCT-303 -->

		<!--Update Current Age Field Scheduler For Staff : Start-->
		<event-handler name="staff.UpdateCurrentAgeStaffFieldValueDaily">
			<broadcasts>				
				<message name="UpdateCurrentAgeStaffFieldValueDaily"></message>
			</broadcasts>
		</event-handler>
		<!--Update Current Age Field Scheduler For Staff : Stops-->

	</event-handlers>	
		
</modelglue>
