<modelglue>

	<controllers>
		<controller name="strategycontroller" type="mvcamericalearns.controller.strategycontroller">
			<!-- Sites-21 Start-->
			<!-- Start : Moved to site.xml -->
			<!-- <message-listener message="getUsersBasedonSitesAssignments" function="getUsersBasedonSitesAssignments" /> -->
			<!-- <message-listener message="getStaffRoleListForSitesAssignments" function="getStaffRoleListForSitesAssignments" /> -->
			<!-- Stops : Moved to site.xml -->
			<message-listener message="getstaffassignedtorole" function="getstaffassignedtorole" />
			<!-- Start : Moved to site.xml -->
			<!-- <message-listener message="getStaff" function="getStaff" /> -->
			<!-- <message-listener message="updateSiteAssignments" function="updateSiteAssignments" /> -->
			<!-- Stops : Moved to site.xml -->
			<!-- Sites-21 Finish-->
			<message-listener message="onQueueComplete" function="onQueueComplete" />
			<message-listener message="allStrategiesAction" function="allStrategiesAction" />
			<message-listener message="getClients" function="getClients" />
			<message-listener message="getChallenges" function="getChallenges" />
			<message-listener message="getChallengeDetail" function="getChallengeDetail" />
			<message-listener message="getChallengeID" function="getChallengeID" />
			<message-listener message="getGradeLevels" function="getGradeLevels" />
			<message-listener message="getHeadings" function="getHeadings" />
			<message-listener message="getLatestStrategyForProgram" function="getLatestStrategyForProgram" />			
			<message-listener message="getReadingLevel" function="getReadingLevel" />
			<message-listener message="getReadingComp" function="getReadingComp" />
			<message-listener message="getStrategies" function="getStrategies" />
			<message-listener message="getStrategyDetail" function="getStrategyDetail" />
			<message-listener message="getResourceDetail" function="getResourceDetail" />
			<message-listener message="getTopics" function="getTopics" />
			<message-listener message="getTopicsByProgram" function="getTopicsByProgram" />	
			<message-listener message="getTotalStrategyCountForProgram" function="getTotalStrategyCountForProgram" />
			<message-listener message="getStrategyHT" function="getStrategyHT" />
			<message-listener message="getStrategySites" function="getStrategySites" />					
			<message-listener message="getSites" function="getSites" />
			<message-listener message="getSitesForUser" function="getSitesForUser" />	
			<message-listener message="getSitesForUserID" function="getSitesForUserID" />	
			<message-listener message="getSuccessStory" function="getSuccessStory" />
			<message-listener message="getSurveys" function="getSurveys" />
			<message-listener message="getTier" function="getTier" />
			<message-listener message="getArrangements" function="getArrangements" />
			<message-listener message="hideGoalAndChallenges" function="hideGoalAndChallenges" />
			<message-listener message="manageStrategies" function="manageStrategies" />
			<message-listener message="modifyStrategyAction" function="modifyStrategyAction" />
			<!-- Start : Moved to site.xml -->
			<!-- <message-listener message="processManageSites" function="processManageSites" /> -->
			<!-- <message-listener message="getSiteListingSection" function="getSiteListingSection" /> -->
			<!-- <message-listener message="getRelatedSiteValues" function="getRelatedSiteValues" /> -->
			<!-- <message-listener message="getAssociateData" function="getAssociateData" /> -->
			<!-- Stops : Moved to site.xml -->
			<message-listener message="getSiteAfterValidate" function="getSiteAfterValidate" />
			<message-listener message="getRemoveMultipleSite" function="getRemoveMultipleSite" />
			<!--<message-listener message="processEditSites" function="processEditSites" />Sitemanage-195-->
			<message-listener message="removeSite" function="removeSite" />
			<message-listener message="restoreSite" function="restoreSite" />						
			<message-listener message="selectedStrategies" function="selectedStrategies" />
			<message-listener message="showHideChallengeAction" function="showHideChallengeAction" />
			<message-listener message="submitStrategyAction" function="submitStrategyAction" />
			<message-listener message="manageNewSpecialStrategies" function="manageNewSpecialStrategies" />
			<message-listener message="manageInterPersonalStrategies" function="manageInterPersonalStrategies" />
			<message-listener message="getTierTwoTopics" function="getTierTwoTopics" />
			<message-listener message="checkSiteNameExist" function="checkSiteNameExist" />			
			<message-listener message="manageMathStrategies" function="manageMathStrategies" />
			<message-listener message="manageMathLocalStrategies" function="manageMathLocalStrategies" />
			<message-listener message="getGradeLevelsEdit" function="getGradeLevelsEdit" />
			<message-listener message="getArrangementsEdit" function="getArrangementsEdit" />
			<message-listener message="getStrategyHTEdit" function="getStrategyHTEdit" />
			<message-listener message="getsearchsuggestionsAjax" function="getsearchsuggestionsAjax" />
			<message-listener message="topicSelectorAjax" function="topicSelectorAjax" />
			<message-listener message="validateSite" function="validateSite" />
			<!-- SL:71 Begin Code -->
			<message-listener message="siteAssignAnySurvey" function="siteAssignAnySurvey" />
			<message-listener message="activeSurveyForSites" function="activeSurveyForSites" />
			<!-- SL:71 End Code -->
			<message-listener message="getUnreviewedStrategies" function="getUnreviewedStrategies" /><!-- Adminfunct-94-->
			<!-- START : SiteManage - 1 -->
			<message-listener message="getStaffListForCohort" function="getStaffListForCohort" />
			<message-listener message="getSiteListForCohort" function="getSiteListForCohort" />
			<message-listener message="getCohortDetails" function="getCohortDetails" />
			<message-listener message="saveCohort" function="saveCohort" />
			<message-listener message="getCohortListingSection" function="getCohortListingSection" />
			<message-listener message="updateCohortSettings" function="updateCohortSettings" />
			<message-listener message="getCohortForUserID" function="getCohortForUserID" />
			<message-listener message="getcohortAccess" function="getcohortAccess" />
			<message-listener message="getcohortDataList" function="getcohortDataList" />
			<message-listener message="updateCohortAssociation" function="updateCohortAssociation" />
			<message-listener message="removeCohortFunctionality" function="removeCohortFunctionality" />
			<!-- END : SiteManage-1 -->
			
			<message-listener message="sumanageStrategies" function="sumanageStrategies" />
			<message-listener message="getStrategyHTSU" function="getStrategyHTSU" />
			<message-listener message="getSuccessStorySU" function="getSuccessStorySU" />
		</controller>
	</controllers>

	<event-handlers>
	
		<event-handler name="strategy.allstrategies">
			<broadcasts>
				<message name="checkLogin">
					<argument name="role" value="volunteer" />
				</message>	
				<message name="getSurveys"></message>
				<message name="getTopicsByProgram"></message>
			</broadcasts>
			<results>
				<result name="NotLoggedIn" do="user.login" redirect="true" />
				<result name="NotAuthorized" do="user.notauthorized" redirect="true" />
				<result name="MovetoProfile" do="user.viewandupdateprofile" redirect="true" />
				<!-- <result do="view.template" /> -->
				<result do="view.templateResponsive" /> <!-- VS-31 -->

			</results>
			<views>
				<include name="body" template="strategy/allstrategies.cfm" />
			</views>
		</event-handler>	
		
		<event-handler name="strategy.allstrategiesaction">
			<broadcasts>
				<message name="allStrategiesAction"></message>
			</broadcasts>
			<results>
				<result name="Bad"  do="strategy.viewallstrategies" redirect="true" />
				<result name="Good" do="strategy.viewallstrategies" redirect="true" />
			</results>			
		</event-handler>
	
		<event-handler name="strategy.browsegoalsandchallenges">
			<broadcasts>
				<message name="checkLogin">
					<argument name="role" value="suadmin,manager,volunteer" />
				</message>	
				<message name="getTopicsByProgram"></message>
			</broadcasts>
			<results>
				<result name="NotLoggedIn" do="user.login" redirect="true" />
				<result name="NotAuthorized" do="user.notauthorized" redirect="true" />
				<!-- <result do="view.template" /> -->
				<result do="view.templateResponsive" />
			</results>
			<views>
				<include name="body" template="strategy/browsechallenges.cfm" />
			</views>
		</event-handler>
		
		<event-handler name="strategy.browsestrategies">
			<broadcasts>
				<message name="checkLogin">
					<argument name="role" value="suadmin,manager,volunteer,umbrella" />
				</message>	
				<message name="getArrangements"></message>
				<message name="getGradeLevels"></message>
				<message name="getStrategyHT"></message>
			</broadcasts>
			<results>
				<result name="NotLoggedIn" do="user.login" redirect="true" />
				<result name="NotAuthorized" do="user.notauthorized" redirect="true" />
				<!-- <result do="view.template" /> -->
				<result do="view.templateResponsive" /> 
			</results>
			<views>
				<include name="body" template="strategy/browsestrategies.cfm" />
			</views>
		</event-handler>
		
		<event-handler name="strategy.hidegoalsandchallenges">
			<broadcasts>
				<message name="checkLogin">
					<argument name="role" value="manager" />
					<argument name="section" value="10" />										
				</message>
				<message name="hideGoalAndChallenges"></message>
			</broadcasts>
			<results>
				<result name="NotLoggedIn" do="user.login" redirect="true" />
				<result name="NotAuthorized" do="user.notauthorized" redirect="true" />
				<result do="view.template" />
			</results>
			<views>
				<include name="body" template="strategy/hidegoalsandchallenges.cfm" />
			</views>
		</event-handler>
		<!-- Start : Moved to site.xml -->
		<!-- 
		<event-handler name="strategy.managesites">
			<broadcasts>
				<message name="checkLogin">
					<argument name="role" value="manager" />
					<argument name="section" value="13,410,411,412" />
					<argument name="section" value="13,433,434,436,435,443,444,440,437,442,401,402,410,411,412" />
				</message>
				<message name="getsites">
					<argument name="programfilter" value="currentprogram" />
					<argument name="invisible" value="true" />
				</message>
				<message name="getcohortAccess"></message>
				<message name="getcohortDataList"></message>
			</broadcasts>
			<results>
				<result name="NotLoggedIn" do="user.login" redirect="true" />
				<result name="NotAuthorized" do="user.notauthorized" redirect="true" />
				<result do="view.template" />
			</results>
			<views>
				<include name="body" template="strategy/managesites.cfm" />
			</views>
		</event-handler> 
		-->
		<!-- Stops : Moved to site.xml -->
		
		<!-- Sites-21 Start -->
		<event-handler name="strategy.getstaffassignedtorole">
			<broadcasts>
				<message name="checkLogin">
					<argument name="role" value="manager,submanager,suadmin" />
				</message>
				<message name="getstaffassignedtorole" />	
			</broadcasts>
			<results>
				<result name="NotLoggedIn"   do="user.login" redirect="true" />
				<result name="NotAuthorized" do="user.notauthorized" redirect="true" />
			</results>
			<views>
				<include name="body" template="strategy/getstaffassignedtorole.cfm" />
			</views>
		</event-handler>
		
		<!-- Start : Moved to site.xml -->
		<!-- 
		<event-handler name="strategy.updateSiteAssignments">
			<broadcasts>
				<message name="checkLogin">
					<argument name="role" value="manager,submanager" />
				</message>
				<message name="updateSiteAssignments" />	
			</broadcasts>
			<results>
				<result name="NotLoggedIn"   do="user.login" redirect="true" />
				<result name="NotAuthorized" do="user.notauthorized" redirect="true" />
			</results>
			<views>
				<include name="body" template="strategy/managesites.cfm" />
			</views>
		</event-handler> 
		-->
		
		<!--
		<event-handler name="strategy.siteassignments">
			<broadcasts>
				<message name="checkLogin">
					<argument name="role" value="manager,submanager,suadmin" />
				</message>
				
				<message name="getUsersBasedonSitesAssignments" />
				<message name="getStaffRoleListForSitesAssignments" />
				<message name="getStaff">
						<argument name="children" value="true" />
						<argument name="requireenrolled" value="false" />					
				</message>
			</broadcasts>
			<results>
				<result name="NotLoggedIn"   do="user.login" redirect="true" />
				<result name="NotAuthorized" do="user.notauthorized" redirect="true" />
			</results>
			<views>
				<include name="body" template="strategy/siteassignments.cfm" />
			</views>
		</event-handler> 
		-->
		
		<!-- 
		<event-handler name="strategy.getUsersBasedonSitesAssignments">
			<broadcasts>
				<message name="checkLogin">
					<argument name="role" value="manager,submanager,suadmin" />
				</message>
				<message name="getUsersBasedonSitesAssignments" />
				
				<message name="getStaffRoleListForSitesAssignments" />
				<message name="getStaff">
						<argument name="children" value="true" />
						<argument name="requireenrolled" value="false" />					
				</message>
				
			</broadcasts>
			<results>
				<result name="NotLoggedIn"   do="user.login" redirect="true" />
				<result name="NotAuthorized" do="user.notauthorized" redirect="true" />
			</results>
			<views>
				<include name="body" template="strategy/usersiteassignments.cfm" />
			</views>
		</event-handler> 
		-->
		
		<!-- 
		<event-handler name="strategy.getStaffBasedonSitesAssignments">
			<broadcasts>
				<message name="checkLogin">
					<argument name="role" value="manager,submanager,suadmin" />
				</message>			
				<message name="getStaff">
						<argument name="children" value="true" />
						<argument name="requireenrolled" value="false" />					
				</message>
			</broadcasts>
			<results>
				<result name="NotLoggedIn"   do="user.login" redirect="true" />
				<result name="NotAuthorized" do="user.notauthorized" redirect="true" />
			</results>
			<views>
				<include name="body" template="strategy/staffsiteassignments.cfm" />
			</views>
		</event-handler> 
		-->
		
		<!-- 
		<event-handler name="strategy.getStaffRoleBasedonSitesAssignments">
			<broadcasts>
				<message name="checkLogin">
					<argument name="role" value="manager,submanager,suadmin" />
				</message>			
				<message name="getStaffRoleListForSitesAssignments" />
			</broadcasts>
			<results>
				<result name="NotLoggedIn"   do="user.login" redirect="true" />
				<result name="NotAuthorized" do="user.notauthorized" redirect="true" />
			</results>
			<views>
				<include name="body" template="strategy/staffrolesiteassignments.cfm" />
			</views>
		</event-handler> 
		-->
		
		<!-- 
		<event-handler name="strategy.sitelistingsection">
			<broadcasts>
				<message name="getSiteListingSection" >
					<argument name="programfilter" value="currentprogram" />
					<argument name="invisible" value="true" />
				</message>
			</broadcasts>
			<results>
				<result name="NotLoggedIn" do="user.login" redirect="true" />
				<result name="NotAuthorized" do="user.notauthorized" redirect="true" />
			</results>
			<views/>
		</event-handler> 
		-->
		
		<!-- 
		<event-handler name="strategy.getRelatedSiteValues">
			<broadcasts>
				<message name="getRelatedSiteValues" >
					<argument name="programfilter" value="currentprogram" />
					<argument name="invisible" value="true" />
				</message>
			</broadcasts>
			<results>
				<result name="NotLoggedIn" do="user.login" redirect="true" />
				<result name="NotAuthorized" do="user.notauthorized" redirect="true" />
			</results>
			<views/>
		</event-handler> 
		-->
		<!-- Stops : Moved to site.xml -->
		
		<event-handler name="strategy.getAssociateData">
			<broadcasts>
				<message name="checkLogin">
					<argument name="role" value="manager" />
				</message>				
				<message name="getAssociateData" />
			</broadcasts>
			<results>
				<result name="NotLoggedIn" do="user.login" redirect="true" />
				<result name="NotAuthorized" do="user.notauthorized" redirect="true" />
			</results>
			<views/>
		</event-handler>
		
		<event-handler name="strategy.getSiteAfterValidate">
			<broadcasts>
				<message name="checkLogin">
					<argument name="role" value="manager" />
				</message>				
				<message name="getSiteAfterValidate" />
			</broadcasts>
			<results>
				<result name="NotLoggedIn" do="user.login" redirect="true" />
				<result name="NotAuthorized" do="user.notauthorized" redirect="true" />
			</results>
			<views>
				<include name="body" template="strategy/validatemultiplesitepopup.cfm" />
			</views>
		</event-handler>
		
		<event-handler name="strategy.getRemoveMultipleSite">
			<broadcasts>
				<message name="checkLogin">
					<argument name="role" value="manager" />
				</message>			
				<message name="getRemoveMultipleSite" />
			</broadcasts>
			<results>
				<result name="NotLoggedIn" do="user.login" redirect="true" />
				<result name="NotAuthorized" do="user.notauthorized" redirect="true" />
			</results>
			<views />
		</event-handler>
		
		<!-- Start : Moved to site.xml -->
		<!-- 
		<event-handler name="strategy.managesitesaction">
			<broadcasts>
				<message name="checkLogin">
					<argument name="role" value="manager" />
				</message>
				<message name="processManageSites" />
			</broadcasts>
			<results>
				<result name="NotLoggedIn" do="user.login" redirect="true" />
				<result name="NotAuthorized" do="user.notauthorized" redirect="true" />
			</results>
			<views />
		</event-handler> 
		-->
		<!-- Stops : Moved to site.xml -->
		<!--	Sitemanage-195
		<event-handler name="strategy.editsitesprocess">
			<broadcasts>
				<message name="checkLogin">
					<argument name="role" value="manager" />
				</message>
				<message name="processEditSites" />
			</broadcasts>
			<results>
				<result name="NotLoggedIn" do="user.login" redirect="true" />
				<result name="NotAuthorized" do="user.notauthorized" redirect="true" />
			</results>
			<views />
		</event-handler>
		-->
		<event-handler name="strategy.managestrategies">
			<broadcasts>
				<message name="checkLogin">
					<argument name="role" value="suadmin,manager" />
					<argument name="section" value="5" />					
				</message>
				<message name="manageStrategies"></message>
				<message name="getClients"></message>
				<message name="getGradeLevels"></message>
				<message name="getReadingLevel"></message>
				<message name="getReadingComp"></message>				
				<message name="getTopics"></message>	
			</broadcasts>
			<results>
				<result name="newspecialstrategy" do="strategy.newspecialstrategy" redirect="true"/>
				<result name="NotLoggedIn" do="user.login" redirect="true" />
				<result name="NotAuthorized" do="user.notauthorized" redirect="true" />
				<result do="view.template" />
			</results>
			<views>
				<include name="body" template="strategy/managestrategies.cfm" />
			</views>
		</event-handler>
		
		<event-handler name="strategy.adultliteracystrategy">
			<broadcasts>
				<message name="checkLogin">
					<argument name="role" value="suadmin" />
					<argument name="section" value="5" />					
				</message>
				<message name="manageNewSpecialStrategies"></message>
				<message name="getClients"></message>
				<message name="getGradeLevels"></message>
				<message name="getReadingLevel"></message>
				<message name="getReadingComp"></message>				
				<message name="getTopics"></message>	
			</broadcasts>
			<results>
				<result name="NotLoggedIn" do="user.login" redirect="true" />
				<result name="NotAuthorized" do="user.notauthorized" redirect="true" />
				<result do="view.template" />
			</results>
			<views>
				<include name="body" template="strategy/managestrategies.cfm" />
			</views>
		</event-handler>
		
		<event-handler name="strategy.interpersonalstrategy">
			<broadcasts>
				<message name="checkLogin">
					<argument name="role" value="suadmin" />
					<argument name="section" value="5" />					
				</message>
				<message name="manageInterPersonalStrategies"></message>
				<message name="getClients"></message>
				<message name="getGradeLevels"></message>
				<message name="getReadingLevel"></message>
				<message name="getReadingComp"></message>				
				<message name="getTopics"></message>	
			</broadcasts>
			<results>
				<result name="NotLoggedIn" do="user.login" redirect="true" />
				<result name="NotAuthorized" do="user.notauthorized" redirect="true" />
				<result do="view.template" />
			</results>
			<views>
				<include name="body" template="strategy/managestrategies.cfm" />
			</views>
		</event-handler>
		
		
		<event-handler name="strategy.modifystrategy">
			<broadcasts>
				<message name="checkLogin">
					<argument name="role" value="suadmin,manager" />
					<argument name="section" value="5" />
				</message>	
				<message name="getGradeLevels"></message>
				<message name="getStrategyHT"></message>
				<message name="getArrangements"></message>
				<message name="getSuccessStory"></message>
				<message name="getTierTwoTopics"></message>
			</broadcasts>
			<results>
				<result name="NotLoggedIn"   do="user.login" redirect="true" />
				<result name="NotAuthorized" do="user.notauthorized" redirect="true" />
				<result do="view.template" />
			</results>
			<views>
				<include name="body" template="strategy/modifystrategy.cfm" />
			</views>
		</event-handler>
		
		<event-handler name="strategy.modifystrategyaction">
			<broadcasts>
				<message name="modifystrategyaction"></message>
			</broadcasts>
			<results>
				<result name="Bad"  do="strategy.modifystrategy" redirect="true" />
				<result name="Good" do="strategy.managestrategies" redirect="true" />
			</results>			
		</event-handler>

		<event-handler name="strategy.removesite">
			<broadcasts>
				<message name="checkLogin">
					<argument name="role" value="manager" />
				</message>
				<message name="getsites">
					<argument name="programfilter" value="currentprogram" />
					<argument name="invisible" value="true" />
				</message>				
				<message name="removeSite" />
			</broadcasts>
			<results>
				<result name="NotLoggedIn" do="user.login" redirect="true" />
				<result name="NotAuthorized" do="user.notauthorized" redirect="true" />
				<result do="site.managesites" redirect="true" /> <!-- SiteManage-2 -->
			</results>
			<views />
		</event-handler>
		<event-handler name="strategy.validatebeforeremovingsite">
			<broadcasts>
				<message name="checkLogin">
					<argument name="role" value="manager" />
				</message>
			<!--	<message name="getsites">
					<argument name="programfilter" value="currentprogram" />
					<argument name="invisible" value="true" />
				</message>-->				
				<message name="validateSite" />
			</broadcasts>
			<results>
				<result name="NotLoggedIn" do="user.login" redirect="true" />
				<result name="NotAuthorized" do="user.notauthorized" redirect="true" />
				<!--<result do="strategy.managesites" redirect="true" />-->
			</results>
			<views>
				<include name="body" template="strategy/validatesitepopup.cfm" />
			</views>
		</event-handler>
		<event-handler name="strategy.restoresite">
			<broadcasts>
				<message name="checkLogin">
					<argument name="role" value="manager" />
				</message>
				<message name="restoreSite" />
			</broadcasts>
			<results>
				<result name="NotLoggedIn" do="user.login" redirect="true" />
				<result name="NotAuthorized" do="user.notauthorized" redirect="true" />
				<result do="site.managesites" redirect="true" /><!-- Sitemanage-2 -->
			</results>
			<views />
		</event-handler>
		
		<event-handler name="strategy.selectedchallenges">
			<broadcasts>
				<message name="checkLogin">
					<argument name="role" value="suadmin,manager,volunteer" />
				</message>	
				<message name="getTopicsByProgram"></message>
				<message name="getChallenges"></message>
			</broadcasts>
			<results>
				<result name="NotLoggedIn" do="user.login" redirect="true" />
				<result name="NotAuthorized" do="user.notauthorized" redirect="true" />
				<!-- <result do="view.template" /> -->
				<result do="view.templateResponsive" />
			</results>
			<views>
				<include name="body" template="strategy/selectedchallenges.cfm" />
			</views>
		</event-handler>
		
		<event-handler name="strategy.getsearchsuggestionsAjax">
			<broadcasts>
				<message name="checkLogin">
					<argument name="role" value="suadmin,manager,volunteer,umbrella" />	
				</message>
				<message name="getsearchsuggestionsAjax"></message>
			</broadcasts>
			<results>
				<result name="NotLoggedIn" do="user.login" redirect="true" />
				<result name="NotAuthorized" do="user.notauthorized" redirect="true" />
			</results> 
			<views>
				<include name="body" template="strategy/getsearchsuggestionsAjax.cfm" />
			</views>
		</event-handler>
		
		<event-handler name="strategy.topicSelectorAjax">
			<broadcasts>
				<message name="checkLogin">
					<argument name="role" value="suadmin,manager,volunteer,umbrella" />	
				</message>
				<message name="getStrategyHT"></message>
				<message name="topicSelectorAjax"></message>
			</broadcasts>
			<results>
				<result name="NotLoggedIn" do="user.login" redirect="true" />
				<result name="NotAuthorized" do="user.notauthorized" redirect="true" />
			</results> 
			<views>
				<include name="body" template="strategy/topicSelectorAjax.cfm" />
			</views>
		</event-handler>	
		
		<event-handler name="strategy.selectedstrategies">
			<broadcasts>
				<message name="checkLogin">
					<argument name="role" value="suadmin,manager,volunteer,umbrella" />
				</message>
				<message name="checkTopic"></message>
				<message name="selectedStrategies"></message>				
			</broadcasts>
			<results>
				<result name="NotLoggedIn" do="user.login" redirect="true" />
				<result name="NotAuthorized" do="user.notauthorized" redirect="true" />
				<!-- <result do="view.template" /> -->
				<result do="view.templateResponsive" /> 
			</results>
			<views>
				<include name="body" template="strategy/selectedstrategies.cfm" />
			</views>
		</event-handler>

		<event-handler name="strategy.sharestrategy">
			<broadcasts>
				<message name="checkLogin">
					<argument name="role" value="suadmin,manager,volunteer,umbrella,submanager" />
					<argument name="section" value="4" />			
					<!-- this means, ignore section for the role -->							
					<argument name="nosection" value="volunteer" />
				</message>	
				<message name="getGradeLevels"></message>
				<message name="getStrategyHT"></message>
				<message name="getStrategySites"></message>
				<message name="getArrangements"></message>
				<message name="getTier"></message>
			</broadcasts>
			<results>
				<result name="NotLoggedIn" do="user.login" redirect="true" />
				<result name="NotAuthorized" do="user.notauthorized" redirect="true" />
				<!-- <result do="view.template" /> -->
				<result do="view.templateResponsive" /> 
			</results>
			<views>
				<include name="body" template="strategy/sharestrategy.cfm" />
			</views>
		</event-handler>	
		
		<event-handler name="strategy.sharethanks">
			<broadcasts />
			<results>
				<result do="view.template" />
			</results>
			<views>
				<include name="body" template="strategy/sharethanks.cfm" />
			</views>
		</event-handler>
		
		<event-handler name="strategy.showhidechallengeaction">
			<broadcasts>
				<message name="showHideChallengeAction"></message>
			</broadcasts>
			<results>
				<result name="Bad"  do="strategy.viewchallengedetail" redirect="true" />
				<result name="Good" do="strategy.viewchallengedetail" redirect="true" />
			</results>			
		</event-handler>	
				
		<event-handler name="strategy.submitstrategyaction">
			<broadcasts>
				<message name="checkAccess" /><!-- MS-129 -->
				<message name="submitStrategyAction"></message>
			</broadcasts>
			<results>
				<result name="Bad"  do="strategy.sharestrategy" redirect="true" />
				<!-- <result name="Good" do="strategy.sharethanks" redirect="true" /> ADMINFUNCT-89 -->
				<result name="Good" do="strategy.sharestrategy" redirect="true" /><!-- ADMINFUNCT-89 -->
				<result name="NotAuthorized" do="user.notauthorized" redirect="true" /><!-- MS-129 -->
			</results>			
		</event-handler>
		
		<event-handler name="strategy.viewchallengedetail">
			<broadcasts>
				<message name="checkLogin">
					<argument name="role" value="suadmin,manager,volunteer,submanager" />
				</message>
				<message name="getChallengeDetail"></message>
			</broadcasts>
			<results>
				<result name="NotLoggedIn" do="user.login" redirect="true" />
				<result name="NotAuthorized" do="user.notauthorized" redirect="true" />
				<!-- <result do="view.template" /> -->
				<result do="view.templateResponsive" />
			</results>
			<views>
				<include name="body" template="strategy/viewchallengedetail.cfm" />
			</views>
		</event-handler>			

		
		<event-handler name="strategy.viewstrategydetail">
			<broadcasts>
				<message name="checkLogin">
					<argument name="role" value="suadmin,manager,volunteer,umbrella,submanager" />
				</message>
				<message name="getStrategyDetail"></message>	
				<message name="getResourceDetail"></message>
			</broadcasts>
			<results>
				<result name="NotLoggedIn" do="user.login" redirect="true" />
				<result name="NotAuthorized" do="user.notauthorized" redirect="true" />
				<!-- <result do="view.template" /> -->
				<result do="view.templateResponsive" />
			</results>
			<views>
				<include name="body" template="strategy/viewstrategydetail.cfm" />
			</views>
		</event-handler>
		
		<event-handler name="strategy.viewallstrategies">	
			<broadcasts>
				<message name="checkLogin">
					<argument name="role" value="volunteer" />
				</message>
			</broadcasts>
			<results>
				<result name="NotLoggedIn" do="user.login" redirect="true" />
				<result name="NotAuthorized" do="user.notauthorized" redirect="true" />
				<!-- <result do="view.template" /> -->
					<result do="view.templateResponsive" /> <!-- VS-31-->
			</results>
			<views>
				<include name="body" template="strategy/viewallstrategies.cfm" />
			</views>
		</event-handler>
		
		<event-handler name="strategy.checkSiteNameExist">	
			<broadcasts>
				<message name="checkLogin">
					<argument name="role" value="manager" />
				</message>
				<message name="checkSiteNameExist"/>
			</broadcasts>		
			<views>
				<include name="body" template="strategy/checkSiteNameExist.cfm" />
			</views>
		</event-handler>
		
		<event-handler name="strategy.math">
			<broadcasts>
				<message name="checkLogin">
					<argument name="role" value="suadmin" />
					<argument name="section" value="5" />					
				</message>
				<message name="manageMathStrategies"></message>
				<message name="getClients"></message>
				<message name="getGradeLevels"></message>
				<message name="getReadingLevel"></message>
				<message name="getReadingComp"></message>				
				<message name="getMathTopics"></message>	
			</broadcasts>
			<results>
				<result name="NotLoggedIn" do="user.login" redirect="true" />
				<result name="NotAuthorized" do="user.notauthorized" redirect="true" />
				<result do="view.template" />
			</results>
			<views>
				<include name="body" template="strategy/managestrategies.cfm" />
			</views>
		</event-handler>

		<event-handler name="strategy.mathlocal">
			<broadcasts>
				<message name="checkLogin">
					<argument name="role" value="suadmin" />
					<argument name="section" value="5" />					
				</message>
				<message name="manageMathLocalStrategies"></message>
				<message name="getClients"></message>
				<message name="getGradeLevels"></message>
				<message name="getReadingLevel"></message>
				<message name="getReadingComp"></message>				
				<message name="getMathTopics"></message>	
			</broadcasts>
			<results>
				<result name="NotLoggedIn" do="user.login" redirect="true" />
				<result name="NotAuthorized" do="user.notauthorized" redirect="true" />
				<result do="view.template" />
			</results>
			<views>
				<include name="body" template="strategy/managestrategies.cfm" />
			</views>
		</event-handler>
		<!-- SL:71 Begin Code -->
		<event-handler name="strategy.siteAssignAnySurvey">
			<broadcasts>
				<message name="checkLogin">
					<argument name="role" value="suadmin,manager,volunteer,umbrella,submanager" />
				</message>
				<message name="siteAssignAnySurvey"></message>
			</broadcasts>
			<results>
				<result name="NotLoggedIn" do="user.login" redirect="true" />
				<result name="NotAuthorized" do="user.notauthorized" redirect="true" />				
			</results>			
		</event-handler>
		
		<event-handler name="strategy.activeSurveyForSites">
			<broadcasts>
				<message name="checkLogin">
					<argument name="role" value="manager,submanager" />
      				<argument name="section" value="6,416,417,418" />
				</message>				
				<message name="activeSurveyForSites" />
			</broadcasts>       
			<results>		
				<result name="NotLoggedIn" do="user.login" redirect="true" />
				<result name="NotAuthorized" do="user.notauthorized" redirect="true" />	
			</results>
			<views>
				<include name="body" template="strategy/SurveyForSites.cfm" />
			</views>
		</event-handler>
		<!-- SL:71 End Code -->
		<!-- Adminfunct-94 Start -->
		<event-handler name="strategy.getUnreviewedStrategies">
			<broadcasts>
				<message name="checkLogin">
					<argument name="role" value="manager,submanager" />
      				<argument name="section" value="6,416,417,418" />
				</message>				
				<message name="getUnreviewedStrategies" />
			</broadcasts>       
			<results>		
				<result name="NotLoggedIn" do="user.login" redirect="true" />
				<result name="NotAuthorized" do="user.notauthorized" redirect="true" />	
			</results>			
		</event-handler>
		<!-- Adminfunct-94 End -->

		<!-- START : SiteManage-1 -->
		<event-handler name="association.cohortmanagement"><!-- strategy.cohortmanagement -->
			<broadcasts>
				<message name="checkLogin">
					<argument name="role" value="manager" />
					<argument name="section" value="470,471,472" />
				</message>
				<message name="getCohortDetails" />
			</broadcasts> 
			<results>
				<result name="NotLoggedIn" do="user.login" redirect="true" />
				<result name="NotAuthorized" do="user.notauthorized" redirect="true" />				
				<result do="view.template" />
			</results>	
			<views>
				<include name="body" template="cohort/createcohort.cfm" />
			</views>	
		</event-handler>
		<event-handler name="strategy.editcohort">
			<broadcasts>
				<message name="checkLogin">
					<argument name="role" value="manager,volunteer,submanager" />
				</message>
				<message name="getCohortDetails" />
				<message name="getStaffListForCohort" />
				<message name="getSiteListForCohort" />
			</broadcasts> 
			<results>
				<result name="NotLoggedIn" do="user.login" redirect="true" />
				<result name="NotAuthorized" do="user.notauthorized" redirect="true" />					
			</results>			
			<views>
				<include name="body" template="cohort/editcohort.cfm" />
			</views>
		</event-handler>
		<event-handler name="strategy.savecohort">
			<broadcasts>
				<message name="checkLogin">
					<argument name="role" value="manager,volunteer,submanager" />
				</message>
				<message name="getCohortDetails" />
				<message name="saveCohort" />
			</broadcasts> 
				<results>
				<result name="NotLoggedIn" do="user.login" redirect="true" />
				<result name="NotAuthorized" do="user.notauthorized" redirect="true" />	
				<result name="Good" do="association.cohortmanagement" redirect="true" />				
				<!-- note on bad they don't show an error, they just return -->
				 <result name="Bad" do="association.cohortmanagement" redirect="true"/> 
				
			</results>
			<views />
		</event-handler>

		<event-handler name="strategy.getcohortList">
			<broadcasts>
				<message name="getCohortListingSection" />					
			</broadcasts>
			<results>
				<result name="NotLoggedIn" do="user.login" redirect="true" />
				<result name="NotAuthorized" do="user.notauthorized" redirect="true" />
			</results>
			<views/>
		</event-handler>

		<event-handler name="strategy.updateCohortSettings">
			<broadcasts>
				<message name="checkLogin">
					<argument name="role" value="manager,volunteer,submanager" />
				</message>
				<message name="updateCohortSettings" />
			</broadcasts> 
			<results>
				<result name="NotLoggedIn" do="user.login" redirect="true" />
				<result name="NotAuthorized" do="user.notauthorized" redirect="true" />					
			</results>	
			<views />
		</event-handler>

		<event-handler name="association.disableCohort"><!-- strategy.disableCohort -->
			<broadcasts>
				<message name="checkLogin">
					<argument name="role" value="manager,volunteer,submanager" />
				</message>
			</broadcasts> 
			<results>
				<result name="NotLoggedIn" do="user.login" redirect="true" />
				<result name="NotAuthorized" do="user.notauthorized" redirect="true" />
				<result do="view.template" />					
			</results>	
			<views>
				<include name="body" template="cohort/delete.cfm" />
			</views>
		</event-handler>

		<event-handler name="association.removeCohort"><!-- strategy.removeCohort -->
			<broadcasts>
				<message name="checkLogin">
					<argument name="role" value="manager,volunteer,submanager" />
				</message>
			</broadcasts> 
			<results>
				<result name="NotLoggedIn" do="user.login" redirect="true" />
				<result name="NotAuthorized" do="user.notauthorized" redirect="true" />
				<result do="view.template" />					
			</results>	
			<views>
				<include name="body" template="cohort/delete.cfm" />
			</views>
		</event-handler>

		<event-handler name="strategy.activeChort">
			<broadcasts>
				<message name="checkLogin">
					<argument name="role" value="manager,volunteer,submanager" />
				</message>
			</broadcasts> 
			<results>
				<result name="NotLoggedIn" do="user.login" redirect="true" />
				<result name="NotAuthorized" do="user.notauthorized" redirect="true" />
			</results>	
			<views>
				<include name="body" template="cohort/activeCohort.cfm" />
			</views>
		</event-handler>

		<event-handler name="strategy.updateCohortAssociation">
			<broadcasts>
				<message name="checkLogin">
					<argument name="role" value="manager,volunteer,submanager" />
				</message>
				<message name="updateCohortAssociation" />
			</broadcasts> 
			<results>
				<result name="NotLoggedIn" do="user.login" redirect="true" />
				<result name="NotAuthorized" do="user.notauthorized" redirect="true" />					
			</results>	
			<views />
		</event-handler>

		<event-handler name="strategy.removeCohortFunctionality">
			<broadcasts>
				<message name="checkLogin">
					<argument name="role" value="manager,volunteer,submanager" />
				</message>
				<message name="removeCohortFunctionality" />
			</broadcasts> 
			<results>
				<result name="NotLoggedIn" do="user.login" redirect="true" />
				<result name="NotAuthorized" do="user.notauthorized" redirect="true" />					
			</results>	
			<views />
		</event-handler>

		<!-- END : SiteManage-1 -->

		<!-- Manage Strategies Optimization For SU Start -->
		<event-handler name="strategy.sumanagestrategies">
			<broadcasts>
				<message name="checkLogin">
					<argument name="role" value="suadmin,manager" />
					<argument name="section" value="5" />
				</message>
				<message name="sumanageStrategies"></message>
			</broadcasts>
			<results>
				<result name="NotLoggedIn" do="user.login" redirect="true" />
				<result name="NotAuthorized" do="user.notauthorized" redirect="true" />
				<result do="view.template" />
			</results>
			<views>
				<include name="body" template="strategy/sumanagestrategies.cfm" />
			</views>
		</event-handler>

		<event-handler name="strategy.sumodifystrategy">
			<broadcasts>
				<message name="checkLogin">
					<argument name="role" value="suadmin,manager" />
					<argument name="section" value="5" />
				</message>	
				<message name="getGradeLevels"></message>
				<message name="getStrategyHTSU"></message>
				<message name="getArrangements"></message>
				<message name="getSuccessStorySU"></message>
				<message name="getTierTwoTopics"></message>
			</broadcasts>
			<results>
				<result name="NotLoggedIn"   do="user.login" redirect="true" />
				<result name="NotAuthorized" do="user.notauthorized" redirect="true" />
				<result do="view.template" />
			</results>
			<views>
				<include name="body" template="strategy/sumodifystrategy.cfm" />
			</views>
		</event-handler>

		<event-handler name="strategy.sumodifystrategyaction">
			<broadcasts>
				<message name="modifystrategyaction"></message>
			</broadcasts>
			<results>
				<result name="Bad"  do="strategy.sumodifystrategy" redirect="true" />
				<result name="Good" do="strategy.sumanagestrategies" redirect="true" />
			</results>			
		</event-handler>
		<!-- Manage Strategies Optimization For SU End -->
	</event-handlers>
</modelglue>
