<modelglue>

	<controllers>
		<controller name="timesheetcontroller_api" type="mvcamericalearns.controller.timesheetcontroller">
			<message-listener message="setTSSlotDefaultTimein" function="setTSSlotDefaultTimein" /><!-- TS-644 -->
			<message-listener message="getSitesFortimesheetSiteData" function="getSitesFortimesheetSiteData" /><!-- TS-736 -->
			<message-listener message="reCalculateNotDeductedAccruedHrs" function="reCalculateNotDeductedAccruedHrs" /><!-- TS-736 -->
			<message-listener message="calculateNotDeductedAccruedHrs" function="calculateNotDeductedAccruedHrs" /><!-- TS-736 -->
			<message-listener message="getLimitFilteredTimesheetCategories" function="getLimitFilteredTimesheetCategories" /><!-- TS-736 -->
			<message-listener message="getCategorysSiteLimit" function="getCategorysSiteLimit" /><!-- TS-736 -->
			<message-listener message="checkSitesForVoulnteers" function="checkSitesForVoulnteers" /><!-- TS-736:TS-780 -->
			<message-listener message="updateAccruedHours" function="updateAccruedHours" /><!-- TS-736 -->
			<message-listener message="updateTimeSheetDay" function="updateTimeSheetDay" />
			<message-listener message="getSurveylinkedWithTS" function="getSurveylinkedWithTS" />
		</controller>

		<controller name="usercontroller2" type="mvcamericalearns.controller.usercontroller">
			<message-listener message="requestResetPasswordLink" function="requestResetPasswordLink" />
		</controller>

		<controller name="apicontroller" type="mvcamericalearns.controller.apicontroller">
			<message-listener message="authenticateUser" function="authenticateUser" />
			<message-listener message="getAssociatedVolunteersDetails" function="getAssociatedVolunteersDetails" />
			<message-listener message="setUserNotificationSettingDetails" function="setUserNotificationSettingDetails" />
			<message-listener message="setUserNotificationSettingDetailstest" function="setUserNotificationSettingDetailstest" />
			
			<message-listener message="autoLogin" function="autoLogin" />
			<message-listener message="serializeEventArgValues" function="serializeEventArgValues" />
			<message-listener message="serializeEventArgValues_1" function="serializeEventArgValues_1" />
			<message-listener message="getOnlySavedTimesheetPerdaysByTemplateID" function="getOnlySavedTimesheetPerdaysByTemplateID" />
			<message-listener message="getPeriodsDay" function="getPeriodsDay" />
			<message-listener message="getPerDayCategorydataForPeriod" function="getPerDayCategorydataForPeriod" />
			<message-listener message="getCustomPeriodsforAPI" function="getCustomPeriodsforAPI" />
			<message-listener message="serializeEventArgValues_debug" function="serializeEventArgValues_debug" />
			<message-listener message="getTimesheetsHoursNotReceivingReasons" function="getTimesheetsHoursNotReceivingReasons" />
			<message-listener message="gettimesheettemplatereasons" function="gettimesheettemplatereasons" />
			<message-listener message="getPairdIdAndAssociationData" function="getPairdIdAndAssociationData" />
			<message-listener message="setPeriodsPerDaysformData" function="setPeriodsPerDaysformData" />
			<!-- <message-listener message="updateTimeSheetDayCategoryForApi" function="updateTimeSheetDayCategoryForApi" /> -->
			<message-listener message="getVerifyAndRefreshToken" function="getVerifyAndRefreshToken" />
			<message-listener message="setUserDeviceVersion" function="setUserDeviceVersion" />			
			<message-listener message="removeTimesheetPeriod" function="removeTimesheetPeriod" />
			<message-listener message="getVerifyOldToken" function="getVerifyOldToken" />
			<message-listener message="getUserSitesCategorydataForPeriod" function="getUserSitesCategorydataForPeriod" /> <!-- TSA-275 -->
			<message-listener message="gettimesheetsPeriodCategoryDeatils" function="gettimesheetsPeriodCategoryDeatils" /> <!-- TSA-275 -->

		</controller>

		<!-- <controller name="surveycontroller" type="mvcamericalearns.controller.surveycontroller">
			<message-listener message="OnQueueComplete" function="OnQueueComplete" />			
		</controller> -->
	</controllers>

	<event-handlers>

		<!-- ********	TIMESHEET API CALLs ******** -->

		<!-- Authenticate User -->
		<event-handler name="user.authenticate">
			<broadcasts>
				<message name="authenticateUser" />
				<message name="getAssociatedVolunteersDetails" />
			</broadcasts> 
			<results/>
			<views />
		</event-handler>

		<!-- FORGET PASSWORD -->
		<event-handler name="user.forgotpassword">
			<broadcasts>
				<!-- <message name="requestResetPasswordLink"> requestAnotherPasswordLink
					<argument name="requesttype" value="api" />
				</message> -->
			</broadcasts> 
			<results/>
			<views/>
		</event-handler>

		<!-- Change Notification Settings -->
		<event-handler name="user.notificationsettings">
			<broadcasts>
				<message name="setUserNotificationSettingDetails"/>
			</broadcasts> 
			<results/>
			<views/>
		</event-handler>

		<event-handler name="user.newnotificationsettings">
			<broadcasts>
				<message name="setUserNotificationSettingDetailstest"/>
			</broadcasts> 
			<results/>
			<views/>
		</event-handler>
		
		<!-- My Timesheets -->
		<event-handler name="timesheet.dashboard"> <!-- timesheet.tshome replica for api -->
			<broadcasts>
				<message name="autoLogin"/>
				<!-- <message name="getTutorSurveyEditDetails"/> -->
				<message name="getStatusTemplateForMTS" />
				<message name="getHoursForWhereYouAreAt" />
				<message name="getPaidoffOptionsByTemplateID" />
				<message name="ExistPaidDaysalowdnameFortshome" />
				<message name="getPeriodHistoryByPeriodId" />
				<message name="getTimesheetPerdaysByTemplateID" />
				<!-- <message name="reCalculateNotDeductedAccruedHrs" /> TS-736 -->
				<message name="calculateNotDeductedAccruedHrs" />
				<message name="getSitesAssignedtoVolunteers" />
				<message name="getSites">
					<argument name="invisible" value="true" />
					<argument name="programfilter" value="currentprogram" />
				</message>
				<message name="checkSitesForVoulnteers" />
				<!-- <message name="getPopUpDetailsForVolunteer" /> -->							
				<message name="serializeEventArgValues" />
			</broadcasts> 
			<results/>
				<!-- <result name="NotLoggedIn" do="user.login" redirect="true" />
				<result name="NotAuthorized" do="user.notauthorized" redirect="true" />
				<result name="AccessDenied" do="user.accessdenied" redirect="true" />
				<result do="view.template" />
			</results> -->
			<views/>
				<!-- <include name="body" template="timesheet/timesheethome.cfm" />
			</views> -->
		</event-handler>

		<event-handler name="timesheet.getTimesheets">
			<broadcasts>
				<message name="autoLogin"/>
				<message name="OnQueueComplete" />
				<message name="getStatusTemplateForMTS" />
				<message name="getOnlySavedTimesheetPerdaysByTemplateID" />
				<message name="getSurveylinkedWithTS" />
				<message name="serializeEventArgValues_1" />
			</broadcasts>
			<results>
				<result name="NotLoggedIn" do="user.login" redirect="true" />
				<result name="NotAuthorized" do="user.notauthorized" redirect="true" />
			</results>
		</event-handler>

		<event-handler name="timesheet.getTemplates">
			<broadcasts>
				<message name="autoLogin"/>
				<message name="getStatusTemplateForMTS" />
				<message name="serializeEventArgValues_1" />
			</broadcasts>
			<results>
				<result name="NotLoggedIn" do="user.login" redirect="true" />
				<result name="NotAuthorized" do="user.notauthorized" redirect="true" />
			</results>
		</event-handler>
		
		<event-handler name="user.getSites">
			<broadcasts>
				<message name="autoLogin"/>
				<message name="getSitesAssignedtoVolunteers" />
				<message name="getSites">
					<argument name="invisible" value="true" />
					<argument name="programfilter" value="currentprogram" />
				</message>
				<message name="serializeEventArgValues_1" />
			</broadcasts>
			<results>
				<result name="NotLoggedIn" do="user.login" redirect="true" />
				<result name="NotAuthorized" do="user.notauthorized" redirect="true" />
			</results>
		</event-handler>
		
		<event-handler name="timesheet.periodDetails">
			<broadcasts>
				<message name="getPeriodsDay"/>
			</broadcasts>
			<results/>
		</event-handler>

		<event-handler name="timesheet.periodCategorydataDetails">
			<broadcasts>
				<message name="getPerDayCategorydataForPeriod"/>
				<!-- <message name="getTimesheetCategories"/> -->
			</broadcasts>
			<results/>
		</event-handler>

		<event-handler name="timesheet.getCustomTimesheets">
			<broadcasts>
				<message name="getCustomPeriodsforAPI"/>
			</broadcasts>
			<results/>
		</event-handler>

		<event-handler name="timesheet.submitTimesheetsAPI">
			<broadcasts>
				<message name="getCustomPeriodsforAPI"/>
			</broadcasts>
			<results/>
		</event-handler>

		<event-handler name="timesheet.debugdashboard"> <!-- timesheet.tshome replica for api | debugdashboard -->
			<broadcasts>
				<message name="autoLogin"/>
				<message name="getStatusTemplateForMTS" />
				<message name="getHoursForWhereYouAreAt" />
				<message name="getPaidoffOptionsByTemplateID" />
				<message name="ExistPaidDaysalowdnameFortshome" />
				<message name="getPeriodHistoryByPeriodId" />
				<message name="getTimesheetPerdaysByTemplateID" />
				<message name="reCalculateNotDeductedAccruedHrs" /><!-- TS-736 -->
				<message name="calculateNotDeductedAccruedHrs" />
				<message name="getSitesAssignedtoVolunteers" />
				<message name="getSites">
					<argument name="invisible" value="true" />
					<argument name="programfilter" value="currentprogram" />
				</message>
				<message name="checkSitesForVoulnteers" />						
				<message name="serializeEventArgValues_debug" />
			</broadcasts> 
			<results/>
			<views/>
		</event-handler>

		<event-handler name="timesheet.getTimesheetsHoursNotReceivingReasons">
			<broadcasts>
				<message name="autoLogin"/>
				<message name="getTimesheetsHoursNotReceivingReasons" />
			</broadcasts>
			<results>
				<result name="NotLoggedIn" do="user.login" redirect="true" />
				<result name="NotAuthorized" do="user.notauthorized" redirect="true" />
			</results>
		</event-handler>
		<event-handler name="timesheet.gettimesheettemplatereasons">
			<broadcasts>
				<message name="autoLogin"/>
				<message name="gettimesheettemplatereasons" />
			</broadcasts>
			<results>
				<result name="NotLoggedIn" do="user.login" redirect="true" />
				<result name="NotAuthorized" do="user.notauthorized" redirect="true" />
			</results>
		</event-handler>
		<!-- ********	TIMESHEET API CALLs ******** -->

		<event-handler name="timesheet.submitTimesheetsAPI">
			<broadcasts>
				<message name="autoLogin"/>
				<message name="getPairdIdAndAssociationData"/>
				<message name="setPeriodsPerDaysformData"/>
				<!-- <message name="updateAllPerdaysForPeriod"/>
				<message name="updateTimeSheetPeriod"/>
				<message name="updateAndApplyToAllDays"/>
				<message name="updateTimeSheetDay"/>
				<message name="updateTimeSheetDayCategoryForApi"/> -->
			</broadcasts>
			<results/>
		</event-handler>

		<event-handler name="timesheet.refreshTimeSheetPeriod">
			<broadcasts>
				<message name="autoLogin"/>
				<message name="getAssociatedVolunteersDetails" />
			</broadcasts>
			<results/>
		</event-handler>

		<event-handler name="user.tokenrefresh">
			<broadcasts>
				<message name="autoLogin"/>
				<message name="getVerifyAndRefreshToken" />
			</broadcasts>
			<results/>
		</event-handler>

		<event-handler name="timesheet.deviceVersion">
			<broadcasts>
				<message name="setUserDeviceVersion"/>
			</broadcasts> 
			<results/>
			<views/>
		</event-handler>

		<event-handler name="timesheet.removeTimesheetPeriod">
			<broadcasts>
				<message name="autoLogin"/>
				<message name="removeTimesheetPeriod"/>
			</broadcasts> 
			<results/>
			<views/>
		</event-handler>

		<event-handler name="timesheet.verifyOldToken">
			<broadcasts>
				<message name="getVerifyOldToken" />
			</broadcasts>
			<results/>
		</event-handler>

		<!-- S:TSA-275 -->
		<event-handler name="timesheet.userSitesPeriodCategorydataDetails">
			<broadcasts>
				<message name="autoLogin"/>
				<message name="getSitesAssignedtoVolunteers" />
				<message name="getSites">
					<argument name="invisible" value="true" />
					<argument name="programfilter" value="currentprogram" />
				</message>
				<message name="getUserSitesCategorydataForPeriod"/>
			</broadcasts>
			<results>
				<result name="NotLoggedIn" do="user.login" redirect="true" />
				<result name="NotAuthorized" do="user.notauthorized" redirect="true" />
			</results>
		</event-handler>
		<!-- E:TSA-275 -->

		<!-- S:TSA-289 -->
		<event-handler name="timesheet.timesheetsPeriodCategoryDeatils">
			<broadcasts>
				<message name="autoLogin"/>
				<message name="OnQueueComplete" />
				<message name="getStatusTemplateForMTS" />
				<message name="getOnlySavedTimesheetPerdaysByTemplateID" />
				<message name="getSurveylinkedWithTS" />
				

				<!-- <message name="serializeEventArgValues_1" /> -->
				<!-- <message name="getPerDayCategorydataForPeriod"/> -->
				<!-- <message name="getPeriodsDay"/> -->
				

				<message name="gettimesheetsPeriodCategoryDeatils"/>
			</broadcasts>
			<results>
				<result name="NotLoggedIn" do="user.login" redirect="true" />
				<result name="NotAuthorized" do="user.notauthorized" redirect="true" />
			</results>
		</event-handler>
		<!-- E:TSA-289 -->

	</event-handlers>
</modelglue>
