<modelglue>

	<controllers>
		<controller name="topiccontroller" type="mvcamericalearns.controller.topiccontroller">
			<message-listener message="checkTopic" function="checkTopic" />			
			<message-listener message="getTopics" function="getTopics" />
			<message-listener message="getSubTopics" function="getSubTopics" />
			<message-listener message="getTopicsByProgram" function="getTopicsByProgram" />			
			<message-listener message="getHeadings" function="getHeadings" />
			<message-listener message="getHeadingsByProgram" function="getHeadingsByProgram" />
			<message-listener message="manageheadingsaction" function="manageheadingsaction" />
			<message-listener message="managesubtopicsaction" function="managesubtopicsaction" />
			<message-listener message="managetopicsaction" function="managetopicsaction" />
			<message-listener message="promotetopic" function="promotetopic" />
			<message-listener message="readDefinition" function="readDefinition" />
			<message-listener message="removeHeading" function="removeHeading" />
			<message-listener message="removeTopic" function="removeTopic" />
			<message-listener message="saveDefinition" function="saveDefinition" />
			<message-listener message="showhideheadings" function="showhideheadings" />
			<message-listener message="showHideTopics" function="showHideTopics" />
			<message-listener message="getMathTopics" function="getMathTopics" />
		</controller>
	</controllers>

	<event-handlers>
		<event-handler name="topic.createdefinition">
			<broadcasts>
				<message name="checkLogin">
				</message>
				<message name="getTopics" />				
				<message name="readDefinition"><argument name="extra" value="true" /></message>
			</broadcasts>
			<results>
				<result name="NotLoggedIn" do="user.login" redirect="true" />
				<result name="NotAuthorized" do="user.notauthorized" redirect="true" />
			</results>
			<views>
				<include name="body" template="topic/topicdefinitionform.cfm" />
			</views>
		</event-handler>
		
		<event-handler name="topic.modifydefinition">
			<broadcasts>
				<message name="checkLogin">
				</message>				
				<message name="getTopics" />				
				<message name="readDefinition"><argument name="extra" value="true" /></message>
			</broadcasts>
			<results>
				<result name="NotLoggedIn" do="user.login" redirect="true" />
				<result name="NotAuthorized" do="user.notauthorized" redirect="true" />
			</results>
			<views>
				<include name="body" template="topic/topicdefinitionform.cfm" />
			</views>
		</event-handler>
		
		<event-handler name="topic.savedefinition">
			<broadcasts>
				<message name="checkLogin">
				</message>								
				<message name="saveDefinition"></message>
			</broadcasts>
			<results>
				<result name="NotLoggedIn" do="user.login" redirect="true" />
				<result name="NotAuthorized" do="user.notauthorized" redirect="true" />
				<result name="Good" do="topic.savedefinitionsuccess" redirect="true" />
			</results>	
			<views/>
		</event-handler>	

		<event-handler name="topic.savedefinitionsuccess">
			<broadcasts>
				<message name="checkLogin">
				</message>								
			</broadcasts>
			<results>
				<result name="NotLoggedIn" do="user.login" redirect="true" />
				<result name="NotAuthorized" do="user.notauthorized" redirect="true" />
			</results>	
			<views>
				<include name="body" template="topic/topicdefinitionsuccess.cfm" />
			</views>
		</event-handler>	
				
		<event-handler name="topic.viewdefinition">
			<broadcasts>
				<message name="checkLogin">
				</message>				
				<message name="checkTopic" />
				<message name="getTopics" />								
				<message name="readDefinition"></message>
			</broadcasts>
			<views>
				<include name="body" template="topic/topicdefinition.cfm" />
			</views>
			<results>
				<result name="NotLoggedIn" do="user.login" redirect="true" />
				<result name="NotAuthorized" do="user.notauthorized" redirect="true" />
			</results>
		</event-handler>		
	
		<event-handler name="topic.managetopics">
			<broadcasts>
				<message name="checkLogin">
					<argument name="role" value="suadmin,manager" />
					<argument name="section" value="2" />					
				</message>
				<message name="getTopics" />
				<message name="getHeadings" />
				<message name="getHeadingsByProgram" />
			</broadcasts>
			<results>
				<result name="NotLoggedIn" do="user.login" redirect="true" />
				<result name="NotAuthorized" do="user.notauthorized" redirect="true" />
				<result do="view.template" />
			</results>
			<views>
				<include name="body" template="topic/managetopics.cfm">
					<value name="checkIconManageQuestions" value="1"/>	
				</include>
			</views>
		</event-handler>
		
		<event-handler name="topic.managesubtopics">
			<broadcasts>
				<message name="checkLogin">
					<argument name="role" value="suadmin" />
				</message>
				<message name="getSubTopics"></message>
			</broadcasts>
			<results>
				<result name="NotLoggedIn"   do="user.login" redirect="true" />
				<result name="NotAuthorized" do="user.notauthorized" redirect="true" />
				<result do="view.template" />
			</results>
			<views>
				<include name="body" template="topic/managesubtopics.cfm" />
			</views>
		</event-handler>
		
		<event-handler name="topic.manageheadings">
			<broadcasts>
				<message name="checkLogin">
					<argument name="role" value="suadmin,manager" />
					<argument name="section" value="2" />
				</message>
				<message name="getHeadingsByProgram" />
			</broadcasts>
			<results>
				<result name="NotLoggedIn" do="user.login" redirect="true" />
				<result name="NotAuthorized" do="user.notauthorized" redirect="true" />
				<result do="view.template" />
			</results>
			<views>
				<include name="body" template="topic/manageheadings.cfm" >
					<value name="checkIconManageQuestions" value="1"/>	
				</include>
			</views>
		</event-handler>
		
		<event-handler name="topic.manageheadingsaction">
			<broadcasts>
				<message name="manageheadingsaction">					
				</message>
			</broadcasts>
			<results>
				<result name="Bad"  do="topic.manageheadings" redirect="true" />
				<result name="Good" do="topic.manageheadings" redirect="true" />
			</results>
		</event-handler>
		
		<event-handler name="topic.managesubtopicsaction">
			<broadcasts>
				<message name="managesubtopicsaction">					
				</message>
			</broadcasts>
			<results>
				<result name="Bad"  do="topic.managesubtopics" redirect="true" />
				<result name="Good" do="topic.managesubtopics" redirect="true" />
			</results>
		</event-handler>
		
		<event-handler name="topic.managetopicsaction">
			<broadcasts>
				<message name="managetopicsaction">					
				</message>
			</broadcasts>
			<results>
				<result name="Bad" do="topic.managetopics" redirect="true" />
				<result name="Good" do="topic.managetopics" redirect="true" />
			</results>
		</event-handler>
		
		<event-handler name="topic.promotetopic">
			<broadcasts>
				<message name="promotetopic">					
				</message>
			</broadcasts>
			<results>
				<result name="Bad" do="topic.managetopics" redirect="true" />
				<result name="Good" do="topic.managetopics" redirect="true" />
			</results>
		</event-handler>
		
		<event-handler name="topic.removeTopic">
			<broadcasts>
				<message name="checkLogin">
					<argument name="role" value="suadmin,manager" />
					<argument name="section" value="2" />
				</message>
				<message name="removeTopic" />	
			</broadcasts>
			<results>
				<result name="NotLoggedIn" do="user.login" redirect="true" />				
				<result name="NotAuthorized" do="user.notauthorized" redirect="true" />				
				<result name="Bad" do="topic.managetopics" redirect="true" />
				<result name="Good" do="topic.managetopics" redirect="true" />
			</results>
		</event-handler>
		
		<event-handler name="topic.removeHeading">
			<broadcasts>
				<message name="checkLogin">
					<argument name="role" value="suadmin,manager" />
					<argument name="section" value="2" />
				</message>				
				<message name="getHeadingsByProgram" />
				<message name="removeHeading" />
			</broadcasts>
			<results>
				<result name="NotLoggedIn" do="user.login" redirect="true" />				
				<result name="NotAuthorized" do="user.notauthorized" redirect="true" />
				<result name="Bad" do="topic.manageheadings" redirect="true" />
				<result name="Good" do="topic.manageheadings" redirect="true" />
			</results>
		</event-handler>
		
		<event-handler name="topic.showhideheadings">
			<broadcasts>
				<message name="checkLogin">
				</message>
				<message name="showhideheadings">					
				</message>
			</broadcasts>
			<results>
				<result name="NotLoggedIn" do="user.login" redirect="true" />				
				<result name="NotAuthorized" do="user.notauthorized" redirect="true" />
				<result name="Bad" do="topic.manageheadings" redirect="true" />
				<result name="Good" do="topic.manageheadings" redirect="true" />
			</results>
		</event-handler>
		
		<event-handler name="topic.showhidetopics">
			<broadcasts>
				<message name="checkLogin">
					<argument name="role" value="suadmin,manager" />
					<argument name="section" value="2" />
				</message>				
				<message name="checkTopic" />
				<message name="showHideTopics">					
				</message>
			</broadcasts>
			<results>
				<result name="NotLoggedIn" do="user.login" redirect="true" />
				<result name="NotAuthorized" do="user.notauthorized" redirect="true" />
				<result name="Bad"  do="topic.managetopics" redirect="true" />
				<result name="Good" do="topic.managetopics" redirect="true" />
			</results>
		</event-handler>
				

	</event-handlers>
</modelglue>
