<modelglue>

	<controllers>
		<controller name="umbrellacontroller" type="mvcamericalearns.controller.umbrellacontroller">
			<message-listener message="deleteUmbrella" function="deleteUmbrella" />
			<message-listener message="getUmbrella" function="getUmbrella" />
			<message-listener message="getUmbrellas" function="getUmbrellas" />
			<message-listener message="processUmbrellaUpdate" function="processUmbrellaUpdate" />
			<message-listener message="processUmbrellaProgramUpdate" function="processUmbrellaProgramUpdate" />
			<message-listener message="saveUmbrella" function="saveUmbrella" />
		</controller>
	</controllers>

	<event-handlers>

		<event-handler name="umbrella.addremoveprograms">
			<broadcasts>
				<message name="checkLogin">
					<argument name="role" value="administrator" />
				</message>
				<message name="getUmbrella" />
				<message name="getPrograms" />
				<message name="getProgramsForUmbrella" />
			</broadcasts> 
			<results>
				<result do="view.template" />
			</results>
			<views>
				<include name="body" template="umbrella/addremoveprograms.cfm" />
			</views>
		</event-handler>

		<event-handler name="umbrella.deleteumbrella">
			<broadcasts>
				<message name="checkLogin">
					<argument name="role" value="administrator" />
				</message>
				<message name="deleteUmbrella" />
			</broadcasts> 
			<results>
				<result name="Bad" do="umbrella.umbrellaedit" redirect="true" append="orgid" />
				<result name="Good" do="umbrella.manageumbrellas" redirect="true" />
			</results>
			<views />
		</event-handler>

		<event-handler name="umbrella.manageumbrellas">
			<broadcasts>
				<message name="checkLogin">
					<argument name="role" value="administrator" />
					<argument name="section" value="202" />										
				</message>
				<message name="getUmbrellas" />
			</broadcasts> 
			<results>
				<result name="NotLoggedIn" do="user.login" redirect="true" />
				<result name="NotAuthorized" do="user.notauthorized" redirect="true" />
				<result do="view.template" />
			</results>
			<views>
				<include name="body" template="umbrella/manageumbrellas.cfm" />
			</views>
		</event-handler>

		<event-handler name="umbrella.umbrellaedit">
			<broadcasts>
				<message name="checkLogin">
					<argument name="role" value="administrator" />
					<argument name="section" value="202" />															
				</message>
				<message name="getUmbrella" />
			</broadcasts> 
			<results>
				<result name="NotLoggedIn" do="user.login" redirect="true" />
				<result name="NotAuthorized" do="user.notauthorized" redirect="true" />
				<result do="view.template" />
			</results>
			<views>
				<include name="body" template="umbrella/umbrellaedit.cfm" />
			</views>
		</event-handler>

		<event-handler name="umbrella.updateprograms">
			<broadcasts>
				<message name="checkLogin">
					<argument name="role" value="administrator" />
				</message>
				<message name="processUmbrellaProgramUpdate" />
			</broadcasts> 
			<results>
				<result name="NotLoggedIn" do="user.login" redirect="true" />
				<result name="NotAuthorized" do="user.notauthorized" redirect="true" />
				<result do="umbrella.manageumbrellas" redirect="true" />
			</results>
			<views />
		</event-handler>


		<!-- 
		Umbrella form gets a bit fancy and lets you cancel, update, delete, 
		so we use this event to handle that. Our controller will figure out which to do
		and forward accordingly.
		-->
		<event-handler name="umbrella.updateumbrella">
			<broadcasts>
				<message name="checkLogin">
					<argument name="role" value="administrator" />
					<argument name="section" value="202" />					
				</message>
				<message name="processUmbrellaUpdate" />
			</broadcasts> 
			<results>
				<result name="NotLoggedIn" do="user.login" redirect="true" />
				<result name="NotAuthorized" do="user.notauthorized" redirect="true" />
				<result name="Update" do="umbrella.umbrellasave" />
				<result name="Cancel" do="umbrella.manageumbrellas" redirect="true" />
				<result name="Delete" do="umbrella.deleteumbrella" redirect="true" />
			</results>
			<views />
		</event-handler>

		<event-handler name="umbrella.umbrellasave">
			<broadcasts>
				<message name="checkLogin">
					<argument name="role" value="administrator" />
				</message>
				<message name="saveUmbrella" />
			</broadcasts> 
			<results>
				<result name="NotLoggedIn" do="user.login" redirect="true" />
				<result name="NotAuthorized" do="user.notauthorized" redirect="true" />
				<result name="Bad" do="umbrella.umbrellaedit" redirect="true" append="orgid" />
				<result name="Good" do="umbrella.manageumbrellas" redirect="true" />
			</results>
			<views />
		</event-handler>

	</event-handlers>
</modelglue>
