{
  "gui":{
    "behaviors":[
        {
          "id": "Reload", 
          "enabled":"none" 
        },
        {
          "id": "SaveAsImage",
          "enabled":"all"
        },
        {
          "id": "DownloadPDF", 
          "enabled": "all" 
        },
        {
          "id": "DownloadSVG",
          "enabled": "none"
        },
        {
          "id": "ExportData", 
          "enabled": "none" 
        },
        {
          "id": "Print", 
          "enabled": "all"
        },
        {
          "id": "ViewSource", 
          "enabled": "none" 
        },
        {
          "id": "ViewDataTable", 
          "enabled": "none" 
        },
        {
          "id": "SwitchTo2D", 
          "enabled": "none" 
        }
      ] 
  },
  "graphset": [
    {
      "border-color": "black",
      "legend": {
        "border-color": "#CCCCCC",
        "margin-top": 40,
        "adjust-layout": true,
        "shadow": false,
        "alpha": 1,
        "background-color": "#FFFFFF",
        "visible": "false"
      },
      "tooltip": {
        "font-family": "verdana",
        "color": "#FFFFFF",
        "bold": true,
        "padding": 5,
        "font-size": "12"
      },
      "scale-x": {
        "line-color": "#cccccc",
        "font-family": "verdana",
        "item": {
          "font-family": "verdana",
          "color": "#333333",
          "font-angle": -90,
          "font-size": "12"
        },
        "color": "white",
        "label": {
          "font-family": "verdana",
          "color": "#333333",
          "font-size": "12"
        },
        "bold": true,
        "tick": {
          "line-color": "#cccccc",
          "size": 10,
          "line-width": 1,
          "line-gap-size": 0
        },
        "guide": {
          "line-width": 0
        },
        "line-width": 2,
        "font-size": "12"
      },
      "plot": {
        "tooltip-text": "",
        "shadow-distance": "0",
		"border-color": "black",
        "hover-marker": {
          "size": 3,
          "background-color": "#888888"
        },
        "marker": {
          "size": 3,
          "background-color": "#cccccc"
        },
        "preview": true,
        "value-box": {
          "font-size": "12",
          "font-family": "verdana",
          "text": ""
        },
		"styles":[
			{"background-color":"#00F000", "background-color-2":"#00F000" },
			{"background-color":"#CC0000", "background-color-2":"#CC0000" },
			{"background-color":"#00006E", "background-color-2":"#00006E" },
			{"background-color":"#F2F200", "background-color-2":"#F2F200" },
			{"background-color":"#D800D8", "background-color-2":"#D800D8" },
			{"background-color":"#00C2C2", "background-color-2":"#00C2C2" },
			{"background-color":"#DB6E00", "background-color-2":"#DB6E00" },
			{"background-color":"#0074E7", "background-color-2":"#0074E7" },
			{"background-color":"#00F000", "background-color-2":"#00F000" },
			{"background-color":"#7100E1", "background-color-2":"#7100E1" },
			{"background-color":"#F2F200", "background-color-2":"#F2F200" },
			{"background-color":"#FF0000", "background-color-2":"#FF0000" },
			{"background-color":"#00F000", "background-color-2":"#00F000" },
			{"background-color":"#00C2C2", "background-color-2":"#00C2C2" },
			{"background-color":"#CC00FF", "background-color-2":"#CC00FF" },
			{"background-color":"#DB6E00", "background-color-2":"#DB6E00" },
			{"background-color":"#CC0000", "background-color-2":"#CC0000" },
			{"background-color":"#00006E", "background-color-2":"#00006E" },
			{"background-color":"#F2F200", "background-color-2":"#F2F200" },
			{"background-color":"#D800D8", "background-color-2":"#D800D8" },
			{"background-color":"#00C2C2", "background-color-2":"#00C2C2" },
			{"background-color":"#DB6E00", "background-color-2":"#DB6E00" },
			{"background-color":"#0074E7", "background-color-2":"#0074E7" },
			{"background-color":"#00F000", "background-color-2":"#00F000" },
			{"background-color":"#7100E1", "background-color-2":"#7100E1" },
			{"background-color":"#F2F200", "background-color-2":"#F2F200" },
			{"background-color":"#FF0000", "background-color-2":"#FF0000" },
			{"background-color":"#00F000", "background-color-2":"#00F000" },
			{"background-color":"#00C2C2", "background-color-2":"#00C2C2" },
			{"background-color":"#CC00FF", "background-color-2":"#CC00FF" },
			{"background-color":"#DB6E00", "background-color-2":"#DB6E00" }
			]
      },
      "scale-y": {
        "line-color": "#cccccc",
        "font-family": "verdana",
        "item": {
          "font-family": "verdana",
          "color": "#333333",
          "font-size": "12"
        },
        "format": "%v",
        "color": "#333333",
        "label": {
          "font-family": "verdana",
          "color": "#333333",
          "font-size": "12"
        },
		"guide": {
          "line-width": 0
        },
        "bold": true,
        "tick": {
          "line-color": "#cccccc",
          "size": 10,
          "line-width": 1,
          "line-gap-size": 0
        },
        "line-width": 2,
        "font-size": "12"
      },
      "3d-aspect": {
        "true3d":false, 
		"depth":15,
		"angle":45
      },
      "title": {
        "border-color": "#cccccc",
        "font-family": "verdana",
        "adjust-layout": true,
        "color": "#333333",
        "bold": true,
        "border-width": 1,
        "wrap-text": true,
        "font-size": "12",
        "background-color": "white"
      },
      "plotarea": {
        "margin-right": 30,
        "margin-top": 40,
        "adjust-layout": true,
        "margin-left": 70
      },
      "type": "bar3D",
      "background-color": "white"
    }
  ]
}