{
  "gui":{
    "behaviors":[
        {
          "id": "Reload", 
          "enabled":"none" 
        },
        {
          "id": "SaveAsImage",
          "enabled":"all"
        },
        {
          "id": "DownloadPDF", 
          "enabled": "all" 
        },
        {
          "id": "DownloadSVG",
          "enabled": "none"
        },
        {
          "id": "ExportData", 
          "enabled": "none" 
        },
        {
          "id": "Print", 
          "enabled": "all"
        },
        {
          "id": "ViewSource", 
          "enabled": "none" 
        },
        {
          "id": "ViewDataTable", 
          "enabled": "none" 
        }
      ] 
  },
  "graphset": [
    {
      "border-color": "black",
	  "series":[
			{"background-color":"#FF0000", "background-color-2":"#FF0000" ,"value-box":{"text":""}},
			{"background-color":"#00FF00", "background-color-2":"#00FF00" ,"value-box":{"text":""}},
			{"background-color":"#0000FF", "background-color-2":"#0000FF" ,"value-box":{"text":""}},
			{"background-color":"#00FFFF", "background-color-2":"#00FFFF" ,"value-box":{"text":""}},
			{"background-color":"#FF00FF", "background-color-2":"#FF00FF" ,"value-box":{"text":""}},
			{"background-color":"#FFFF00", "background-color-2":"#FFFF00" ,"value-box":{"text":""}},
			{"background-color":"#0080FF", "background-color-2":"#0080FF" ,"value-box":{"text":""}},
			{"background-color":"#8000FF", "background-color-2":"#8000FF" ,"value-box":{"text":""}},
			{"background-color":"#FF8000", "background-color-2":"#FF8000" ,"value-box":{"text":""}},
			{"background-color":"#00FF80", "background-color-2":"#00FF80" ,"value-box":{"text":""}},
			{"background-color":"#FF0080", "background-color-2":"#FF0080" ,"value-box":{"text":""}},
			{"background-color":"#80FF00", "background-color-2":"#80FF00" ,"value-box":{"text":""}},
			{"background-color":"#FF0000", "background-color-2":"#FF0000" ,"value-box":{"text":""}},
			{"background-color":"#00FF00", "background-color-2":"#00FF00" ,"value-box":{"text":""}},
			{"background-color":"#0000FF", "background-color-2":"#0000FF" ,"value-box":{"text":""}},
			{"background-color":"#00FFFF", "background-color-2":"#00FFFF" ,"value-box":{"text":""}},
			{"background-color":"#FF00FF", "background-color-2":"#FF00FF" ,"value-box":{"text":""}},
			{"background-color":"#FFFF00", "background-color-2":"#FFFF00" ,"value-box":{"text":""}},
			{"background-color":"#0080FF", "background-color-2":"#0080FF" ,"value-box":{"text":""}},
			{"background-color":"#8000FF", "background-color-2":"#8000FF" ,"value-box":{"text":""}},
			{"background-color":"#FF8000", "background-color-2":"#FF8000" ,"value-box":{"text":""}},
			{"background-color":"#00FF80", "background-color-2":"#00FF80" ,"value-box":{"text":""}},
			{"background-color":"#FF0080", "background-color-2":"#FF0080" ,"value-box":{"text":""}},
			{"background-color":"#80FF00", "background-color-2":"#80FF00" ,"value-box":{"text":""}},
			{"background-color":"#FF0000", "background-color-2":"#FF0000" ,"value-box":{"text":""}},
			{"background-color":"#00FF00", "background-color-2":"#00FF00" ,"value-box":{"text":""}},
			{"background-color":"#0000FF", "background-color-2":"#0000FF" ,"value-box":{"text":""}},
			{"background-color":"#00FFFF", "background-color-2":"#00FFFF" ,"value-box":{"text":""}},
			{"background-color":"#FF00FF", "background-color-2":"#FF00FF" ,"value-box":{"text":""}},
			{"background-color":"#FFFF00", "background-color-2":"#FFFF00" ,"value-box":{"text":""}},
			{"background-color":"#0073E5", "background-color-2":"#0073E5" ,"value-box":{"text":""}}
			],
      "legend": {
        "border-color": "black", 
		"layout": "v", "align":"center",
		"width": "100%",
        "item": {"text":"%t  (%node-percent-value%)" },
        "margin-top": 0,		
        "adjust-layout": false,
        "shadow": true,
        "alpha": 1,
        "background-color": "#FFFFFF" 	
      },
      "tooltip": {
        "font-family": "Helvetica",
        "color": "#FFFFFF",
        "bold": true,
        "padding": 5,
        "font-size": 11
      },
      "scale-x": {
        "line-color": "#cccccc",
        "font-family": "Helvetica",
        "item": {
          "font-family": "Helvetica",
          "color": "#333333",
          "font-size": 11
        },
        "color": "#333333",
        "label": {
          "color": "#333333"
        },
        "bold": true,
        "tick": {
          "line-color": "#cccccc",
          "size": 10,
          "line-width": 1,
          "line-gap-size": 0
        },
        "guide": {
          "line-width": 0
        },
        "line-width": 2,
        "font-size": 16
      },
      "plot": {
        "tooltip-text": "",
		"border-color": "black",
        "hover-marker": {
          "size": 3,
          "background-color": "#888888"
        },
        "marker": {
          "size": 3,
          "background-color": "#cccccc"
        },
        "preview": true
		
      },
      "scale-y": {
        "line-color": "#cccccc",
        "font-family": "Helvetica",
        "item": {
          "font-family": "Helvetica",
          "color": "#333333",
          "font-size": 11
        },
        "format": "%v",
        "color": "#333333",
        "label": {
          "color": "#333333"
        },
        "bold": true,
        "tick": {
          "line-color": "#cccccc",
          "size": 10,
          "line-width": 1,
          "line-gap-size": 0
        },
        "line-width": 2,
        "font-size": 16
      },
      "3d-aspect": {
        "true3d": false
      },
      "title": {
        "border-color": "#cccccc",
        "font-family": "Helvetica",
        "adjust-layout": true,
        "color": "#333333",
        "bold": true,
        "border-width": 1,
        "wrap-text": true,
        "font-size": 18,
        "background-color": "white"
      },
      "plotarea": {
        "margin-right": 0,
        "margin-top": 0,
        "adjust-layout": false,
        "margin-left": 0
      },
      "type": "pie",
      "background-color": "white"
    }
  ]
}